image_id,source_dataset,image_path,width,height,sha256,scene_id,split,cls_labels,cls_class,cls_reviewed,det_reviewed,det_boxes,det_classes,seg_polygons,seg_status,duplicate_of,notes
cls:+ve/snap_001.jpg,classification,projects/om_bottle/images/+ve/snap_001.jpg,2537,1927,f9f0e0bfb381a1e618929057cf268fb8f8a330d60faad56c7e39c9095fa296f8,cls:+ve#1,train,good,good,1,,,,0,none,,
cls:+ve/snap_002.jpg,classification,projects/om_bottle/images/+ve/snap_002.jpg,2537,1927,7b59781a526465cd8011a280934412a34ceb5292d0628cad35a4cb5909e3171b,cls:+ve#1,train,good,good,1,,,,0,none,,
cls:+ve/snap_003.jpg,classification,projects/om_bottle/images/+ve/snap_003.jpg,2537,1927,3392c1975d14b090e636454741a9840c0be2286eddc2fe696d5d6b49e334532d,cls:+ve#1,train,good,good,1,,,,0,none,,
cls:+ve/snap_004.jpg,classification,projects/om_bottle/images/+ve/snap_004.jpg,2537,1927,ef321bf39eac6e8c96b66b4ae97d2b98a0fadc286137dec34cdece16663016a4,cls:+ve#1,train,good,good,1,,,,0,none,,
cls:+ve/snap_005.jpg,classification,projects/om_bottle/images/+ve/snap_005.jpg,2537,1927,b15af22f8e2d88b4227da69e5494e5c621af504e5ef7b281bace66d9c12b1fbd,cls:+ve#1,train,good,good,1,,,,0,none,,
cls:+ve/snap_006.jpg,classification,projects/om_bottle/images/+ve/snap_006.jpg,2537,1927,af8b8e68aee56fbafdd73c11e052ed2d9657fc6f9cd8c90274a60125b20c8616,cls:+ve#1,train,good,good,1,,,,0,none,,
cls:+ve/snap_007.jpg,classification,projects/om_bottle/images/+ve/snap_007.jpg,2537,1927,2c6a4265c8e67e571f95d985a0a5fa6ce2fd8ba84140a299a385388af862a2db,cls:+ve#1,train,good,good,1,,,,0,none,,
cls:+ve/snap_008.jpg,classification,projects/om_bottle/images/+ve/snap_008.jpg,2537,1927,abd0bfb996f80d66f0697d749c94bcfee961f46e8e14f2fe0c5585d5bf2dafcc,cls:+ve#1,train,good,good,1,,,,0,none,,
cls:+ve/snap_009.jpg,classification,projects/om_bottle/images/+ve/snap_009.jpg,2537,1927,dedc3698f05f8f43ea298b0ee63cf15c321e63236d141466ea434669655f9ebe,cls:+ve#1,train,good,good,1,,,,0,none,,
cls:+ve/snap_010.jpg,classification,projects/om_bottle/images/+ve/snap_010.jpg,2537,1927,bba29c9c8e8b365d5becf86dbc0cc387593cb9a5e3119a063fbfc458edaf1439,cls:+ve#1,train,good,good,1,,,,0,none,,
cls:+ve/snap_011.jpg,classification,projects/om_bottle/images/+ve/snap_011.jpg,2537,1927,2a0cceeff444df55b1be1925a3207184f8c75e34d858e4e21798425f05701aea,cls:+ve#2,train,good,good,1,,,,0,none,,
cls:+ve/snap_012.jpg,classification,projects/om_bottle/images/+ve/snap_012.jpg,2537,1927,df07bc6d1a01d44e142d7c7feb7672377b9ef26eac6b6e78d0782752e6716738,cls:+ve#2,train,good,good,1,,,,0,none,,
cls:+ve/snap_013.jpg,classification,projects/om_bottle/images/+ve/snap_013.jpg,2537,1927,6dc0be122b88218d7723ca17adee8016a3e82a5722353265dd687fde95ea095e,cls:+ve#2,train,good,good,1,,,,0,none,,
cls:+ve/snap_014.jpg,classification,projects/om_bottle/images/+ve/snap_014.jpg,2537,1927,5d19d4a998f10a3228b131081b4771c22a6501b2cc9bbc460011fb52022db04e,cls:+ve#2,train,good,good,1,,,,0,none,,
cls:+ve/snap_015.jpg,classification,projects/om_bottle/images/+ve/snap_015.jpg,2537,1927,2d0847dc004479ef4beb806bba7cbc56caa18128c8cc2583af375893c1ab04c0,cls:+ve#2,train,good,good,1,,,,0,none,,
cls:+ve/snap_016.jpg,classification,projects/om_bottle/images/+ve/snap_016.jpg,2537,1927,d112df2d97c417ca2f9f06586868a73d2bf8395607782c36af8682b3945b03d6,cls:+ve#2,train,good,good,1,,,,0,none,,
cls:+ve/snap_017.jpg,classification,projects/om_bottle/images/+ve/snap_017.jpg,2537,1927,0764c0e2bae08c5f580d786a78010ddd842b9be0f9a2ebc47f5e9cf21af4513f,cls:+ve#2,train,good,good,1,,,,0,none,,
cls:+ve/snap_018.jpg,classification,projects/om_bottle/images/+ve/snap_018.jpg,2537,1927,b6f4959af6ddaa2084b32d2ef4e2f57302baa52c0a920fa03cccee8f2ff00241,cls:+ve#2,train,good,good,1,,,,0,none,,
cls:+ve/snap_019.jpg,classification,projects/om_bottle/images/+ve/snap_019.jpg,2537,1927,c5c880237cb547b316f33a15c84150f6594bd74bf1616dea522b68dab99f3b94,cls:+ve#2,train,good,good,1,,,,0,none,,
cls:+ve/snap_020.jpg,classification,projects/om_bottle/images/+ve/snap_020.jpg,2537,1927,7aa3c1b5ceecd0ea0cdaf9174483f5bb19ecb625b7c92255866b5d01eb96c2ac,cls:+ve#2,train,good,good,1,,,,0,none,,
cls:+ve/snap_021.jpg,classification,projects/om_bottle/images/+ve/snap_021.jpg,2537,1927,294bab08238f093d7ecf64d5d37d186c2d6d7e1f7fc212482b9ac7941f6784b2,cls:+ve#3,val,good,good,1,,,,0,none,,
cls:+ve/snap_022.jpg,classification,projects/om_bottle/images/+ve/snap_022.jpg,2537,1927,85448cf9d79c713f508f9bd233f37163a22d8d4e14dcae7a8f4c5e1dc1ff9b72,cls:+ve#3,val,good,good,1,,,,0,none,,
cls:+ve/snap_023.jpg,classification,projects/om_bottle/images/+ve/snap_023.jpg,2537,1927,ed3fc53cfbd124c5b7c8821eb773a32f84e68f597573d389659099bb8938680d,cls:+ve#3,val,good,good,1,,,,0,none,,
cls:+ve/snap_024.jpg,classification,projects/om_bottle/images/+ve/snap_024.jpg,2537,1927,6d9194ebc5b71c37cd39d2fc17983d8a2c2168bfa8c615923f4b68728e7a7875,cls:+ve#3,val,good,good,1,,,,0,none,,
cls:+ve/snap_025.jpg,classification,projects/om_bottle/images/+ve/snap_025.jpg,2537,1927,0170a635161834a16f0a6c19723f73e369055e795c7548b35f2ea53359e8ede1,cls:+ve#3,val,good,good,1,,,,0,none,,
cls:+ve/snap_026.jpg,classification,projects/om_bottle/images/+ve/snap_026.jpg,2537,1927,781e0686af66fbb8f855f0f54f7a87a4708d38d34ccb1eeecb9ea4c6c99530f2,cls:+ve#3,val,good,good,1,,,,0,none,,
cls:+ve/snap_027.jpg,classification,projects/om_bottle/images/+ve/snap_027.jpg,2537,1927,6f2b99e039f5e364d19ff223faf0fabb5fa073599448252f321a7e2c4bf2a819,cls:+ve#3,val,good,good,1,,,,0,none,,
cls:+ve/snap_028.jpg,classification,projects/om_bottle/images/+ve/snap_028.jpg,2537,1927,c9a5b2eab4c494485fa178cd0768c7c180db06b82a4ad31de19209064af6f0d3,cls:+ve#3,val,good,good,1,,,,0,none,,
cls:+ve/snap_029.jpg,classification,projects/om_bottle/images/+ve/snap_029.jpg,2537,1927,a8fbc6ecdc035b55703785cd91f59937386352082576833f6b56545720ecb59a,cls:+ve#3,val,good,good,1,,,,0,none,,
cls:+ve/snap_030.jpg,classification,projects/om_bottle/images/+ve/snap_030.jpg,2537,1927,ecb3086fcddeb3a13ea8abbc2b1b4514a858ed0a2fe4456d1880ab185a09fb7c,cls:+ve#3,val,good,good,1,,,,0,none,,
cls:+ve/snap_031.jpg,classification,projects/om_bottle/images/+ve/snap_031.jpg,2537,1927,bc3008ea2b90cff757d85cbad0f56e060bdbac7cf650c1b29bf99de1d7baf807,cls:+ve#3,val,good,good,1,,,,0,none,,
cls:+ve/snap_032.jpg,classification,projects/om_bottle/images/+ve/snap_032.jpg,2537,1927,81cb2e0388fd44e0c96ad19dd02f25ce5d8931769071286d41e634c3e33ef9fe,cls:+ve#3,val,good,good,1,,,,0,none,,
cls:+ve/snap_033.jpg,classification,projects/om_bottle/images/+ve/snap_033.jpg,2537,1927,1240e225d83af3e7af119a1bd0445a269c7223ac117402eb28b4b6be3f60fa8f,cls:+ve#4,train,good,good,1,,,,0,none,,
cls:+ve/snap_034.jpg,classification,projects/om_bottle/images/+ve/snap_034.jpg,2537,1927,d3fbbefac21f62dd921b4239f1a2d6b71747227597e0c78762a75d5c8d92b0b7,cls:+ve#4,train,good,good,1,,,,0,none,,
cls:+ve/snap_035.jpg,classification,projects/om_bottle/images/+ve/snap_035.jpg,2537,1927,cdb0950447075cc3741bd20beae33c4bd40f4c387a32380664367a09d550af5c,cls:+ve#4,train,good,good,1,,,,0,none,,
cls:+ve/snap_036.jpg,classification,projects/om_bottle/images/+ve/snap_036.jpg,2537,1927,fc923cc42bbd97d4dd0714449aac47556c21d38122ba6aa14dae772955f46eae,cls:+ve#4,train,good,good,1,,,,0,none,,
cls:+ve/snap_037.jpg,classification,projects/om_bottle/images/+ve/snap_037.jpg,2537,1927,3459ec1ba4e6542b1893fc8acaffac52f1fcd758287014f77a4f7afcc225f9b9,cls:+ve#4,train,good,good,1,,,,0,none,,
cls:+ve/snap_038.jpg,classification,projects/om_bottle/images/+ve/snap_038.jpg,2537,1927,0ca968f8578bac37b414be54eb66c4c7089201d485e7220f493207e8e7daae92,cls:+ve#4,train,good,good,1,,,,0,none,,
cls:+ve/snap_039.jpg,classification,projects/om_bottle/images/+ve/snap_039.jpg,2537,1927,a72c707afe9c29580f8d3eb5e01281d23c3a3a2ccc8ba6eb873a63b5dc01b3c4,cls:+ve#4,train,good,good,1,,,,0,none,,
cls:+ve/snap_040.jpg,classification,projects/om_bottle/images/+ve/snap_040.jpg,2537,1927,8775285f950416d0bae781029281219ac1059793b9b2c51e859a01efbb7875f3,cls:+ve#4,train,good,good,1,,,,0,none,,
cls:+ve/snap_041.jpg,classification,projects/om_bottle/images/+ve/snap_041.jpg,2537,1927,98005c229fae5af7617d77427aea3771d8e31dc2771b48f0c14a0e06e7bdffa7,cls:+ve#5,test,good,good,1,,,,0,none,,
cls:+ve/snap_042.jpg,classification,projects/om_bottle/images/+ve/snap_042.jpg,2537,1927,b3bba6ed09ec90b810f663659757ec0c7f377c3c57d3d4c750dacf6c14750baa,cls:+ve#5,test,good,good,1,,,,0,none,,
cls:+ve/snap_043.jpg,classification,projects/om_bottle/images/+ve/snap_043.jpg,2537,1927,6ff49eedb80946db83d5dc29ad8a9ac5cf242cae76c7ee0ed6560f00b8cb7120,cls:+ve#5,test,good,good,1,,,,0,none,,
cls:+ve/snap_044.jpg,classification,projects/om_bottle/images/+ve/snap_044.jpg,2537,1927,d85b268ecc41b4b0031ca81e8fe0b388ae0f6bd9e40cb2238e349dac7f74fa96,cls:+ve#5,test,good,good,1,,,,0,none,,
cls:+ve/snap_045.jpg,classification,projects/om_bottle/images/+ve/snap_045.jpg,2537,1927,11a20367b47cb708638707717b660255d9648aa9b82aff984d35e3ab8911f55b,cls:+ve#5,test,good,good,1,,,,0,none,,
cls:+ve/snap_046.jpg,classification,projects/om_bottle/images/+ve/snap_046.jpg,2537,1927,0a67c61305b1c5f188533d684fdab0beea57b140d93d1418a00573921e3a85af,cls:+ve#5,test,good,good,1,,,,0,none,,
cls:+ve/snap_047.jpg,classification,projects/om_bottle/images/+ve/snap_047.jpg,2537,1927,5afd7371d3d4b6ec35c49fe8d89ba5cda5978d014595c94c425d26def1c73c32,cls:+ve#5,test,good,good,1,,,,0,none,,
cls:+ve/snap_048.jpg,classification,projects/om_bottle/images/+ve/snap_048.jpg,2537,1927,c009905b597be46a0e825f0728245f776ec2ed5b1b5654767b633ba09bb55ed7,cls:+ve#5,test,good,good,1,,,,0,none,,
cls:+ve/snap_049.jpg,classification,projects/om_bottle/images/+ve/snap_049.jpg,2537,1927,8f3a0f2312e1fb3609056e12b296427be416903963e57bb8914f33b79bc0ca7a,cls:+ve#5,test,good,good,1,,,,0,none,,
cls:+ve/snap_050.jpg,classification,projects/om_bottle/images/+ve/snap_050.jpg,2537,1927,4e5adb33565b61cd11a8b9505939ba7fe0935b91fbf8cb0c8beb1dc117c33f65,cls:+ve#6,train,good,good,1,,,,0,none,,
cls:+ve/snap_051.jpg,classification,projects/om_bottle/images/+ve/snap_051.jpg,2537,1927,9d353aea0c5c9218e894dc836d0b62932eb46ad18a24cb870e6cf4b74d4191aa,cls:+ve#7,test,good,good,1,,,,0,none,,
cls:+ve/snap_052.jpg,classification,projects/om_bottle/images/+ve/snap_052.jpg,2537,1927,956ba3b13f151a5b4e227d896307e5846a5798e5e779d373038bf36d51b204bd,cls:+ve#7,test,good,good,1,,,,0,none,,
cls:+ve/snap_053.jpg,classification,projects/om_bottle/images/+ve/snap_053.jpg,2537,1927,15f36c5926e2b46d0abed64f98c349cf7162e68d6f1fefb0377470e9cb296d4e,cls:+ve#7,test,good,good,1,,,,0,none,,
cls:+ve/snap_054.jpg,classification,projects/om_bottle/images/+ve/snap_054.jpg,2537,1927,e82108f32e824b8f3f44482d12e3b9fd3b12e8f93c6b2d9c88cc56920a50bd73,cls:+ve#7,test,good,good,1,,,,0,none,,
cls:+ve/snap_055.jpg,classification,projects/om_bottle/images/+ve/snap_055.jpg,2537,1927,b263dfa2ab1e2e71b0d5db582779a1acd4d57773c4da4f92b4c7866543197c00,cls:+ve#7,test,good,good,1,,,,0,none,,
cls:+ve/snap_056.jpg,classification,projects/om_bottle/images/+ve/snap_056.jpg,2537,1927,d0c5a951e26535f26fe45de2300dfea3ea8a811186a92fdad46acb887ba196e9,cls:+ve#7,test,good,good,1,,,,0,none,,
cls:+ve/snap_057.jpg,classification,projects/om_bottle/images/+ve/snap_057.jpg,2537,1927,195089e10da563f51ddba335d37c3f3c1d00537ae37de43f7c80e2b876c13ec9,cls:+ve#7,test,good,good,1,,,,0,none,,
cls:+ve/snap_058.jpg,classification,projects/om_bottle/images/+ve/snap_058.jpg,2537,1927,67077278495042344cd8bff93733a74646fc2a5c20c9d3917e040c5f174d6c29,cls:+ve#7,test,good,good,1,,,,0,none,,
cls:+ve/snap_059.jpg,classification,projects/om_bottle/images/+ve/snap_059.jpg,2537,1927,1cd050125d5bde38a914713fb8dd986357c65278fd970cfc26baa2b9570971c6,cls:+ve#7,test,good,good,1,,,,0,none,,
cls:+ve/snap_060.jpg,classification,projects/om_bottle/images/+ve/snap_060.jpg,2537,1927,eb452818b4687e94b22795eaa1f0274acb5f3fd1eba36532a9feb8e094f508dc,cls:+ve#7,test,good,good,1,,,,0,none,,
cls:+ve/snap_061.jpg,classification,projects/om_bottle/images/+ve/snap_061.jpg,2537,1927,9daa86b226913a870e6ac6f6acbe8c16ba9b3ea8892ddd936ed7c8d26284cad0,cls:+ve#8,train,good,good,1,,,,0,none,,
cls:+ve/snap_062.jpg,classification,projects/om_bottle/images/+ve/snap_062.jpg,2537,1927,151d930f2c0464b37ab2e8fc1f14046d1d2ae33bb3f5ec8522367b07ceb8b735,cls:+ve#8,train,good,good,1,,,,0,none,,
cls:+ve/snap_063.jpg,classification,projects/om_bottle/images/+ve/snap_063.jpg,2537,1927,08dce426a949c80a3954b544280d86c27d6ef8161cd4bec4a20d0fbd055aa6ea,cls:+ve#8,train,good,good,1,,,,0,none,,
cls:+ve/snap_064.jpg,classification,projects/om_bottle/images/+ve/snap_064.jpg,2537,1927,0834da225f25764b7a115c158ad7121521f553eed69eda685fdc2697a7318638,cls:+ve#8,train,good,good,1,,,,0,none,,
cls:+ve/snap_065.jpg,classification,projects/om_bottle/images/+ve/snap_065.jpg,2537,1927,ef2a62f59929e8037cd4502fbdd2ba6e05fce2ce3df35306605d511a9ebd2558,cls:+ve#8,train,good,good,1,,,,0,none,,
cls:+ve/snap_066.jpg,classification,projects/om_bottle/images/+ve/snap_066.jpg,2537,1927,563d347aa1fccd653c8a44bd5fb89166e454a07e208db13316cb80da1134886e,cls:+ve#8,train,good,good,1,,,,0,none,,
cls:+ve/snap_067.jpg,classification,projects/om_bottle/images/+ve/snap_067.jpg,2537,1927,34dc3c322b87682957465a71cd5c2ad25e922ca6de704441f054a0ef1d2a2c05,cls:+ve#8,train,good,good,1,,,,0,none,,
cls:+ve/snap_068.jpg,classification,projects/om_bottle/images/+ve/snap_068.jpg,2537,1927,b6a616b313454696b9e6929febc6e18f4a603b63ba769113f323b227014cb99f,cls:+ve#8,train,good,good,1,,,,0,none,,
cls:+ve/snap_069.jpg,classification,projects/om_bottle/images/+ve/snap_069.jpg,2537,1927,762e902ef90260a1a72e612b38ca5320e329a8d6f27b4cbd4c9bab5e13d26690,cls:+ve#8,train,good,good,1,,,,0,none,,
cls:+ve/snap_070.jpg,classification,projects/om_bottle/images/+ve/snap_070.jpg,2537,1927,7edd01f3651cf1ad95964c7432812501154d2582247fe03a80a17d6b7ea95927,cls:+ve#8,train,good,good,1,,,,0,none,,
cls:+ve/snap_071.jpg,classification,projects/om_bottle/images/+ve/snap_071.jpg,2537,1927,b912356005063ccaf02ed792b6f873578ced800b1e7b53aaee85410bf330f06a,cls:+ve#8,train,good,good,1,,,,0,none,,
cls:+ve/snap_072.jpg,classification,projects/om_bottle/images/+ve/snap_072.jpg,2537,1927,6b9513993c92880518e7bca0ea0d7dd11de4d22002792a1dbf73397735abced6,cls:+ve#8,train,good,good,1,,,,0,none,,
cls:-ve/Damaged Bottle/snap_879.jpg,classification,projects/om_bottle/images/-ve/Damaged Bottle/snap_879.jpg,2537,1927,8408d53d500aec4d8d8e6a3ed9ff771fa3f625681d5ffb99a4093a56a064ee06,cls:-ve/Damaged Bottle#1,test,damaged_bottle,damaged_bottle,1,,,,0,none,,
cls:-ve/Damaged Bottle/snap_880.jpg,classification,projects/om_bottle/images/-ve/Damaged Bottle/snap_880.jpg,2537,1927,948e1d4f080e8c2f779f95cd06591b5e13e5f0b80cea828834d789ed7e6be4f0,cls:-ve/Damaged Bottle#1,test,damaged_bottle,damaged_bottle,1,,,,0,none,,
cls:-ve/Damaged Bottle/snap_881.jpg,classification,projects/om_bottle/images/-ve/Damaged Bottle/snap_881.jpg,2537,1927,bbd3d56a102f7781a51cfe3a96d5eac37f29043f3a9001127c87c8568a711da8,cls:-ve/Damaged Bottle#1,test,damaged_bottle,damaged_bottle,1,,,,0,none,,
cls:-ve/Damaged Bottle/snap_882.jpg,classification,projects/om_bottle/images/-ve/Damaged Bottle/snap_882.jpg,2537,1927,11bfaf851796997257d64d5b9ffbf7d78e15321f7aff85bca91ba21ccb7969a0,cls:-ve/Damaged Bottle#1,test,damaged_bottle,damaged_bottle,1,,,,0,none,,
cls:-ve/Damaged Bottle/snap_883.jpg,classification,projects/om_bottle/images/-ve/Damaged Bottle/snap_883.jpg,2537,1927,013046d20b027cc92a39d667538449892f0d51cc9bb940b20db44fc91c4f2f8d,cls:-ve/Damaged Bottle#1,test,damaged_bottle,damaged_bottle,1,,,,0,none,,
cls:-ve/Damaged Bottle/snap_884.jpg,classification,projects/om_bottle/images/-ve/Damaged Bottle/snap_884.jpg,2537,1927,afc1a56828222c19571a64aeb148b85fbb889511ed7b84fc122878a5a6b8104a,cls:-ve/Damaged Bottle#1,test,damaged_bottle,damaged_bottle,1,,,,0,none,,
cls:-ve/Damaged Bottle/snap_885.jpg,classification,projects/om_bottle/images/-ve/Damaged Bottle/snap_885.jpg,2537,1927,56610e67b0254ec8805501f06fa5a8ee5c489c1c3a461e74f207654891827786,cls:-ve/Damaged Bottle#1,test,damaged_bottle,damaged_bottle,1,,,,0,none,,
cls:-ve/Damaged Bottle/snap_886.jpg,classification,projects/om_bottle/images/-ve/Damaged Bottle/snap_886.jpg,2537,1927,136adbba455fac0d4806be6ad4f36bb36ff4d8356078c25eb23a43bc52055085,cls:-ve/Damaged Bottle#2,train,damaged_bottle,damaged_bottle,1,,,,0,none,,
cls:-ve/Damaged Bottle/snap_887.jpg,classification,projects/om_bottle/images/-ve/Damaged Bottle/snap_887.jpg,2537,1927,f2c03459e29d6cba06ce07101c911e4a5a93e706ec81a1304651a8b72f778be1,cls:-ve/Damaged Bottle#2,train,damaged_bottle,damaged_bottle,1,,,,0,none,,
cls:-ve/Damaged Bottle/snap_888.jpg,classification,projects/om_bottle/images/-ve/Damaged Bottle/snap_888.jpg,2537,1927,9857062c473f6edf2a8cbcf6351ceab2a26c3f08685c9342906bd9ecafbc1c94,cls:-ve/Damaged Bottle#2,train,damaged_bottle,damaged_bottle,1,,,,0,none,,
cls:-ve/Damaged Bottle/snap_889.jpg,classification,projects/om_bottle/images/-ve/Damaged Bottle/snap_889.jpg,2537,1927,68ee28f5114e5bcc59d664ba2ec0b27403d1b368b2a6abf3c306b118b96975ab,cls:-ve/Damaged Bottle#2,train,damaged_bottle,damaged_bottle,1,,,,0,none,,
cls:-ve/Damaged Bottle/snap_890.jpg,classification,projects/om_bottle/images/-ve/Damaged Bottle/snap_890.jpg,2537,1927,73e94c0155a17ced54d66401fd0b686b7b612129e919466988b704aaacdfabc8,cls:-ve/Damaged Bottle#2,train,damaged_bottle,damaged_bottle,1,,,,0,none,,
cls:-ve/Damaged Bottle/snap_891.jpg,classification,projects/om_bottle/images/-ve/Damaged Bottle/snap_891.jpg,2537,1927,2c52fbb6dfc06b51f8e86f92d41151b3282852d26a9a3d76752c86abc370a48d,cls:-ve/Damaged Bottle#2,train,damaged_bottle,damaged_bottle,1,,,,0,none,,
cls:-ve/Damaged Bottle/snap_892.jpg,classification,projects/om_bottle/images/-ve/Damaged Bottle/snap_892.jpg,2537,1927,45dfb74c75e155ba3ff176d12c737030b8eb34d5785b15a0f8f66ccbab478351,cls:-ve/Damaged Bottle#2,train,damaged_bottle,damaged_bottle,1,,,,0,none,,
cls:-ve/Damaged Bottle/snap_893.jpg,classification,projects/om_bottle/images/-ve/Damaged Bottle/snap_893.jpg,2537,1927,8afb9fba7dd9c921a58e607c11b3a07f555ba28fa59b1ebc28b30dae7727913e,cls:-ve/Damaged Bottle#2,train,damaged_bottle,damaged_bottle,1,,,,0,none,,
cls:-ve/Damaged Bottle/snap_894.jpg,classification,projects/om_bottle/images/-ve/Damaged Bottle/snap_894.jpg,2537,1927,948e4d9e822d353f227a1707c170c858734cc8e4b23dd376293f203f852819b3,cls:-ve/Damaged Bottle#2,train,damaged_bottle,damaged_bottle,1,,,,0,none,,
cls:-ve/Damaged Bottle/snap_895.jpg,classification,projects/om_bottle/images/-ve/Damaged Bottle/snap_895.jpg,2537,1927,816564133af501ceb2d2d53ea71ab3a423dc947b296bb7fbf694d386d5849999,cls:-ve/Damaged Bottle#3,train,damaged_bottle,damaged_bottle,1,,,,0,none,,
cls:-ve/Damaged Bottle/snap_896.jpg,classification,projects/om_bottle/images/-ve/Damaged Bottle/snap_896.jpg,2537,1927,8561a00468d4c1318b9bcbb7067a2e643b27372ab660634406325d03184225f0,cls:-ve/Damaged Bottle#3,train,damaged_bottle,damaged_bottle,1,,,,0,none,,
cls:-ve/Damaged Bottle/snap_897.jpg,classification,projects/om_bottle/images/-ve/Damaged Bottle/snap_897.jpg,2537,1927,fb41b58e8934a98231f0e308e996ae1e79704e1d01747e1c772abd5cb5212d65,cls:-ve/Damaged Bottle#3,train,damaged_bottle,damaged_bottle,1,,,,0,none,,
cls:-ve/Damaged Bottle/snap_898.jpg,classification,projects/om_bottle/images/-ve/Damaged Bottle/snap_898.jpg,2537,1927,11b8f95cbae9850821b1455e2718b1136c40efdfd53bd6a7b8d4452a2df2a159,cls:-ve/Damaged Bottle#3,train,damaged_bottle,damaged_bottle,1,,,,0,none,,
cls:-ve/Damaged Bottle/snap_899.jpg,classification,projects/om_bottle/images/-ve/Damaged Bottle/snap_899.jpg,2537,1927,637ee0ea1e00dfa6324c2cac11bcf2b1c1884a6834663d20f3eb9957530cd7dc,cls:-ve/Damaged Bottle#3,train,damaged_bottle,damaged_bottle,1,,,,0,none,,
cls:-ve/Damaged Bottle/snap_900.jpg,classification,projects/om_bottle/images/-ve/Damaged Bottle/snap_900.jpg,2537,1927,067617a074c02afe78c7385a0677e451673031cb40fe4c0df9eb85c08c7c1d21,cls:-ve/Damaged Bottle#3,train,damaged_bottle,damaged_bottle,1,,,,0,none,,
cls:-ve/Damaged Bottle/snap_901.jpg,classification,projects/om_bottle/images/-ve/Damaged Bottle/snap_901.jpg,2537,1927,72c307d9f5f372c995015abb91ce9451a820a56220fe2b39bd0a1c66286e945e,cls:-ve/Damaged Bottle#3,train,damaged_bottle,damaged_bottle,1,,,,0,none,,
cls:-ve/Damaged Bottle/snap_902.jpg,classification,projects/om_bottle/images/-ve/Damaged Bottle/snap_902.jpg,2537,1927,9fab9faf47e3edd6652a126b62d96d78bfe61ca72a3259368189d9f58649abbe,cls:-ve/Damaged Bottle#3,train,damaged_bottle,damaged_bottle,1,,,,0,none,,
cls:-ve/Damaged Bottle/snap_903.jpg,classification,projects/om_bottle/images/-ve/Damaged Bottle/snap_903.jpg,2537,1927,02067171b1043a25108b8c3c5186223467725232394acbe64c6783abac7dba0f,cls:-ve/Damaged Bottle#3,train,damaged_bottle,damaged_bottle,1,,,,0,none,,
cls:-ve/Damaged Bottle/snap_904.jpg,classification,projects/om_bottle/images/-ve/Damaged Bottle/snap_904.jpg,2537,1927,ef67ee386a555a5d15c2f91fb1a99c8b3636d1f6b58c6a7e8c50f451e17c7644,cls:-ve/Damaged Bottle#3,train,damaged_bottle,damaged_bottle,1,,,,0,none,,
cls:-ve/Damaged Bottle/snap_905.jpg,classification,projects/om_bottle/images/-ve/Damaged Bottle/snap_905.jpg,2537,1927,41142541082c8746dd9ea1e69d017113050f62bc226913a64262953704520656,cls:-ve/Damaged Bottle#4,train,damaged_bottle,damaged_bottle,1,,,,0,none,,
cls:-ve/Damaged Bottle/snap_906.jpg,classification,projects/om_bottle/images/-ve/Damaged Bottle/snap_906.jpg,2537,1927,15ce6f6c9eadaf8cdeaa834cad419fdfd77345db446cd77b946f838fc4f1ac59,cls:-ve/Damaged Bottle#4,train,damaged_bottle,damaged_bottle,1,,,,0,none,,
cls:-ve/Damaged Bottle/snap_907.jpg,classification,projects/om_bottle/images/-ve/Damaged Bottle/snap_907.jpg,2537,1927,552032df1d142434e5f5aec93733f8bf88b95409a8a6eb37217d33784f709aa8,cls:-ve/Damaged Bottle#4,train,damaged_bottle,damaged_bottle,1,,,,0,none,,
cls:-ve/Damaged Bottle/snap_908.jpg,classification,projects/om_bottle/images/-ve/Damaged Bottle/snap_908.jpg,2537,1927,0a2dd8475327e41373eaf9bfb2ea993e5741093aaed27a61b66fb81d5f4ff50f,cls:-ve/Damaged Bottle#4,train,damaged_bottle,damaged_bottle,1,,,,0,none,,
cls:-ve/Damaged Bottle/snap_909.jpg,classification,projects/om_bottle/images/-ve/Damaged Bottle/snap_909.jpg,2537,1927,6bd9c740ad40ef9817d6f593c6db01d4146113e9a7c395fa597b3af1b32a29c9,cls:-ve/Damaged Bottle#4,train,damaged_bottle,damaged_bottle,1,,,,0,none,,
cls:-ve/Damaged Bottle/snap_910.jpg,classification,projects/om_bottle/images/-ve/Damaged Bottle/snap_910.jpg,2537,1927,8506a62058d398ccd31edcc862d5734b8edfd053c3270cf1209fbe7423ad9f17,cls:-ve/Damaged Bottle#4,train,damaged_bottle,damaged_bottle,1,,,,0,none,,
cls:-ve/Damaged Bottle/snap_911.jpg,classification,projects/om_bottle/images/-ve/Damaged Bottle/snap_911.jpg,2537,1927,c61d6206100d77898efeebf101f157ef8f0a40e4be2bfb236f60fd5d6c697449,cls:-ve/Damaged Bottle#4,train,damaged_bottle,damaged_bottle,1,,,,0,none,,
cls:-ve/Damaged Bottle/snap_912.jpg,classification,projects/om_bottle/images/-ve/Damaged Bottle/snap_912.jpg,2537,1927,fd4f35d4faed5e76193cc5e4d8bf28fd02ffed61ac09731b26fe1ef2413d4110,cls:-ve/Damaged Bottle#4,train,damaged_bottle,damaged_bottle,1,,,,0,none,,
cls:-ve/Damaged Bottle/snap_913.jpg,classification,projects/om_bottle/images/-ve/Damaged Bottle/snap_913.jpg,2537,1927,bbc08514d061845be33b2e00a4630e03cdc6dc4ec699ea3283a580c0a1332afb,cls:-ve/Damaged Bottle#4,train,damaged_bottle,damaged_bottle,1,,,,0,none,,
cls:-ve/Damaged Bottle/snap_914.jpg,classification,projects/om_bottle/images/-ve/Damaged Bottle/snap_914.jpg,2537,1927,5f0236d0600b338a36a58b6b28b60c479ba1c7c50f66e57c69e5eb9fe7942de0,cls:-ve/Damaged Bottle#4,train,damaged_bottle,damaged_bottle,1,,,,0,none,,
cls:-ve/Damaged Bottle/snap_915.jpg,classification,projects/om_bottle/images/-ve/Damaged Bottle/snap_915.jpg,2537,1927,7de0e3910ec5296bee4c73cb2e4053b58815b6d80d32190749abbf0097899742,cls:-ve/Damaged Bottle#4,train,damaged_bottle,damaged_bottle,1,,,,0,none,,
cls:-ve/Damaged Bottle/snap_916.jpg,classification,projects/om_bottle/images/-ve/Damaged Bottle/snap_916.jpg,2537,1927,9e6a314f33d28bbe21ee883f1300a98f3ce3204f7ed628e5e6c9b9003a9e425d,cls:-ve/Damaged Bottle#4,train,damaged_bottle,damaged_bottle,1,,,,0,none,,
cls:-ve/Damaged Bottle/snap_917.jpg,classification,projects/om_bottle/images/-ve/Damaged Bottle/snap_917.jpg,2537,1927,e03272f6de4d332cb040e094448788f8c89e52b11fc0ea2c87db57c4b0ab0b83,cls:-ve/Damaged Bottle#5,train,damaged_bottle,damaged_bottle,1,,,,0,none,,
cls:-ve/Damaged Bottle/snap_918.jpg,classification,projects/om_bottle/images/-ve/Damaged Bottle/snap_918.jpg,2537,1927,92ec54c9308ddcde43e336bcf87cabead995afe363c52f0cee36478231461e3b,cls:-ve/Damaged Bottle#5,train,damaged_bottle,damaged_bottle,1,,,,0,none,,
cls:-ve/Damaged Bottle/snap_919.jpg,classification,projects/om_bottle/images/-ve/Damaged Bottle/snap_919.jpg,2537,1927,965fc5a702677420b9aeb8422ad192351e9a9a194f7158beff27af2cbe6c2d4a,cls:-ve/Damaged Bottle#5,train,damaged_bottle,damaged_bottle,1,,,,0,none,,
cls:-ve/Damaged Bottle/snap_920.jpg,classification,projects/om_bottle/images/-ve/Damaged Bottle/snap_920.jpg,2537,1927,fc4e45865edf040c80412e935df2272d9afa67e2da06063127daaf0fe98dff1b,cls:-ve/Damaged Bottle#5,train,damaged_bottle,damaged_bottle,1,,,,0,none,,
cls:-ve/Damaged Bottle/snap_921.jpg,classification,projects/om_bottle/images/-ve/Damaged Bottle/snap_921.jpg,2537,1927,74a9a17dc4f9b0a05943398c53b9a3ad3c1562df340704a67c6b09d3abae32d5,cls:-ve/Damaged Bottle#5,train,damaged_bottle,damaged_bottle,1,,,,0,none,,
cls:-ve/Damaged Bottle/snap_922.jpg,classification,projects/om_bottle/images/-ve/Damaged Bottle/snap_922.jpg,2537,1927,7d26f3aff9a68ee89843ca9fa20ca242692b0a93713aec376a45e0228a146722,cls:-ve/Damaged Bottle#5,train,damaged_bottle,damaged_bottle,1,,,,0,none,,
cls:-ve/Damaged Bottle/snap_923.jpg,classification,projects/om_bottle/images/-ve/Damaged Bottle/snap_923.jpg,2537,1927,36afcd2dbb29007a439d608c6b62ebde6e7f26f25cc4c4224fac8417e3329827,cls:-ve/Damaged Bottle#5,train,damaged_bottle,damaged_bottle,1,,,,0,none,,
cls:-ve/Damaged Bottle/snap_924.jpg,classification,projects/om_bottle/images/-ve/Damaged Bottle/snap_924.jpg,2537,1927,a77f647f802dff3d8b612936f11ab02f903829c566e847cdfa37dea9dcfea3e4,cls:-ve/Damaged Bottle#5,train,damaged_bottle,damaged_bottle,1,,,,0,none,,
cls:-ve/Damaged Bottle/snap_925.jpg,classification,projects/om_bottle/images/-ve/Damaged Bottle/snap_925.jpg,2537,1927,e66dee0bbbbab23795f13450f75350c71a8ffcbc2edc41a198d8bc8ad27f9eec,cls:-ve/Damaged Bottle#5,train,damaged_bottle,damaged_bottle,1,,,,0,none,,
cls:-ve/Damaged Bottle/snap_926.jpg,classification,projects/om_bottle/images/-ve/Damaged Bottle/snap_926.jpg,2537,1927,da413e1d47249700b239f24d03f9c2b0b71de17a2455653cf14c5de6f0eb1b5b,cls:-ve/Damaged Bottle#5,train,damaged_bottle,damaged_bottle,1,,,,0,none,,
cls:-ve/Damaged Bottle/snap_927.jpg,classification,projects/om_bottle/images/-ve/Damaged Bottle/snap_927.jpg,2537,1927,6d91cfa3940faa8176fd9607a55725f4aa44ec7a05898c29e8d416004fd03290,cls:-ve/Damaged Bottle#5,train,damaged_bottle,damaged_bottle,1,,,,0,none,,
cls:-ve/Damaged Bottle/snap_928.jpg,classification,projects/om_bottle/images/-ve/Damaged Bottle/snap_928.jpg,2537,1927,239d7a2fedd383984a052cb98af55a9ff166a3214accbfc08432a9a1a9179bdd,cls:-ve/Damaged Bottle#5,train,damaged_bottle,damaged_bottle,1,,,,0,none,,
cls:-ve/Damaged Bottle/snap_929.jpg,classification,projects/om_bottle/images/-ve/Damaged Bottle/snap_929.jpg,2537,1927,9bdffdf9264c6f7a5000d6ff536c446712efe465cd568928b1370654444b79b5,cls:-ve/Damaged Bottle#5,train,damaged_bottle,damaged_bottle,1,,,,0,none,,
cls:-ve/Damaged Bottle/snap_930.jpg,classification,projects/om_bottle/images/-ve/Damaged Bottle/snap_930.jpg,2537,1927,410eb4ecaacc5eff6519d8d0b1cd524bec5b221cdf80ea1b7a2ef66d9f095a84,cls:-ve/Damaged Bottle#5,train,damaged_bottle,damaged_bottle,1,,,,0,none,,
cls:-ve/Damaged Bottle/snap_931.jpg,classification,projects/om_bottle/images/-ve/Damaged Bottle/snap_931.jpg,2537,1927,758cce0c7b7e8ce1a0592c7051dd2898be0cfb3a1fbda50e26303e33ff16b624,cls:-ve/Damaged Bottle#6,val,damaged_bottle,damaged_bottle,1,,,,0,none,,
cls:-ve/Damaged Bottle/snap_932.jpg,classification,projects/om_bottle/images/-ve/Damaged Bottle/snap_932.jpg,2537,1927,b6cb37e6ef5a123aecbc3f87bfec9887c717fdcb831ff878351758d34a12255f,cls:-ve/Damaged Bottle#6,val,damaged_bottle,damaged_bottle,1,,,,0,none,,
cls:-ve/Damaged Bottle/snap_933.jpg,classification,projects/om_bottle/images/-ve/Damaged Bottle/snap_933.jpg,2537,1927,4fcad8f04e7422ddaaf3f29670f9d832894cc8fa1715f9b477a825343bbd0c18,cls:-ve/Damaged Bottle#7,train,damaged_bottle,damaged_bottle,1,,,,0,none,,
cls:-ve/Damaged Bottle/snap_934.jpg,classification,projects/om_bottle/images/-ve/Damaged Bottle/snap_934.jpg,2537,1927,4cbf0d6ecc8b350a61b03247586ff4b4081564ef44ab448521888ac6c2e8c96d,cls:-ve/Damaged Bottle#7,train,damaged_bottle,damaged_bottle,1,,,,0,none,,
cls:-ve/Damaged Bottle/snap_935.jpg,classification,projects/om_bottle/images/-ve/Damaged Bottle/snap_935.jpg,2537,1927,99f277ab1a84a213547cbf5b4ec5158545a627316e0177820cb6489f0f7e200c,cls:-ve/Damaged Bottle#7,train,damaged_bottle,damaged_bottle,1,,,,0,none,,
cls:-ve/Damaged Bottle/snap_936.jpg,classification,projects/om_bottle/images/-ve/Damaged Bottle/snap_936.jpg,2537,1927,30cf343df42c38ef2dc44f20446e5db35f907a6ea03604dec30a04e5e407c729,cls:-ve/Damaged Bottle#7,train,damaged_bottle,damaged_bottle,1,,,,0,none,,
cls:-ve/Damaged Bottle/snap_937.jpg,classification,projects/om_bottle/images/-ve/Damaged Bottle/snap_937.jpg,2537,1927,126e856a6e8247b43adbce35d98e835a45eda777ae4570d2a7fe24bdf09d146e,cls:-ve/Damaged Bottle#7,train,damaged_bottle,damaged_bottle,1,,,,0,none,,
cls:-ve/Damaged Bottle/snap_938.jpg,classification,projects/om_bottle/images/-ve/Damaged Bottle/snap_938.jpg,2537,1927,813a928aca4f271e3804dec0b0eb8d3b64db182f7493fae33fa84736e98cb6a6,cls:-ve/Damaged Bottle#8,train,damaged_bottle,damaged_bottle,1,,,,0,none,,
cls:-ve/Damaged Bottle/snap_939.jpg,classification,projects/om_bottle/images/-ve/Damaged Bottle/snap_939.jpg,2537,1927,4b7a7ec5f21a180387938ca709a652a8d4d044965f713cadad7e4f159f71c25e,cls:-ve/Damaged Bottle#8,train,damaged_bottle,damaged_bottle,1,,,,0,none,,
cls:-ve/Damaged Bottle/snap_940.jpg,classification,projects/om_bottle/images/-ve/Damaged Bottle/snap_940.jpg,2537,1927,4a37296fc281ad04b00d9c8ed93a188431deaf34aab2b07a18d14a48b6b052d5,cls:-ve/Damaged Bottle#8,train,damaged_bottle,damaged_bottle,1,,,,0,none,,
cls:-ve/Damaged Bottle/snap_941.jpg,classification,projects/om_bottle/images/-ve/Damaged Bottle/snap_941.jpg,2537,1927,f59fc35ad4f89bd20447108808b421c917e3bfb4b8d4ad05891fe4959dc52808,cls:-ve/Damaged Bottle#8,train,damaged_bottle,damaged_bottle,1,,,,0,none,,
cls:-ve/Damaged Bottle/snap_942.jpg,classification,projects/om_bottle/images/-ve/Damaged Bottle/snap_942.jpg,2537,1927,e474aa2f84360eae568e56e5d3bce97d703c3b1fd05d71d4f87c06b15c4695ef,cls:-ve/Damaged Bottle#8,train,damaged_bottle,damaged_bottle,1,,,,0,none,,
cls:-ve/Damaged Bottle/snap_943.jpg,classification,projects/om_bottle/images/-ve/Damaged Bottle/snap_943.jpg,2537,1927,306cf94456a81e69762c2e16ceec402f782539cefe43caa9a1bc0c93d7e5fb04,cls:-ve/Damaged Bottle#8,train,damaged_bottle,damaged_bottle,1,,,,0,none,,
cls:-ve/Damaged Bottle/snap_944.jpg,classification,projects/om_bottle/images/-ve/Damaged Bottle/snap_944.jpg,2537,1927,b007c19b8b6d72cbfd9520353b0324d43bb570b9fa17680b8e535491c53d798b,cls:-ve/Damaged Bottle#8,train,damaged_bottle,damaged_bottle,1,,,,0,none,,
cls:-ve/Damaged Bottle/snap_945.jpg,classification,projects/om_bottle/images/-ve/Damaged Bottle/snap_945.jpg,2537,1927,79bbd3129fc67e00a26ff8159640cd86a1a06cc01a06ed4464e0e643918ddae0,cls:-ve/Damaged Bottle#8,train,damaged_bottle,damaged_bottle,1,,,,0,none,,
cls:-ve/Damaged Bottle/snap_946.jpg,classification,projects/om_bottle/images/-ve/Damaged Bottle/snap_946.jpg,2537,1927,09737f9283f98431f58f26f1129e998e6770f67c068f98bbf8244a2af2d33255,cls:-ve/Damaged Bottle#8,train,damaged_bottle,damaged_bottle,1,,,,0,none,,
cls:-ve/Damaged Bottle/snap_947.jpg,classification,projects/om_bottle/images/-ve/Damaged Bottle/snap_947.jpg,2537,1927,5ba7e76d35509f93e5f3a3ac2d87eb03c75d805150be5a43a5d8d1f7e2f18260,cls:-ve/Damaged Bottle#8,train,damaged_bottle,damaged_bottle,1,,,,0,none,,
cls:-ve/Damaged Bottle/snap_948.jpg,classification,projects/om_bottle/images/-ve/Damaged Bottle/snap_948.jpg,2537,1927,4fd8c9f5b86d782a78cb2e7a9535028a166eb856fe1f00dcdb8152719d2880a3,cls:-ve/Damaged Bottle#8,train,damaged_bottle,damaged_bottle,1,,,,0,none,,
cls:-ve/Damaged Bottle/snap_949.jpg,classification,projects/om_bottle/images/-ve/Damaged Bottle/snap_949.jpg,2537,1927,2dd165d6c386dcfc17c662fa7aad38b99fb22ebe46818928b511b1404e5bec5a,cls:-ve/Damaged Bottle#8,train,damaged_bottle,damaged_bottle,1,,,,0,none,,
cls:-ve/Damaged Bottle/snap_950.jpg,classification,projects/om_bottle/images/-ve/Damaged Bottle/snap_950.jpg,2537,1927,1a7c0099f240f8b1a7ffd67fd89a8646b2a466f5a64c8266f3eab3d622aae55f,cls:-ve/Damaged Bottle#8,train,damaged_bottle,damaged_bottle,1,,,,0,none,,
cls:-ve/Damaged Bottle/snap_951.jpg,classification,projects/om_bottle/images/-ve/Damaged Bottle/snap_951.jpg,2537,1927,f7b9aaa4bdf692b1b6cb02cf69daa7c9802bd93f07fbf9b563dfbcf114365647,cls:-ve/Damaged Bottle#8,train,damaged_bottle,damaged_bottle,1,,,,0,none,,
cls:-ve/Damaged Bottle/snap_952.jpg,classification,projects/om_bottle/images/-ve/Damaged Bottle/snap_952.jpg,2537,1927,9e55eeeb5ee9277401378bf4256021d1cd3a15767bdec2999c1aae649ac79a9e,cls:-ve/Damaged Bottle#8,train,damaged_bottle,damaged_bottle,1,,,,0,none,,
cls:-ve/Damaged Bottle/snap_953.jpg,classification,projects/om_bottle/images/-ve/Damaged Bottle/snap_953.jpg,2537,1927,0943a2d92ffb4b9247738d85b9c46d6423f784f2938b46d92cc1514fc689598f,cls:-ve/Damaged Bottle#8,train,damaged_bottle,damaged_bottle,1,,,,0,none,,
cls:-ve/Damaged Bottle/snap_954.jpg,classification,projects/om_bottle/images/-ve/Damaged Bottle/snap_954.jpg,2537,1927,fada779644c6af6dc1042deeb80ce60e74df4b84241424854684c8429c8b7b7c,cls:-ve/Damaged Bottle#8,train,damaged_bottle,damaged_bottle,1,,,,0,none,,
cls:-ve/Damaged Bottle/snap_955.jpg,classification,projects/om_bottle/images/-ve/Damaged Bottle/snap_955.jpg,2537,1927,2ff3dbd8f5ffec5dfd995529ab9e2b9e205b0a646d13cf7245d399b6950f3ebe,cls:-ve/Damaged Bottle#8,train,damaged_bottle,damaged_bottle,1,,,,0,none,,
cls:-ve/Damaged Bottle/snap_956.jpg,classification,projects/om_bottle/images/-ve/Damaged Bottle/snap_956.jpg,2537,1927,632cb3f888e2e576716c9c20088c31f216d6c37136b871ab2c2e256de1d4c203,cls:-ve/Damaged Bottle#8,train,damaged_bottle,damaged_bottle,1,,,,0,none,,
cls:-ve/Damaged Bottle/snap_957.jpg,classification,projects/om_bottle/images/-ve/Damaged Bottle/snap_957.jpg,2537,1927,c0aeb3e69c92bd3196f86d3d6f2cd3ddaf71f0002805260ddc557a99ce36a06b,cls:-ve/Damaged Bottle#8,train,damaged_bottle,damaged_bottle,1,,,,0,none,,
cls:-ve/Damaged Bottle/snap_958.jpg,classification,projects/om_bottle/images/-ve/Damaged Bottle/snap_958.jpg,2537,1927,38aa55684b993c85162c485bf32711e5b98ae35b344a4e027a0afc98b8843651,cls:-ve/Damaged Bottle#9,val,damaged_bottle,damaged_bottle,1,,,,0,none,,
cls:-ve/Damaged Bottle/snap_959.jpg,classification,projects/om_bottle/images/-ve/Damaged Bottle/snap_959.jpg,2537,1927,f0569de3e0d5aae7fbde543eaa541e0b6feb1f46518c782de5f8e18cc7c0b877,cls:-ve/Damaged Bottle#9,val,damaged_bottle,damaged_bottle,1,,,,0,none,,
cls:-ve/Damaged Bottle/snap_960.jpg,classification,projects/om_bottle/images/-ve/Damaged Bottle/snap_960.jpg,2537,1927,4ddf603cf77a0eebee079005acb9ca0f2c7eee7a225f71663e9683f0132f8932,cls:-ve/Damaged Bottle#9,val,damaged_bottle,damaged_bottle,1,,,,0,none,,
cls:-ve/Damaged Bottle/snap_961.jpg,classification,projects/om_bottle/images/-ve/Damaged Bottle/snap_961.jpg,2537,1927,cf59bb372f92cfda4bc9cfe6151cafb8b48cfbe1bd30ae71651224261097ba09,cls:-ve/Damaged Bottle#9,val,damaged_bottle,damaged_bottle,1,,,,0,none,,
cls:-ve/Damaged Bottle/snap_962.jpg,classification,projects/om_bottle/images/-ve/Damaged Bottle/snap_962.jpg,2537,1927,1c26c436251230f46ba57bfad480690e206e0852caa6543459bc20a16db16aeb,cls:-ve/Damaged Bottle#9,val,damaged_bottle,damaged_bottle,1,,,,0,none,,
cls:-ve/Damaged Bottle/snap_963.jpg,classification,projects/om_bottle/images/-ve/Damaged Bottle/snap_963.jpg,2537,1927,140a45c17cdc7fa56dc726841c771a509328ecc2ff8d4e2d4d1cb66a8fd93bf9,cls:-ve/Damaged Bottle#9,val,damaged_bottle,damaged_bottle,1,,,,0,none,,
cls:-ve/Damaged Bottle/snap_964.jpg,classification,projects/om_bottle/images/-ve/Damaged Bottle/snap_964.jpg,2537,1927,6677afdaef1f0eda2ae2f69f230d6db3cabe97a25af9661b73dc6a37ee2abf75,cls:-ve/Damaged Bottle#9,val,damaged_bottle,damaged_bottle,1,,,,0,none,,
cls:-ve/Damaged Bottle/snap_965.jpg,classification,projects/om_bottle/images/-ve/Damaged Bottle/snap_965.jpg,2537,1927,d4bc40a74db0cdba690a9f97835474492366067e8f88a3ec2d376d7537cf5931,cls:-ve/Damaged Bottle#9,val,damaged_bottle,damaged_bottle,1,,,,0,none,,
cls:-ve/Damaged Bottle/snap_966.jpg,classification,projects/om_bottle/images/-ve/Damaged Bottle/snap_966.jpg,2537,1927,63e99ceb7869b15d9cf4d38e9e666e88b19e8b074ec8365eab8988f556fd6255,cls:-ve/Damaged Bottle#9,val,damaged_bottle,damaged_bottle,1,,,,0,none,,
cls:-ve/Damaged Bottle/snap_967.jpg,classification,projects/om_bottle/images/-ve/Damaged Bottle/snap_967.jpg,2537,1927,bd4c443634aeb56aa4eb12db379d483f2a6871b150e045fa52eb7b8b0c809624,cls:-ve/Damaged Bottle#9,val,damaged_bottle,damaged_bottle,1,,,,0,none,,
cls:-ve/Damaged Bottle/snap_968.jpg,classification,projects/om_bottle/images/-ve/Damaged Bottle/snap_968.jpg,2537,1927,e43caf8e359a4b6744b660ae43a0e7e31d19d0df87338add459356483882ba47,cls:-ve/Damaged Bottle#9,val,damaged_bottle,damaged_bottle,1,,,,0,none,,
cls:-ve/Damaged Bottle/snap_969.jpg,classification,projects/om_bottle/images/-ve/Damaged Bottle/snap_969.jpg,2537,1927,a8fc2dcf1461c113cd35d616dab2c65e0dd196eecae934fe85746051d66f8790,cls:-ve/Damaged Bottle#9,val,damaged_bottle,damaged_bottle,1,,,,0,none,,
cls:-ve/Damaged Bottle/snap_970.jpg,classification,projects/om_bottle/images/-ve/Damaged Bottle/snap_970.jpg,2537,1927,7e0a8b60d22025673a641f52e26019f91e7b9b6f0ca5027547ea96f5ae1c3f16,cls:-ve/Damaged Bottle#9,val,damaged_bottle,damaged_bottle,1,,,,0,none,,
cls:-ve/Damaged Bottle/snap_971.jpg,classification,projects/om_bottle/images/-ve/Damaged Bottle/snap_971.jpg,2537,1927,20f121348c81f7affa726b89711021b413b9d1065e10fef6893fd70b606142a3,cls:-ve/Damaged Bottle#9,val,damaged_bottle,damaged_bottle,1,,,,0,none,,
cls:-ve/Damaged Bottle/snap_972.jpg,classification,projects/om_bottle/images/-ve/Damaged Bottle/snap_972.jpg,2537,1927,83d4f1ec5230779caedebbed590a8bc14dd5c8e0b748934e2c8d34ee5cb1cf04,cls:-ve/Damaged Bottle#9,val,damaged_bottle,damaged_bottle,1,,,,0,none,,
cls:-ve/Damaged Bottle/snap_973.jpg,classification,projects/om_bottle/images/-ve/Damaged Bottle/snap_973.jpg,2537,1927,0b0d13ad30ef76f85e4ae0193b0677ffea9d87e1be1ced8faa209246a7fe6b23,cls:-ve/Damaged Bottle#9,val,damaged_bottle,damaged_bottle,1,,,,0,none,,
cls:-ve/Damaged Bottle/snap_974.jpg,classification,projects/om_bottle/images/-ve/Damaged Bottle/snap_974.jpg,2537,1927,08f3ed5c2fb8e503179fd49050f7c8f0bb6a4a0c5e39885ce4fa20f2c1fed644,cls:-ve/Damaged Bottle#9,val,damaged_bottle,damaged_bottle,1,,,,0,none,,
cls:-ve/Damaged Bottle/snap_975.jpg,classification,projects/om_bottle/images/-ve/Damaged Bottle/snap_975.jpg,2537,1927,a0d4fd80f482ec847c57da0e5af07b2f4e0d5c7ed456a7408944a82966bc185b,cls:-ve/Damaged Bottle#9,val,damaged_bottle,damaged_bottle,1,,,,0,none,,
cls:-ve/Damaged Bottle/snap_976.jpg,classification,projects/om_bottle/images/-ve/Damaged Bottle/snap_976.jpg,2537,1927,4df69cc93eb39180a575bb4e96d0c34964f780aa634f0f38d8df0d23a9655e87,cls:-ve/Damaged Bottle#9,val,damaged_bottle,damaged_bottle,1,,,,0,none,,
cls:-ve/Damaged Bottle/snap_977.jpg,classification,projects/om_bottle/images/-ve/Damaged Bottle/snap_977.jpg,2537,1927,ff363e12eb9d6799e0c650ba33080e1c8851942386787d73a45250344e5be77f,cls:-ve/Damaged Bottle#9,val,damaged_bottle,damaged_bottle,1,,,,0,none,,
cls:-ve/Damaged Bottle/snap_978.jpg,classification,projects/om_bottle/images/-ve/Damaged Bottle/snap_978.jpg,2537,1927,60506bcd3cbd2955b60d42b5bd70b8577105d190502e8b37e1ebb68f8251fa7d,cls:-ve/Damaged Bottle#10,train,damaged_bottle,damaged_bottle,1,,,,0,none,,
cls:-ve/Damaged Bottle/snap_979.jpg,classification,projects/om_bottle/images/-ve/Damaged Bottle/snap_979.jpg,2537,1927,cf3f7fa32b63c488a67893b26e6047136f1a748b2a1a03fe97dcb8c1713e6f45,cls:-ve/Damaged Bottle#10,train,damaged_bottle,damaged_bottle,1,,,,0,none,,
cls:-ve/Damaged Bottle/snap_980.jpg,classification,projects/om_bottle/images/-ve/Damaged Bottle/snap_980.jpg,2537,1927,448ebd8e413a51bdcfd6bda9c2bd3aff6e019edf7c650e69a9d31c125341023a,cls:-ve/Damaged Bottle#10,train,damaged_bottle,damaged_bottle,1,,,,0,none,,
cls:-ve/Damaged Bottle/snap_981.jpg,classification,projects/om_bottle/images/-ve/Damaged Bottle/snap_981.jpg,2537,1927,7b5c1c0e530382ab62928cb566326a586840ea0579bcd833ddf3bd0d8fc15103,cls:-ve/Damaged Bottle#10,train,damaged_bottle,damaged_bottle,1,,,,0,none,,
cls:-ve/Damaged Bottle/snap_982.jpg,classification,projects/om_bottle/images/-ve/Damaged Bottle/snap_982.jpg,2537,1927,5ff8a5a5100a398b0e8d3d9e2fb4f59b2f042d42f6dc517f9643c491bd88a205,cls:-ve/Damaged Bottle#10,train,damaged_bottle,damaged_bottle,1,,,,0,none,,
cls:-ve/Damaged Bottle/snap_983.jpg,classification,projects/om_bottle/images/-ve/Damaged Bottle/snap_983.jpg,2537,1927,db7ba6434e78d1e5307233b4039a6258b340f2cf36cafca0048643de295a7c83,cls:-ve/Damaged Bottle#10,train,damaged_bottle,damaged_bottle,1,,,,0,none,,
cls:-ve/Damaged Bottle/snap_984.jpg,classification,projects/om_bottle/images/-ve/Damaged Bottle/snap_984.jpg,2537,1927,bc483a740f197feac926d279e6f4b9b81cb3bd6268f0e9ea0bd07894cd267e18,cls:-ve/Damaged Bottle#10,train,damaged_bottle,damaged_bottle,1,,,,0,none,,
cls:-ve/Damaged Bottle/snap_985.jpg,classification,projects/om_bottle/images/-ve/Damaged Bottle/snap_985.jpg,2537,1927,19435f0fc448382ad9a2d4efbb5db45209f0d294caf97131f0dd1dcf169562cf,cls:-ve/Damaged Bottle#10,train,damaged_bottle,damaged_bottle,1,,,,0,none,,
cls:-ve/Damaged Bottle/snap_986.jpg,classification,projects/om_bottle/images/-ve/Damaged Bottle/snap_986.jpg,2537,1927,1868f9765547c87cd6737a34ffead9926eef3054c306402f58dfd1d877fad23f,cls:-ve/Damaged Bottle#10,train,damaged_bottle,damaged_bottle,1,,,,0,none,,
cls:-ve/Damaged Bottle/snap_987.jpg,classification,projects/om_bottle/images/-ve/Damaged Bottle/snap_987.jpg,2537,1927,6bdcfb63ffdba870ec60e4bf6e4a9d8364c126743943054231e1ac79bd066078,cls:-ve/Damaged Bottle#11,test,damaged_bottle,damaged_bottle,1,,,,0,none,,
cls:-ve/Damaged Bottle/snap_988.jpg,classification,projects/om_bottle/images/-ve/Damaged Bottle/snap_988.jpg,2537,1927,1a4c211105b23a8ed213162b9d81d054863dcc8cb522018a0996ae463a70b318,cls:-ve/Damaged Bottle#11,test,damaged_bottle,damaged_bottle,1,,,,0,none,,
cls:-ve/Damaged Bottle/snap_989.jpg,classification,projects/om_bottle/images/-ve/Damaged Bottle/snap_989.jpg,2537,1927,bb655ec019cf8416ee0e531fcb058cd25b1e5ab9d58103c8824b531d27688046,cls:-ve/Damaged Bottle#11,test,damaged_bottle,damaged_bottle,1,,,,0,none,,
cls:-ve/Damaged Bottle/snap_990.jpg,classification,projects/om_bottle/images/-ve/Damaged Bottle/snap_990.jpg,2537,1927,03875207065f54b5517e48fe9b0079eab8c1e92a8d8244c204ba4e70629299af,cls:-ve/Damaged Bottle#11,test,damaged_bottle,damaged_bottle,1,,,,0,none,,
cls:-ve/Damaged Bottle/snap_991.jpg,classification,projects/om_bottle/images/-ve/Damaged Bottle/snap_991.jpg,2537,1927,f707c69c5ee2c0e5171ef0b74a578b24e92c193198b19c2bc8a49f153efed058,cls:-ve/Damaged Bottle#11,test,damaged_bottle,damaged_bottle,1,,,,0,none,,
cls:-ve/Damaged Bottle/snap_992.jpg,classification,projects/om_bottle/images/-ve/Damaged Bottle/snap_992.jpg,2537,1927,557248d1d9ad9fe4ff03aeaca5d095ccb72f01e09eb789ef6796a4710eaa0f3e,cls:-ve/Damaged Bottle#11,test,damaged_bottle,damaged_bottle,1,,,,0,none,,
cls:-ve/Damaged Bottle/snap_993.jpg,classification,projects/om_bottle/images/-ve/Damaged Bottle/snap_993.jpg,2537,1927,20bd4bf00ffaf2ae2e841220da1d4992562519b35c4b86ab76a9d2247cedd89c,cls:-ve/Damaged Bottle#11,test,damaged_bottle,damaged_bottle,1,,,,0,none,,
cls:-ve/Damaged Bottle/snap_994.jpg,classification,projects/om_bottle/images/-ve/Damaged Bottle/snap_994.jpg,2537,1927,6d49a0f28acccf9161deca9d1741a1274e91bc33a24c5d781bc56236172c3e76,cls:-ve/Damaged Bottle#11,test,damaged_bottle,damaged_bottle,1,,,,0,none,,
cls:-ve/Damaged Bottle/snap_995.jpg,classification,projects/om_bottle/images/-ve/Damaged Bottle/snap_995.jpg,2537,1927,7a8ebefb8c3bf72ec6edceb2b586c8f5c4d3d8183e0e557804245d80518fd024,cls:-ve/Damaged Bottle#11,test,damaged_bottle,damaged_bottle,1,,,,0,none,,
cls:-ve/Damaged Bottle/snap_996.jpg,classification,projects/om_bottle/images/-ve/Damaged Bottle/snap_996.jpg,2537,1927,1686a11e2251bd6c34107bf584d838a02733ac7825f20719776c75a4d7278453,cls:-ve/Damaged Bottle#11,test,damaged_bottle,damaged_bottle,1,,,,0,none,,
cls:-ve/Damaged Bottle/snap_997.jpg,classification,projects/om_bottle/images/-ve/Damaged Bottle/snap_997.jpg,2537,1927,d8a2a3bba9c9c489b26d49b42fc60b14b044ba64e016f6a57131fdc5f87001b2,cls:-ve/Damaged Bottle#11,test,damaged_bottle,damaged_bottle,1,,,,0,none,,
cls:-ve/Damaged Bottle/snap_998.jpg,classification,projects/om_bottle/images/-ve/Damaged Bottle/snap_998.jpg,2537,1927,3223e5d9c8d8e65d09e97c09dc271774c28cbaf5ead7e1f0af1d4b2a1fe277f7,cls:-ve/Damaged Bottle#11,test,damaged_bottle,damaged_bottle,1,,,,0,none,,
cls:-ve/Damaged Bottle/snap_999.jpg,classification,projects/om_bottle/images/-ve/Damaged Bottle/snap_999.jpg,2537,1927,7323b178243f3441636aed8797b8881b2ed4282538a711fce55bc6b26b38f1c7,cls:-ve/Damaged Bottle#11,test,damaged_bottle,damaged_bottle,1,,,,0,none,,
cls:-ve/Damaged Bottle/snap_1000.jpg,classification,projects/om_bottle/images/-ve/Damaged Bottle/snap_1000.jpg,2537,1927,a7d69a431ced42d671648bb187eaa1c1097227a63542f6dbba6fb4719b9a9970,cls:-ve/Damaged Bottle#11,test,damaged_bottle,damaged_bottle,1,,,,0,none,,
cls:-ve/Damaged Bottle/snap_1001.jpg,classification,projects/om_bottle/images/-ve/Damaged Bottle/snap_1001.jpg,2537,1927,45bd0320b793c47af8213ec968ec343c097e0e5d8b4ca19fa7f40cb3319361fe,cls:-ve/Damaged Bottle#11,test,damaged_bottle,damaged_bottle,1,,,,0,none,,
cls:-ve/Damaged Bottle/snap_1002.jpg,classification,projects/om_bottle/images/-ve/Damaged Bottle/snap_1002.jpg,2537,1927,ef3a013a1af0b5ef3b0a402919d1078e726967081d8df4ae9a6b4d70ed7e7cff,cls:-ve/Damaged Bottle#11,test,damaged_bottle,damaged_bottle,1,,,,0,none,,
cls:-ve/Damaged Bottle/snap_1003.jpg,classification,projects/om_bottle/images/-ve/Damaged Bottle/snap_1003.jpg,2537,1927,0d0b2f7cf742cd465d521e64b24ffc3789d31a242e4b8854e203577538b8d7cd,cls:-ve/Damaged Bottle#11,test,damaged_bottle,damaged_bottle,1,,,,0,none,,
cls:-ve/Damaged Bottle/snap_1004.jpg,classification,projects/om_bottle/images/-ve/Damaged Bottle/snap_1004.jpg,2537,1927,806f32fad4b923e55e1737c748723943d7a8221cf6cab7e3565d76be5773da7e,cls:-ve/Damaged Bottle#12,val,damaged_bottle,damaged_bottle,1,,,,0,none,,
cls:-ve/Damaged Bottle/snap_1005.jpg,classification,projects/om_bottle/images/-ve/Damaged Bottle/snap_1005.jpg,2537,1927,ddba12eba48d96fabac84868e9a1eeae5360e3198518a7c1707515ac59fdad8e,cls:-ve/Damaged Bottle#12,val,damaged_bottle,damaged_bottle,1,,,,0,none,,
cls:-ve/Damaged Bottle/snap_1006.jpg,classification,projects/om_bottle/images/-ve/Damaged Bottle/snap_1006.jpg,2537,1927,ef751cb81e2c523620f253b74f167afbccbec2f1d0e7202e22a3a8ce5fef8660,cls:-ve/Damaged Bottle#12,val,damaged_bottle,damaged_bottle,1,,,,0,none,,
cls:-ve/Damaged Bottle/snap_1007.jpg,classification,projects/om_bottle/images/-ve/Damaged Bottle/snap_1007.jpg,2537,1927,aacd61375f84583e740e0f3143a1d45733396b6bc1faa327131852ad7e81ffd1,cls:-ve/Damaged Bottle#12,val,damaged_bottle,damaged_bottle,1,,,,0,none,,
cls:-ve/Damaged Bottle/snap_1008.jpg,classification,projects/om_bottle/images/-ve/Damaged Bottle/snap_1008.jpg,2537,1927,309e0f102f3f2adff290598557db84d22a9b60839d470f1a058713b3b2bc66ff,cls:-ve/Damaged Bottle#12,val,damaged_bottle,damaged_bottle,1,,,,0,none,,
cls:-ve/Damaged Bottle/snap_1009.jpg,classification,projects/om_bottle/images/-ve/Damaged Bottle/snap_1009.jpg,2537,1927,4a0b37ed529843404ae85131c939624c9c35799372d01596e83f8bf5f5ccb313,cls:-ve/Damaged Bottle#12,val,damaged_bottle,damaged_bottle,1,,,,0,none,,
cls:-ve/Damaged Bottle/snap_1010.jpg,classification,projects/om_bottle/images/-ve/Damaged Bottle/snap_1010.jpg,2537,1927,0445114f33ea948bfd9004696631dc6fd445a93edd47e8c6bd44d281044ce876,cls:-ve/Damaged Bottle#12,val,damaged_bottle,damaged_bottle,1,,,,0,none,,
cls:-ve/Damaged Bottle/snap_1011.jpg,classification,projects/om_bottle/images/-ve/Damaged Bottle/snap_1011.jpg,2537,1927,81132f93be84000dd069a94d496b9a5db4d6216427e43cdb1767382453cc9be9,cls:-ve/Damaged Bottle#12,val,damaged_bottle,damaged_bottle,1,,,,0,none,,
cls:-ve/Damaged Bottle/snap_1012.jpg,classification,projects/om_bottle/images/-ve/Damaged Bottle/snap_1012.jpg,2537,1927,ba59a7a076df7200447ad1a0b2183ea233943eea8c2f5552f73974743255555d,cls:-ve/Damaged Bottle#12,val,damaged_bottle,damaged_bottle,1,,,,0,none,,
cls:-ve/Damaged Bottle/snap_1013.jpg,classification,projects/om_bottle/images/-ve/Damaged Bottle/snap_1013.jpg,2537,1927,c0c7b55de3cbec392409a0503407e73733ef8f008de1fdd37263fc183c20c7f3,cls:-ve/Damaged Bottle#12,val,damaged_bottle,damaged_bottle,1,,,,0,none,,
cls:-ve/Damaged Bottle/snap_1014.jpg,classification,projects/om_bottle/images/-ve/Damaged Bottle/snap_1014.jpg,2537,1927,be811855f7c5a8f75c4ebf9b0881947760c1e1f2644ec83b15eaa3dc56347d13,cls:-ve/Damaged Bottle#12,val,damaged_bottle,damaged_bottle,1,,,,0,none,,
cls:-ve/Damaged Bottle/snap_1015.jpg,classification,projects/om_bottle/images/-ve/Damaged Bottle/snap_1015.jpg,2537,1927,b4f6a67a5b83c5d86f8461e686ccb1e3a8ee73c92e3dc1f2c23917055f638628,cls:-ve/Damaged Bottle#12,val,damaged_bottle,damaged_bottle,1,,,,0,none,,
cls:-ve/Damaged Bottle/snap_1016.jpg,classification,projects/om_bottle/images/-ve/Damaged Bottle/snap_1016.jpg,2537,1927,84d20a2dba33dfaacf89f36fd5f29e008bbb1aab1c945192477e98d3c1b2595a,cls:-ve/Damaged Bottle#12,val,damaged_bottle,damaged_bottle,1,,,,0,none,,
cls:-ve/Damaged Bottle/snap_1017.jpg,classification,projects/om_bottle/images/-ve/Damaged Bottle/snap_1017.jpg,2537,1927,708faca980a1b2f1d29d658bf0cbf44b60223361c8b0fd6360636864e8f407a9,cls:-ve/Damaged Bottle#12,val,damaged_bottle,damaged_bottle,1,,,,0,none,,
cls:-ve/Damaged Bottle/snap_1018.jpg,classification,projects/om_bottle/images/-ve/Damaged Bottle/snap_1018.jpg,2537,1927,7e710b5be794983a28a6cee74b254a21106a441c0285244558bece899ea0ab6c,cls:-ve/Damaged Bottle#12,val,damaged_bottle,damaged_bottle,1,,,,0,none,,
cls:-ve/Damaged Bottle/snap_1019.jpg,classification,projects/om_bottle/images/-ve/Damaged Bottle/snap_1019.jpg,2537,1927,fbdd03c4a46c539da8673cb2dfb22e5bd1c30e0196b15d996cd388b7a34e93f5,cls:-ve/Damaged Bottle#13,test,damaged_bottle,damaged_bottle,1,,,,0,none,,
cls:-ve/Damaged Bottle/snap_1020.jpg,classification,projects/om_bottle/images/-ve/Damaged Bottle/snap_1020.jpg,2537,1927,7cc58274f16b32a691bd21a953fbc4e7aa549f55ac67fd023c74af02c081b418,cls:-ve/Damaged Bottle#13,test,damaged_bottle,damaged_bottle,1,,,,0,none,,
cls:-ve/Damaged Bottle/snap_1021.jpg,classification,projects/om_bottle/images/-ve/Damaged Bottle/snap_1021.jpg,2537,1927,81bc0d9c2605eac353689c6ff31f84b48de880234119d5674e0ea70da1c219c4,cls:-ve/Damaged Bottle#13,test,damaged_bottle,damaged_bottle,1,,,,0,none,,
cls:-ve/Damaged Bottle/snap_1022.jpg,classification,projects/om_bottle/images/-ve/Damaged Bottle/snap_1022.jpg,2537,1927,734d226272aef9131d626e60b37fe73830db4fa03f6fbddf4bcde9b45d1b692c,cls:-ve/Damaged Bottle#13,test,damaged_bottle,damaged_bottle,1,,,,0,none,,
cls:-ve/Damaged Bottle/snap_1023.jpg,classification,projects/om_bottle/images/-ve/Damaged Bottle/snap_1023.jpg,2537,1927,ed9ecda99685bfa274f25695bfc2aca34a40cd9c22b02d3cff80b565a056db88,cls:-ve/Damaged Bottle#13,test,damaged_bottle,damaged_bottle,1,,,,0,none,,
cls:-ve/Damaged Bottle/snap_1024.jpg,classification,projects/om_bottle/images/-ve/Damaged Bottle/snap_1024.jpg,2537,1927,1c90388f2db5f65fbb2bc7c7299a8f6e6625fc21ab199590ff6452c43d989f9c,cls:-ve/Damaged Bottle#13,test,damaged_bottle,damaged_bottle,1,,,,0,none,,
cls:-ve/Damaged Bottle/snap_1025.jpg,classification,projects/om_bottle/images/-ve/Damaged Bottle/snap_1025.jpg,2537,1927,019fde0565128eb92e8f2052cb60eb03bb3962b5829614aae4f2e8a552b72373,cls:-ve/Damaged Bottle#13,test,damaged_bottle,damaged_bottle,1,,,,0,none,,
cls:-ve/Damaged Bottle/snap_1026.jpg,classification,projects/om_bottle/images/-ve/Damaged Bottle/snap_1026.jpg,2537,1927,d77eb0d091dd6cdd5665ff3ae85d9b306134771431a70eeb83cda6edc0ceca95,cls:-ve/Damaged Bottle#13,test,damaged_bottle,damaged_bottle,1,,,,0,none,,
cls:-ve/Damaged Bottle/snap_1027.jpg,classification,projects/om_bottle/images/-ve/Damaged Bottle/snap_1027.jpg,2537,1927,35d279828c6d8aed7ba061e3be70e480c86a568da2ffea4c169c6b34e62fc108,cls:-ve/Damaged Bottle#13,test,damaged_bottle,damaged_bottle,1,,,,0,none,,
cls:-ve/Damaged Bottle/snap_1028.jpg,classification,projects/om_bottle/images/-ve/Damaged Bottle/snap_1028.jpg,2537,1927,bfa23e99522ff28775442888d6c36429d62ff1df6881e5c107dda0063bb5a62d,cls:-ve/Damaged Bottle#13,test,damaged_bottle,damaged_bottle,1,,,,0,none,,
cls:-ve/Damaged Bottle/snap_1029.jpg,classification,projects/om_bottle/images/-ve/Damaged Bottle/snap_1029.jpg,2537,1927,fceeeeec6b3b42ce124a13fb30f4d5d1179a0e95177631b2be656d6a5e6721d9,cls:-ve/Damaged Bottle#13,test,damaged_bottle,damaged_bottle,1,,,,0,none,,
cls:-ve/Damaged Bottle/snap_1030.jpg,classification,projects/om_bottle/images/-ve/Damaged Bottle/snap_1030.jpg,2537,1927,813b21af8c06114d36d5d94b43657c5931aaa04853a182af100835253bcb0e82,cls:-ve/Damaged Bottle#13,test,damaged_bottle,damaged_bottle,1,,,,0,none,,
cls:-ve/Damaged Bottle/snap_1031.jpg,classification,projects/om_bottle/images/-ve/Damaged Bottle/snap_1031.jpg,2537,1927,2c1a21c0e48869e3cb4b927e4c49e47f339b53ed82e6977519e8a27e0446633d,cls:-ve/Damaged Bottle#13,test,damaged_bottle,damaged_bottle,1,,,,0,none,,
cls:-ve/Damaged Bottle/snap_1032.jpg,classification,projects/om_bottle/images/-ve/Damaged Bottle/snap_1032.jpg,2537,1927,44697265654d13c075c2b2d2fbebde6ec96ff80e434d2f215d0451e3d3aa5ffb,cls:-ve/Damaged Bottle#13,test,damaged_bottle,damaged_bottle,1,,,,0,none,,
cls:-ve/Damaged Bottle/snap_1033.jpg,classification,projects/om_bottle/images/-ve/Damaged Bottle/snap_1033.jpg,2537,1927,6b5438fbac1bef7219f76add9271c243687554bad5919961661d2813f2a946c0,cls:-ve/Damaged Bottle#13,test,damaged_bottle,damaged_bottle,1,,,,0,none,,
cls:-ve/Damaged Bottle/snap_1034.jpg,classification,projects/om_bottle/images/-ve/Damaged Bottle/snap_1034.jpg,2537,1927,fa96ccf27d32fd9e141059ce9ee1f618022e91fd25e02162dc9540bdbc207cdf,cls:-ve/Damaged Bottle#13,test,damaged_bottle,damaged_bottle,1,,,,0,none,,
cls:-ve/Damaged Bottle/snap_1035.jpg,classification,projects/om_bottle/images/-ve/Damaged Bottle/snap_1035.jpg,2537,1927,272005af6ec3ad9386853dbacbf9a23b2677bac8fe0c559399e1c4d793452e2d,cls:-ve/Damaged Bottle#13,test,damaged_bottle,damaged_bottle,1,,,,0,none,,
cls:-ve/Damaged Bottle/snap_1036.jpg,classification,projects/om_bottle/images/-ve/Damaged Bottle/snap_1036.jpg,2537,1927,3eb8295acbe0d138f737c0c2eca7d69f9cb490fd0e40f531650e029f79ea57bd,cls:-ve/Damaged Bottle#13,test,damaged_bottle,damaged_bottle,1,,,,0,none,,
cls:-ve/Damaged Bottle/snap_1037.jpg,classification,projects/om_bottle/images/-ve/Damaged Bottle/snap_1037.jpg,2537,1927,3ff215fe30e27d306e58d12707aed13deea666e9c68ee8a4ad9341a1ba0773a8,cls:-ve/Damaged Bottle#13,test,damaged_bottle,damaged_bottle,1,,,,0,none,,
cls:-ve/Damaged Bottle/snap_1038.jpg,classification,projects/om_bottle/images/-ve/Damaged Bottle/snap_1038.jpg,2537,1927,e06d08ea6c886f707d22afb240612fdc38d3d3b752b614b479e376a2f749eac7,cls:-ve/Damaged Bottle#13,test,damaged_bottle,damaged_bottle,1,,,,0,none,,
cls:-ve/Damaged Bottle/snap_1039.jpg,classification,projects/om_bottle/images/-ve/Damaged Bottle/snap_1039.jpg,2537,1927,4193073380cf8a48b9cb718ff9477517c167fcf0a7f391cb5dddc37cef288a84,cls:-ve/Damaged Bottle#13,test,damaged_bottle,damaged_bottle,1,,,,0,none,,
cls:-ve/Damaged Bottle/snap_1040.jpg,classification,projects/om_bottle/images/-ve/Damaged Bottle/snap_1040.jpg,2537,1927,1f33cd8b4d945b46742d0011f3392aef08771a178102b8477abc09b6e99785e0,cls:-ve/Damaged Bottle#14,train,damaged_bottle,damaged_bottle,1,,,,0,none,,
cls:-ve/Damaged Bottle/snap_1041.jpg,classification,projects/om_bottle/images/-ve/Damaged Bottle/snap_1041.jpg,2537,1927,b48d4dc8fa3e596b36e0c4a6cc06b472284eab96664dc5e9e3603c35d48a01b9,cls:-ve/Damaged Bottle#14,train,damaged_bottle,damaged_bottle,1,,,,0,none,,
cls:-ve/Damaged Bottle/snap_1042.jpg,classification,projects/om_bottle/images/-ve/Damaged Bottle/snap_1042.jpg,2537,1927,156d47f9989dffd00085c7a21d8bf01b29a88f13cf98fcc3d634af7c8196b023,cls:-ve/Damaged Bottle#14,train,damaged_bottle,damaged_bottle,1,,,,0,none,,
cls:-ve/Damaged Bottle/snap_1043.jpg,classification,projects/om_bottle/images/-ve/Damaged Bottle/snap_1043.jpg,2537,1927,e10cc5dbe07fa3ab7024a29273833c380ada29eb64a63deab5f9f708ac21beac,cls:-ve/Damaged Bottle#14,train,damaged_bottle,damaged_bottle,1,,,,0,none,,
cls:-ve/Damaged Bottle/snap_1044.jpg,classification,projects/om_bottle/images/-ve/Damaged Bottle/snap_1044.jpg,2537,1927,f5d16e6a71d28373c9004e6811dab7b6fc1cdc831fedf5c461706051b62e01ac,cls:-ve/Damaged Bottle#14,train,damaged_bottle,damaged_bottle,1,,,,0,none,,
cls:-ve/Damaged Bottle/snap_1045.jpg,classification,projects/om_bottle/images/-ve/Damaged Bottle/snap_1045.jpg,2537,1927,4c2dcc6d7182bdaeaa6e4121b2be1831fd735533b0911e3a0ff5a1c4343e1c24,cls:-ve/Damaged Bottle#14,train,damaged_bottle,damaged_bottle,1,,,,0,none,,
cls:-ve/Damaged Bottle/snap_1046.jpg,classification,projects/om_bottle/images/-ve/Damaged Bottle/snap_1046.jpg,2537,1927,bc6085250051e508288eed924e3952c8e68fbc461a122bedede6b7970090fb3f,cls:-ve/Damaged Bottle#14,train,damaged_bottle,damaged_bottle,1,,,,0,none,,
cls:-ve/Damaged Bottle/snap_1047.jpg,classification,projects/om_bottle/images/-ve/Damaged Bottle/snap_1047.jpg,2537,1927,cd7ed1d0a848f7e091fe75e61d6370332b0e8f832b121d80c702fe83209fe32b,cls:-ve/Damaged Bottle#14,train,damaged_bottle,damaged_bottle,1,,,,0,none,,
cls:-ve/Damaged Bottle/snap_1048.jpg,classification,projects/om_bottle/images/-ve/Damaged Bottle/snap_1048.jpg,2537,1927,1d2d0f7fafae3baef9c81ee3413dadb63e39eee112f1ed1e6c4c3b4d5fbaf18c,cls:-ve/Damaged Bottle#14,train,damaged_bottle,damaged_bottle,1,,,,0,none,,
cls:-ve/Damaged Bottle/snap_1049.jpg,classification,projects/om_bottle/images/-ve/Damaged Bottle/snap_1049.jpg,2537,1927,2392ff60500a95e70f3e634d18a16bccccf29124b85b593eaf9961635bc75b15,cls:-ve/Damaged Bottle#14,train,damaged_bottle,damaged_bottle,1,,,,0,none,,
cls:-ve/Damaged Bottle/snap_1050.jpg,classification,projects/om_bottle/images/-ve/Damaged Bottle/snap_1050.jpg,2537,1927,961405c23d386103c8c0992865f9a388a0279c8828cba70f14e618b0945862d1,cls:-ve/Damaged Bottle#14,train,damaged_bottle,damaged_bottle,1,,,,0,none,,
cls:-ve/Damaged Bottle/snap_1051.jpg,classification,projects/om_bottle/images/-ve/Damaged Bottle/snap_1051.jpg,2537,1927,a59b777260d3afffeb7bc8785bb7f696aa6cd645a3ffb300076c7986fcd2094a,cls:-ve/Damaged Bottle#14,train,damaged_bottle,damaged_bottle,1,,,,0,none,,
cls:-ve/Damaged Bottle/snap_1052.jpg,classification,projects/om_bottle/images/-ve/Damaged Bottle/snap_1052.jpg,2537,1927,1f733dd42c93969e658e66378a84314e45589270dd2add486f1e7cf2672b5bac,cls:-ve/Damaged Bottle#14,train,damaged_bottle,damaged_bottle,1,,,,0,none,,
cls:-ve/Damaged Bottle/snap_1053.jpg,classification,projects/om_bottle/images/-ve/Damaged Bottle/snap_1053.jpg,2537,1927,5ddf20fa63fe64ba7a4452f1741ae82a70edf2975868df9387af263654aa0141,cls:-ve/Damaged Bottle#14,train,damaged_bottle,damaged_bottle,1,,,,0,none,,
cls:-ve/Damaged Bottle/snap_1054.jpg,classification,projects/om_bottle/images/-ve/Damaged Bottle/snap_1054.jpg,2537,1927,df1efca9d8ea632d15a76a7f559cd47a42c4ed40017b936f86b7d8c1d29f9f58,cls:-ve/Damaged Bottle#14,train,damaged_bottle,damaged_bottle,1,,,,0,none,,
cls:-ve/Damaged Bottle/snap_1055.jpg,classification,projects/om_bottle/images/-ve/Damaged Bottle/snap_1055.jpg,2537,1927,0685dd3a062b05a938c546bde434d5e4eca296b3442e8cc936ce01ef2d46e1d4,cls:-ve/Damaged Bottle#15,val,damaged_bottle,damaged_bottle,1,,,,0,none,,
cls:-ve/Damaged Bottle/snap_1056.jpg,classification,projects/om_bottle/images/-ve/Damaged Bottle/snap_1056.jpg,2537,1927,19c080de400f555c92adc995311aadcc6851d1609c63977cb43593e65fce00cb,cls:-ve/Damaged Bottle#15,val,damaged_bottle,damaged_bottle,1,,,,0,none,,
cls:-ve/Damaged Bottle/snap_1057.jpg,classification,projects/om_bottle/images/-ve/Damaged Bottle/snap_1057.jpg,2537,1927,3d254a0ff8fc17ac13f436e607186634938edf2aec3504ce2a3e6356350bd883,cls:-ve/Damaged Bottle#15,val,damaged_bottle,damaged_bottle,1,,,,0,none,,
cls:-ve/Damaged Bottle/snap_1058.jpg,classification,projects/om_bottle/images/-ve/Damaged Bottle/snap_1058.jpg,2537,1927,6468f5cab795a17f640efcb13d079be9448883c00143bdfb147963ba1a8abb80,cls:-ve/Damaged Bottle#15,val,damaged_bottle,damaged_bottle,1,,,,0,none,,
cls:-ve/Damaged Bottle/snap_1059.jpg,classification,projects/om_bottle/images/-ve/Damaged Bottle/snap_1059.jpg,2537,1927,d545910f018309cbdfb466e798c396d1c2005c1504ed93da63428c97130c8c49,cls:-ve/Damaged Bottle#15,val,damaged_bottle,damaged_bottle,1,,,,0,none,,
cls:-ve/Damaged Bottle/snap_1060.jpg,classification,projects/om_bottle/images/-ve/Damaged Bottle/snap_1060.jpg,2537,1927,b4e55847c4f4ceb773ec0e3f2c54a53d6ffb130f094133e309742497ea25370d,cls:-ve/Damaged Bottle#15,val,damaged_bottle,damaged_bottle,1,,,,0,none,,
cls:-ve/Damaged Bottle/snap_1061.jpg,classification,projects/om_bottle/images/-ve/Damaged Bottle/snap_1061.jpg,2537,1927,865d2f96bfda44af4f5cd906c48bdb9b65c7565d5764fd2ab725ca6944935d57,cls:-ve/Damaged Bottle#15,val,damaged_bottle,damaged_bottle,1,,,,0,none,,
cls:-ve/Damaged Bottle/snap_1062.jpg,classification,projects/om_bottle/images/-ve/Damaged Bottle/snap_1062.jpg,2537,1927,441f983c58946f4851143c8f6281b7281c5afd98c78ae3da4db4d8c4d4986510,cls:-ve/Damaged Bottle#15,val,damaged_bottle,damaged_bottle,1,,,,0,none,,
cls:-ve/Damaged Bottle/snap_1063.jpg,classification,projects/om_bottle/images/-ve/Damaged Bottle/snap_1063.jpg,2537,1927,e002e38344217edf689cf9dce5d5fb7b0c03e769b6892da665c681d72f3fbbaf,cls:-ve/Damaged Bottle#15,val,damaged_bottle,damaged_bottle,1,,,,0,none,,
cls:-ve/Damaged Bottle/snap_1064.jpg,classification,projects/om_bottle/images/-ve/Damaged Bottle/snap_1064.jpg,2537,1927,29b9e27dabe98ab8bb5ed78aeed6b9e12ab9b2a01ff55716511d7a2cb69e57f9,cls:-ve/Damaged Bottle#15,val,damaged_bottle,damaged_bottle,1,,,,0,none,,
cls:-ve/Damaged Bottle/snap_1065.jpg,classification,projects/om_bottle/images/-ve/Damaged Bottle/snap_1065.jpg,2537,1927,9601a8589cd0f0ebf8ea6ef4fbc4e512f41c890802fab9b32657acb480e8bd28,cls:-ve/Damaged Bottle#15,val,damaged_bottle,damaged_bottle,1,,,,0,none,,
cls:-ve/Damaged Bottle/snap_1066.jpg,classification,projects/om_bottle/images/-ve/Damaged Bottle/snap_1066.jpg,2537,1927,d1da758b42b8ee4cb42b3f6988387865533331ee6ef259334ea290b08f68dc58,cls:-ve/Damaged Bottle#15,val,damaged_bottle,damaged_bottle,1,,,,0,none,,
cls:-ve/Damaged Bottle/snap_1067.jpg,classification,projects/om_bottle/images/-ve/Damaged Bottle/snap_1067.jpg,2537,1927,16437f360e45a872b606e26e25f6ea63d42527760d43ae19724db0db00aa4ad9,cls:-ve/Damaged Bottle#15,val,damaged_bottle,damaged_bottle,1,,,,0,none,,
cls:-ve/Damaged Bottle/snap_1068.jpg,classification,projects/om_bottle/images/-ve/Damaged Bottle/snap_1068.jpg,2537,1927,c2009a053b2d903671aed8632924a102d0e61eff9aac9aab803e46b01d4c30f6,cls:-ve/Damaged Bottle#15,val,damaged_bottle,damaged_bottle,1,,,,0,none,,
cls:-ve/Damaged Bottle/snap_1069.jpg,classification,projects/om_bottle/images/-ve/Damaged Bottle/snap_1069.jpg,2537,1927,0a73d741500de8820050d2ffa70787e322a1d6e6d12b0904d7ce55e7f7055e06,cls:-ve/Damaged Bottle#16,train,damaged_bottle,damaged_bottle,1,,,,0,none,,
cls:-ve/Damaged Bottle/snap_1070.jpg,classification,projects/om_bottle/images/-ve/Damaged Bottle/snap_1070.jpg,2537,1927,2d336fd0318cbf3afbc7ebac3f815003fb816fc35e1f343c27ae616845f899dc,cls:-ve/Damaged Bottle#16,train,damaged_bottle,damaged_bottle,1,,,,0,none,,
cls:-ve/Damaged Bottle/snap_1071.jpg,classification,projects/om_bottle/images/-ve/Damaged Bottle/snap_1071.jpg,2537,1927,a9914dc92a9b3a1e3637a5cafebe93ef9bb17380d76ea234ec1b52c5a7a55c40,cls:-ve/Damaged Bottle#16,train,damaged_bottle,damaged_bottle,1,,,,0,none,,
cls:-ve/Damaged Bottle/snap_1072.jpg,classification,projects/om_bottle/images/-ve/Damaged Bottle/snap_1072.jpg,2537,1927,6623de8dda4c4f972371865081e3473ca9484ec106fef0005cf7b2f8d6c87afb,cls:-ve/Damaged Bottle#16,train,damaged_bottle,damaged_bottle,1,,,,0,none,,
cls:-ve/Damaged Bottle/snap_1073.jpg,classification,projects/om_bottle/images/-ve/Damaged Bottle/snap_1073.jpg,2537,1927,058a9d1ae843fbede92ac57cb804f8b54d52d9c83444bfad8c0338dba7d49dfa,cls:-ve/Damaged Bottle#16,train,damaged_bottle,damaged_bottle,1,,,,0,none,,
cls:-ve/Damaged Bottle/snap_1074.jpg,classification,projects/om_bottle/images/-ve/Damaged Bottle/snap_1074.jpg,2537,1927,dbec53ea188546ae600f8b616c39e8c28d4d66865c7cd7097a88bba3b5b9f7cd,cls:-ve/Damaged Bottle#16,train,damaged_bottle,damaged_bottle,1,,,,0,none,,
cls:-ve/Damaged Bottle/snap_1075.jpg,classification,projects/om_bottle/images/-ve/Damaged Bottle/snap_1075.jpg,2537,1927,e91696f463b87e694c2e00a42b5b1fd806c5b85b4071130da022fd0f694b9a83,cls:-ve/Damaged Bottle#16,train,damaged_bottle,damaged_bottle,1,,,,0,none,,
cls:-ve/Damaged Bottle/snap_1076.jpg,classification,projects/om_bottle/images/-ve/Damaged Bottle/snap_1076.jpg,2537,1927,0cc56f4975ff0a9bc61cbca13a03d988f63ecbe65ec7c0c1b40a76ec755c5823,cls:-ve/Damaged Bottle#16,train,damaged_bottle,damaged_bottle,1,,,,0,none,,
cls:-ve/Damaged Bottle/snap_1077.jpg,classification,projects/om_bottle/images/-ve/Damaged Bottle/snap_1077.jpg,2537,1927,1ae70f6ea5a8f2ff2a40136313c7faee30bee610c96197ccebd010ba53e7547a,cls:-ve/Damaged Bottle#16,train,damaged_bottle,damaged_bottle,1,,,,0,none,,
cls:-ve/Damaged Bottle/snap_1078.jpg,classification,projects/om_bottle/images/-ve/Damaged Bottle/snap_1078.jpg,2537,1927,5f67cdeb32ad3e53f7214daf14e7749de4a310c8eb97885ebc1d251df9eb520a,cls:-ve/Damaged Bottle#16,train,damaged_bottle,damaged_bottle,1,,,,0,none,,
cls:-ve/Damaged Bottle/snap_1079.jpg,classification,projects/om_bottle/images/-ve/Damaged Bottle/snap_1079.jpg,2537,1927,b988e4b223e1a59ba6de1788536ea3d3117841a81f5b2a49d58ba6a2662e6adc,cls:-ve/Damaged Bottle#16,train,damaged_bottle,damaged_bottle,1,,,,0,none,,
cls:-ve/Damaged Bottle/snap_1080.jpg,classification,projects/om_bottle/images/-ve/Damaged Bottle/snap_1080.jpg,2537,1927,9d6c7914617484bbcaf46fcbe173dd41a10e66c3c014d85c3b6a98081eb5ef3e,cls:-ve/Damaged Bottle#16,train,damaged_bottle,damaged_bottle,1,,,,0,none,,
cls:-ve/Damaged Bottle/snap_1081.jpg,classification,projects/om_bottle/images/-ve/Damaged Bottle/snap_1081.jpg,2537,1927,7d9901aa9ee2eba8bcffd6ad79d1755b8df86c5304d8ae850b2a37d34edb5880,cls:-ve/Damaged Bottle#16,train,damaged_bottle,damaged_bottle,1,,,,0,none,,
cls:-ve/Damaged Bottle/snap_1082.jpg,classification,projects/om_bottle/images/-ve/Damaged Bottle/snap_1082.jpg,2537,1927,4c7efac9d5f4e19e4b7314b587b03b5ab92ed28f408d420597c80c6ba02c4cd2,cls:-ve/Damaged Bottle#16,train,damaged_bottle,damaged_bottle,1,,,,0,none,,
cls:-ve/Damaged Bottle/snap_1083.jpg,classification,projects/om_bottle/images/-ve/Damaged Bottle/snap_1083.jpg,2537,1927,ec9f9f90afe8d87786b4000e591a9f13f2b419002c51b06028b3e3a2681d0d8b,cls:-ve/Damaged Bottle#16,train,damaged_bottle,damaged_bottle,1,,,,0,none,,
cls:-ve/Damaged Bottle/snap_1084.jpg,classification,projects/om_bottle/images/-ve/Damaged Bottle/snap_1084.jpg,2537,1927,55d30f07d9ef7e114b45274815878475735b4bc4b263b2a5b68b53e37b92d32b,cls:-ve/Damaged Bottle#16,train,damaged_bottle,damaged_bottle,1,,,,0,none,,
cls:-ve/Damaged Bottle/snap_1085.jpg,classification,projects/om_bottle/images/-ve/Damaged Bottle/snap_1085.jpg,2537,1927,a3b1cfb571b11ced38a32f5532dcd6e5e5f72adeeb4b5f6124fba746dde4022e,cls:-ve/Damaged Bottle#16,train,damaged_bottle,damaged_bottle,1,,,,0,none,,
cls:-ve/Damaged Bottle/snap_1086.jpg,classification,projects/om_bottle/images/-ve/Damaged Bottle/snap_1086.jpg,2537,1927,b1a87ab8dd3515c23b7aaeb3d559bda92ac9d5549d334031181eabc27d5c9c91,cls:-ve/Damaged Bottle#16,train,damaged_bottle,damaged_bottle,1,,,,0,none,,
cls:-ve/Damaged Bottle/snap_1087.jpg,classification,projects/om_bottle/images/-ve/Damaged Bottle/snap_1087.jpg,2537,1927,34251a1498425667123e6674fb5281f2cd9a66a89c1dc3d4c5fbc8846992bfd8,cls:-ve/Damaged Bottle#17,train,damaged_bottle,damaged_bottle,1,,,,0,none,,
cls:-ve/Damaged Bottle/snap_1088.jpg,classification,projects/om_bottle/images/-ve/Damaged Bottle/snap_1088.jpg,2537,1927,a23807cb86aaad7bef2a025f21a7fde4fe8cf481c4fff6f8fbd84709c7414e3f,cls:-ve/Damaged Bottle#17,train,damaged_bottle,damaged_bottle,1,,,,0,none,,
cls:-ve/Damaged Bottle/snap_1089.jpg,classification,projects/om_bottle/images/-ve/Damaged Bottle/snap_1089.jpg,2537,1927,bd7bb14460769f7876f317bc696a25b98cdd64c145c33c0089962f75e34abd87,cls:-ve/Damaged Bottle#17,train,damaged_bottle,damaged_bottle,1,,,,0,none,,
cls:-ve/Damaged Bottle/snap_1090.jpg,classification,projects/om_bottle/images/-ve/Damaged Bottle/snap_1090.jpg,2537,1927,854cb01acdc959078c3d5736eeed614cb799a435fb598a9651b6e6baa0ff6489,cls:-ve/Damaged Bottle#17,train,damaged_bottle,damaged_bottle,1,,,,0,none,,
cls:-ve/Damaged Bottle/snap_1091.jpg,classification,projects/om_bottle/images/-ve/Damaged Bottle/snap_1091.jpg,2537,1927,f4b6fc52e0aeee1d05178128771da04a8cf47d93f7d2ef80c79095051dd20695,cls:-ve/Damaged Bottle#17,train,damaged_bottle,damaged_bottle,1,,,,0,none,,
cls:-ve/Damaged Bottle/snap_1092.jpg,classification,projects/om_bottle/images/-ve/Damaged Bottle/snap_1092.jpg,2537,1927,e1fcad31a9fe9c4df9221a3e67432fc436d531f76d0938456b5e7e09d38d4120,cls:-ve/Damaged Bottle#17,train,damaged_bottle,damaged_bottle,1,,,,0,none,,
cls:-ve/Damaged Bottle/snap_1093.jpg,classification,projects/om_bottle/images/-ve/Damaged Bottle/snap_1093.jpg,2537,1927,15b58018da2034a3b81b7064cd06d8190aa50c73e0dcb546b85cf054a8986eba,cls:-ve/Damaged Bottle#17,train,damaged_bottle,damaged_bottle,1,,,,0,none,,
cls:-ve/Damaged Bottle/snap_1094.jpg,classification,projects/om_bottle/images/-ve/Damaged Bottle/snap_1094.jpg,2537,1927,67c4e90d489912bc7b1f1c846d8efab70a2467dfab6b22d406cd7b65ea3878d7,cls:-ve/Damaged Bottle#17,train,damaged_bottle,damaged_bottle,1,,,,0,none,,
cls:-ve/Damaged Bottle/snap_1095.jpg,classification,projects/om_bottle/images/-ve/Damaged Bottle/snap_1095.jpg,2537,1927,fd9bc2c14932eaf2f52ee8b99de634915fb4d557eb6dec7fc34bf527d5afa673,cls:-ve/Damaged Bottle#17,train,damaged_bottle,damaged_bottle,1,,,,0,none,,
cls:-ve/Damaged Bottle/snap_1096.jpg,classification,projects/om_bottle/images/-ve/Damaged Bottle/snap_1096.jpg,2537,1927,4b37edd88346f87459c85f6557863797b539ae21ab3f0352bb79133caedd9cfd,cls:-ve/Damaged Bottle#18,train,damaged_bottle,damaged_bottle,1,,,,0,none,,
cls:-ve/Damaged Bottle/snap_1097.jpg,classification,projects/om_bottle/images/-ve/Damaged Bottle/snap_1097.jpg,2537,1927,ad3661e0ea5335722f5eb167b5bec1dac48458912e2bc7a1789ac1e187eb52d4,cls:-ve/Damaged Bottle#18,train,damaged_bottle,damaged_bottle,1,,,,0,none,,
cls:-ve/Damaged Bottle/snap_1098.jpg,classification,projects/om_bottle/images/-ve/Damaged Bottle/snap_1098.jpg,2537,1927,bdfc5a4dbcb62bd5290903519f7c98c989d4a549a2cf135286250118fae11b1e,cls:-ve/Damaged Bottle#18,train,damaged_bottle,damaged_bottle,1,,,,0,none,,
cls:-ve/Damaged Bottle/snap_1099.jpg,classification,projects/om_bottle/images/-ve/Damaged Bottle/snap_1099.jpg,2537,1927,c4f68b1cfcf6de3f94b1b1f8d9669f5fa820f709dd4e9ed60f70bf2c29a31306,cls:-ve/Damaged Bottle#18,train,damaged_bottle,damaged_bottle,1,,,,0,none,,
cls:-ve/Damaged Bottle/snap_1100.jpg,classification,projects/om_bottle/images/-ve/Damaged Bottle/snap_1100.jpg,2537,1927,c3560fa18476567e40b52b234f71fb6f4b2276c50ae83cf53cd8adcc7540a9e4,cls:-ve/Damaged Bottle#18,train,damaged_bottle,damaged_bottle,1,,,,0,none,,
cls:-ve/Damaged Bottle/snap_1101.jpg,classification,projects/om_bottle/images/-ve/Damaged Bottle/snap_1101.jpg,2537,1927,cf7cbe614866703482bafb72028713e40fb60fcebedeca20a7af1fa436464add,cls:-ve/Damaged Bottle#18,train,damaged_bottle,damaged_bottle,1,,,,0,none,,
cls:-ve/Damaged Bottle/snap_1102.jpg,classification,projects/om_bottle/images/-ve/Damaged Bottle/snap_1102.jpg,2537,1927,736cda0d6a69795db01e2ac1e1dfa6d9bb2d043de3f8e63b88445454ca0e14b3,cls:-ve/Damaged Bottle#18,train,damaged_bottle,damaged_bottle,1,,,,0,none,,
cls:-ve/Damaged Bottle/snap_1103.jpg,classification,projects/om_bottle/images/-ve/Damaged Bottle/snap_1103.jpg,2537,1927,2b095d1403b579b4bb6c490f3ce6342f16ae30c447001afff786d54772f6c14c,cls:-ve/Damaged Bottle#18,train,damaged_bottle,damaged_bottle,1,,,,0,none,,
cls:-ve/Damaged Bottle/snap_1104.jpg,classification,projects/om_bottle/images/-ve/Damaged Bottle/snap_1104.jpg,2537,1927,c8a8e25947b491c5d842cfb58279918ebd508aef3d432a651d521d4e549c5f17,cls:-ve/Damaged Bottle#18,train,damaged_bottle,damaged_bottle,1,,,,0,none,,
cls:-ve/Damaged Bottle/snap_1105.jpg,classification,projects/om_bottle/images/-ve/Damaged Bottle/snap_1105.jpg,2537,1927,48f808bd840b3e2af55807548ae74a3abc3081020b58b09c4ca6f19c72608e33,cls:-ve/Damaged Bottle#18,train,damaged_bottle,damaged_bottle,1,,,,0,none,,
cls:-ve/Damaged Bottle/snap_1106.jpg,classification,projects/om_bottle/images/-ve/Damaged Bottle/snap_1106.jpg,2537,1927,8dfb44d194c99cbfe4e7f09b108d42316d8cf5e89431db10ee6a0890cf3919fa,cls:-ve/Damaged Bottle#18,train,damaged_bottle,damaged_bottle,1,,,,0,none,,
cls:-ve/Damaged Bottle/snap_1107.jpg,classification,projects/om_bottle/images/-ve/Damaged Bottle/snap_1107.jpg,2537,1927,4624022e76e40dadd7bb8e9a4948bd151f7ea8a868478594e64a8ae7d2dd3d55,cls:-ve/Damaged Bottle#18,train,damaged_bottle,damaged_bottle,1,,,,0,none,,
cls:-ve/Damaged Bottle/snap_1108.jpg,classification,projects/om_bottle/images/-ve/Damaged Bottle/snap_1108.jpg,2537,1927,5fbd64d862d9f621ad8b923001818da49b70d8e4262098b0fdc3a034c6748667,cls:-ve/Damaged Bottle#18,train,damaged_bottle,damaged_bottle,1,,,,0,none,,
cls:-ve/Damaged Bottle/snap_1109.jpg,classification,projects/om_bottle/images/-ve/Damaged Bottle/snap_1109.jpg,2537,1927,55ddeefb3b0dd53404d58c3e1d981f87ebcbd06a2cd4cc137e3b64d97522388c,cls:-ve/Damaged Bottle#19,test,damaged_bottle,damaged_bottle,1,,,,0,none,,
cls:-ve/Damaged Bottle/snap_1110.jpg,classification,projects/om_bottle/images/-ve/Damaged Bottle/snap_1110.jpg,2537,1927,f35ec57426785e21c4d4581de9ead4dcc1507fb5b6b68f238c87276833fa5519,cls:-ve/Damaged Bottle#19,test,damaged_bottle,damaged_bottle,1,,,,0,none,,
cls:-ve/Damaged Bottle/snap_1111.jpg,classification,projects/om_bottle/images/-ve/Damaged Bottle/snap_1111.jpg,2537,1927,f0efe6fd6ece329b775f8c4c4d0c39319041556edd96817514c1db92c8793193,cls:-ve/Damaged Bottle#19,test,damaged_bottle,damaged_bottle,1,,,,0,none,,
cls:-ve/Damaged Bottle/snap_1112.jpg,classification,projects/om_bottle/images/-ve/Damaged Bottle/snap_1112.jpg,2537,1927,cefe96e9ce537d48eb580012cabdef68dba8f139a1f1dfb10a95f3bea7f44ee0,cls:-ve/Damaged Bottle#19,test,damaged_bottle,damaged_bottle,1,,,,0,none,,
cls:-ve/Damaged Bottle/snap_1113.jpg,classification,projects/om_bottle/images/-ve/Damaged Bottle/snap_1113.jpg,2537,1927,ff19ef1e565e4f2a09a24e14d0823cd85c70a7e2267482e4ddbeeab662cbf61a,cls:-ve/Damaged Bottle#19,test,damaged_bottle,damaged_bottle,1,,,,0,none,,
cls:-ve/Damaged Bottle/snap_1114.jpg,classification,projects/om_bottle/images/-ve/Damaged Bottle/snap_1114.jpg,2537,1927,657e3492d8f13312ad2ec226c539d139b378542c05fa9935d75ea41dbf1344ce,cls:-ve/Damaged Bottle#19,test,damaged_bottle,damaged_bottle,1,,,,0,none,,
cls:-ve/Damaged Bottle/snap_1115.jpg,classification,projects/om_bottle/images/-ve/Damaged Bottle/snap_1115.jpg,2537,1927,cff20eb98cb0ac15cde0a6d354ddeeacc53742536f1d35413eaa25a1261b20ea,cls:-ve/Damaged Bottle#19,test,damaged_bottle,damaged_bottle,1,,,,0,none,,
cls:-ve/Damaged Bottle/snap_1116.jpg,classification,projects/om_bottle/images/-ve/Damaged Bottle/snap_1116.jpg,2537,1927,4a783a8f718c88e1a7df87d4498613beb35ab3ed6d99272a34b661c0ebd1192c,cls:-ve/Damaged Bottle#19,test,damaged_bottle,damaged_bottle,1,,,,0,none,,
cls:-ve/Damaged Bottle/snap_1117.jpg,classification,projects/om_bottle/images/-ve/Damaged Bottle/snap_1117.jpg,2537,1927,202d84a027ed52f8b95ee9ff83412cea1706b2bfa93a2ed379c48515e7406797,cls:-ve/Damaged Bottle#19,test,damaged_bottle,damaged_bottle,1,,,,0,none,,
cls:-ve/Damaged Bottle/snap_1118.jpg,classification,projects/om_bottle/images/-ve/Damaged Bottle/snap_1118.jpg,2537,1927,23ba6431041c09ee172d205757d62cfb251dc714849d2809d07dd55004e2e33e,cls:-ve/Damaged Bottle#19,test,damaged_bottle,damaged_bottle,1,,,,0,none,,
cls:-ve/Damaged Bottle/snap_1119.jpg,classification,projects/om_bottle/images/-ve/Damaged Bottle/snap_1119.jpg,2537,1927,f45147d4190e833d64bbb3b1266da579047b9fa10ec8a99eb1d3ddc097f7447d,cls:-ve/Damaged Bottle#19,test,damaged_bottle,damaged_bottle,1,,,,0,none,,
cls:-ve/Damaged Bottle/snap_1120.jpg,classification,projects/om_bottle/images/-ve/Damaged Bottle/snap_1120.jpg,2537,1927,8d522f8d671ea271ec33d7c8835ccd5584d9a2dbdc9f0dedb70e188999294994,cls:-ve/Damaged Bottle#19,test,damaged_bottle,damaged_bottle,1,,,,0,none,,
cls:-ve/Damaged Bottle/snap_1121.jpg,classification,projects/om_bottle/images/-ve/Damaged Bottle/snap_1121.jpg,2537,1927,e852ba1f2f253e8869005e6608bca618e4b585fef71a4a1197dfe17d6942de8d,cls:-ve/Damaged Bottle#19,test,damaged_bottle,damaged_bottle,1,,,,0,none,,
cls:-ve/Damaged Bottle/snap_1122.jpg,classification,projects/om_bottle/images/-ve/Damaged Bottle/snap_1122.jpg,2537,1927,a59329745c05b2b90f17ad3ea420bffa424530dadbffbed6be4dbc1b79dfed60,cls:-ve/Damaged Bottle#19,test,damaged_bottle,damaged_bottle,1,,,,0,none,,
cls:-ve/Damaged Bottle/snap_1123.jpg,classification,projects/om_bottle/images/-ve/Damaged Bottle/snap_1123.jpg,2537,1927,9b24c5711040a4e0ae853c26899d6166baee30b7dabf30f9cc91034cd46215c4,cls:-ve/Damaged Bottle#19,test,damaged_bottle,damaged_bottle,1,,,,0,none,,
cls:-ve/Damaged Bottle/snap_1124.jpg,classification,projects/om_bottle/images/-ve/Damaged Bottle/snap_1124.jpg,2537,1927,0ca082871f1d9d6e70cbc50a02169228f38ceeab755e69201449e2af3b026feb,cls:-ve/Damaged Bottle#19,test,damaged_bottle,damaged_bottle,1,,,,0,none,,
cls:-ve/Damaged Bottle/snap_1125.jpg,classification,projects/om_bottle/images/-ve/Damaged Bottle/snap_1125.jpg,2537,1927,cf370c2712fdc182698b06da1be9f7ebe2a9cc1d6348bb7fb6c2dd7d25efe7cc,cls:-ve/Damaged Bottle#19,test,damaged_bottle,damaged_bottle,1,,,,0,none,,
cls:-ve/Damaged Bottle/snap_1126.jpg,classification,projects/om_bottle/images/-ve/Damaged Bottle/snap_1126.jpg,2537,1927,e48bdf6da8d64dd42ff6137ccb5fbfc11920663e579dc47adfa5ee157c9c8908,cls:-ve/Damaged Bottle#19,test,damaged_bottle,damaged_bottle,1,,,,0,none,,
cls:-ve/Damaged Bottle/snap_1127.jpg,classification,projects/om_bottle/images/-ve/Damaged Bottle/snap_1127.jpg,2537,1927,4bb9f4b004f7b69aafd8cb4e2d6deeb43cad7b98f60b514a46d18db82edadd68,cls:-ve/Damaged Bottle#19,test,damaged_bottle,damaged_bottle,1,,,,0,none,,
cls:-ve/Damaged Bottle/snap_1128.jpg,classification,projects/om_bottle/images/-ve/Damaged Bottle/snap_1128.jpg,2537,1927,ef09591d649189c3e8b4237aa48cd8e36d66c1dada0fa6d46d4fa7797f03ece7,cls:-ve/Damaged Bottle#20,train,damaged_bottle,damaged_bottle,1,,,,0,none,,
cls:-ve/Damaged Bottle/snap_1129.jpg,classification,projects/om_bottle/images/-ve/Damaged Bottle/snap_1129.jpg,2537,1927,c88dbb54278c53e812e3623059ed4c1a39035ab4b52f34bb91b89b8907a454c8,cls:-ve/Damaged Bottle#20,train,damaged_bottle,damaged_bottle,1,,,,0,none,,
cls:-ve/Damaged Bottle/snap_1130.jpg,classification,projects/om_bottle/images/-ve/Damaged Bottle/snap_1130.jpg,2537,1927,b6acdb017726f1a390e989cde705c519fdf344e08f485a78bcaa869c78794d6b,cls:-ve/Damaged Bottle#20,train,damaged_bottle,damaged_bottle,1,,,,0,none,,
cls:-ve/Damaged Bottle/snap_1131.jpg,classification,projects/om_bottle/images/-ve/Damaged Bottle/snap_1131.jpg,2537,1927,a5053db85c224bfd2a9866ed232f2fbfa527461da57abcb9396caf467e69576f,cls:-ve/Damaged Bottle#20,train,damaged_bottle,damaged_bottle,1,,,,0,none,,
cls:-ve/Damaged Bottle/snap_1132.jpg,classification,projects/om_bottle/images/-ve/Damaged Bottle/snap_1132.jpg,2537,1927,495b3f1579f1eb77909aa6255f1bee0f297b36610640b51400090260fd6eae0b,cls:-ve/Damaged Bottle#20,train,damaged_bottle,damaged_bottle,1,,,,0,none,,
cls:-ve/Damaged Bottle/snap_1133.jpg,classification,projects/om_bottle/images/-ve/Damaged Bottle/snap_1133.jpg,2537,1927,a11b598b18e3b6b5f449f3658db484ca20c0aafcbba46d3f8886e7ec7035ac56,cls:-ve/Damaged Bottle#20,train,damaged_bottle,damaged_bottle,1,,,,0,none,,
cls:-ve/Damaged Bottle/snap_1134.jpg,classification,projects/om_bottle/images/-ve/Damaged Bottle/snap_1134.jpg,2537,1927,5484d6486c64f066023d7de343d3ff4619cc6881799d2f3efb0fbf1dd39c2e5f,cls:-ve/Damaged Bottle#20,train,damaged_bottle,damaged_bottle,1,,,,0,none,,
cls:-ve/Damaged Bottle/snap_1135.jpg,classification,projects/om_bottle/images/-ve/Damaged Bottle/snap_1135.jpg,2537,1927,1a1b57b5fcf570139351110e6286318ce8916bf01a98239e1bdf6fe680bba6a1,cls:-ve/Damaged Bottle#20,train,damaged_bottle,damaged_bottle,1,,,,0,none,,
cls:-ve/Damaged Bottle/snap_1136.jpg,classification,projects/om_bottle/images/-ve/Damaged Bottle/snap_1136.jpg,2537,1927,a1cb1398a79b4b54a7926144f8c6ee7f90f8f4a0e2f0f929f5da86f5e595cd7a,cls:-ve/Damaged Bottle#20,train,damaged_bottle,damaged_bottle,1,,,,0,none,,
cls:-ve/Damaged Bottle/snap_1137.jpg,classification,projects/om_bottle/images/-ve/Damaged Bottle/snap_1137.jpg,2537,1927,45d7ccc9bcea8a781c6c8ac33f55af7ed108da05cedd7caaede19d4bec2ab372,cls:-ve/Damaged Bottle#20,train,damaged_bottle,damaged_bottle,1,,,,0,none,,
cls:-ve/Damaged Bottle/snap_1138.jpg,classification,projects/om_bottle/images/-ve/Damaged Bottle/snap_1138.jpg,2537,1927,f0c0afa9711627b9bd4f43b09f99180978c317e87650e1ec4b93682e2ff0a07c,cls:-ve/Damaged Bottle#20,train,damaged_bottle,damaged_bottle,1,,,,0,none,,
cls:-ve/Damaged Bottle/snap_1139.jpg,classification,projects/om_bottle/images/-ve/Damaged Bottle/snap_1139.jpg,2537,1927,247f70cda9e0d3b2d577ca258a82739348d1d87f95a5ef5660e664fee4cfe61a,cls:-ve/Damaged Bottle#20,train,damaged_bottle,damaged_bottle,1,,,,0,none,,
cls:-ve/Damaged Bottle/snap_1140.jpg,classification,projects/om_bottle/images/-ve/Damaged Bottle/snap_1140.jpg,2537,1927,57254297b4aeb9cbf2bac8afc71ee1194be279283f63ec50b4a9e146da5350f0,cls:-ve/Damaged Bottle#20,train,damaged_bottle,damaged_bottle,1,,,,0,none,,
cls:-ve/Damaged Bottle/snap_1141.jpg,classification,projects/om_bottle/images/-ve/Damaged Bottle/snap_1141.jpg,2537,1927,fd56e6fba4cd1eea2ab0ca691eaa0ebf4bbb020a4f9a3036267fae4febb76479,cls:-ve/Damaged Bottle#21,train,damaged_bottle,damaged_bottle,1,,,,0,none,,
cls:-ve/Damaged Bottle/snap_1142.jpg,classification,projects/om_bottle/images/-ve/Damaged Bottle/snap_1142.jpg,2537,1927,c458047b1e3c22739b51c455047be1ea31ac17e39b24ce7cd245c478b4e39645,cls:-ve/Damaged Bottle#21,train,damaged_bottle,damaged_bottle,1,,,,0,none,,
cls:-ve/Damaged Bottle/snap_1143.jpg,classification,projects/om_bottle/images/-ve/Damaged Bottle/snap_1143.jpg,2537,1927,50c224a80fc521bd5f864b805656d1a231e219e1c04916733923e65cff0af579,cls:-ve/Damaged Bottle#21,train,damaged_bottle,damaged_bottle,1,,,,0,none,,
cls:-ve/Damaged Bottle/snap_1144.jpg,classification,projects/om_bottle/images/-ve/Damaged Bottle/snap_1144.jpg,2537,1927,87fc9073217a1b0ed8a6e0a29a242bcd2fac77a1db5d8ea7e3bae1e6b82dbd1b,cls:-ve/Damaged Bottle#21,train,damaged_bottle,damaged_bottle,1,,,,0,none,,
cls:-ve/Damaged Bottle/snap_1145.jpg,classification,projects/om_bottle/images/-ve/Damaged Bottle/snap_1145.jpg,2537,1927,794f915ead5385574082f21599741035a62e2bf5d1fbdb908ddc6b3b3bdcb394,cls:-ve/Damaged Bottle#21,train,damaged_bottle,damaged_bottle,1,,,,0,none,,
cls:-ve/Damaged Bottle/snap_1146.jpg,classification,projects/om_bottle/images/-ve/Damaged Bottle/snap_1146.jpg,2537,1927,aeac0b84e61e64b1693f269c90a13598c971773fb48ff70708c26a8e4aa76d26,cls:-ve/Damaged Bottle#21,train,damaged_bottle,damaged_bottle,1,,,,0,none,,
cls:-ve/Damaged Bottle/snap_1147.jpg,classification,projects/om_bottle/images/-ve/Damaged Bottle/snap_1147.jpg,2537,1927,57c4db275116d90d1dde75a34d9f0085cc3bf58a21841063097211b80ce8ed6d,cls:-ve/Damaged Bottle#21,train,damaged_bottle,damaged_bottle,1,,,,0,none,,
cls:-ve/Damaged Bottle/snap_1148.jpg,classification,projects/om_bottle/images/-ve/Damaged Bottle/snap_1148.jpg,2537,1927,3c7e0393f66d8c7832f6bf30e5f9c24ae595defa28ed9ba56c834ef5a68f2548,cls:-ve/Damaged Bottle#21,train,damaged_bottle,damaged_bottle,1,,,,0,none,,
cls:-ve/Damaged Bottle/snap_1149.jpg,classification,projects/om_bottle/images/-ve/Damaged Bottle/snap_1149.jpg,2537,1927,9bb53fe592ee9f88766be4d48c1817884c65c1688af3b318699b1c18505ac7f8,cls:-ve/Damaged Bottle#21,train,damaged_bottle,damaged_bottle,1,,,,0,none,,
cls:-ve/Damaged Bottle/snap_1150.jpg,classification,projects/om_bottle/images/-ve/Damaged Bottle/snap_1150.jpg,2537,1927,0e109cff5e98f566ad831bab566b21ffab3358c853032084d6c3033413ed3aa8,cls:-ve/Damaged Bottle#21,train,damaged_bottle,damaged_bottle,1,,,,0,none,,
cls:-ve/Damaged Bottle/snap_1151.jpg,classification,projects/om_bottle/images/-ve/Damaged Bottle/snap_1151.jpg,2537,1927,eb9cd50c6745f0f3aa9b083b99b6353ab1a1c922e68a91ab63e295401572392e,cls:-ve/Damaged Bottle#21,train,damaged_bottle,damaged_bottle,1,,,,0,none,,
cls:-ve/Damaged Bottle/snap_1152.jpg,classification,projects/om_bottle/images/-ve/Damaged Bottle/snap_1152.jpg,2537,1927,141f80162ac09a5fcc5d39e6824961c30cc738f45a96737dc22b87f2d1f1694a,cls:-ve/Damaged Bottle#21,train,damaged_bottle,damaged_bottle,1,,,,0,none,,
cls:-ve/Damaged Bottle/snap_1153.jpg,classification,projects/om_bottle/images/-ve/Damaged Bottle/snap_1153.jpg,2537,1927,19084b143c8d5ba7470a22d912abbc66329583ae7d76b624cff390673cddc488,cls:-ve/Damaged Bottle#21,train,damaged_bottle,damaged_bottle,1,,,,0,none,,
cls:-ve/Damaged Bottle/snap_1154.jpg,classification,projects/om_bottle/images/-ve/Damaged Bottle/snap_1154.jpg,2537,1927,fbc5f5fa7b3e562dfa40017c97133d67df63401beb0e2586840c7979d2af2583,cls:-ve/Damaged Bottle#22,val,damaged_bottle,damaged_bottle,1,,,,0,none,,
cls:-ve/Damaged Bottle/snap_1155.jpg,classification,projects/om_bottle/images/-ve/Damaged Bottle/snap_1155.jpg,2537,1927,a93258bd2168b8f919a492c06f4d85123de8139c87a860fd4155513503a4b0fa,cls:-ve/Damaged Bottle#22,val,damaged_bottle,damaged_bottle,1,,,,0,none,,
cls:-ve/Damaged Bottle/snap_1156.jpg,classification,projects/om_bottle/images/-ve/Damaged Bottle/snap_1156.jpg,2537,1927,8283c90b31ccc2e6ca08f36f11f5d1fe0f52845297dfc93f204cb82df104788a,cls:-ve/Damaged Bottle#22,val,damaged_bottle,damaged_bottle,1,,,,0,none,,
cls:-ve/Damaged Bottle/snap_1157.jpg,classification,projects/om_bottle/images/-ve/Damaged Bottle/snap_1157.jpg,2537,1927,e80520bec55e6a7e89ac6ea79a9fcffa5377ada7f0d29ba5e2721160fca57379,cls:-ve/Damaged Bottle#22,val,damaged_bottle,damaged_bottle,1,,,,0,none,,
cls:-ve/Damaged Bottle/snap_1158.jpg,classification,projects/om_bottle/images/-ve/Damaged Bottle/snap_1158.jpg,2537,1927,33ad4ff6207f517fac854512e499f715a5f9b6e2c0491d39f412c5282e5325b9,cls:-ve/Damaged Bottle#22,val,damaged_bottle,damaged_bottle,1,,,,0,none,,
cls:-ve/Damaged Bottle/snap_1159.jpg,classification,projects/om_bottle/images/-ve/Damaged Bottle/snap_1159.jpg,2537,1927,8b326a0a0f5561b4082bfb1163772ecfcec2bc6a7683adb2ce4a9392cc1ca939,cls:-ve/Damaged Bottle#22,val,damaged_bottle,damaged_bottle,1,,,,0,none,,
cls:-ve/Damaged Bottle/snap_1160.jpg,classification,projects/om_bottle/images/-ve/Damaged Bottle/snap_1160.jpg,2537,1927,51ea698f0b7d2cbc60ae956aca87f61a6d0d68b992ed700a597e0fa27d9608ea,cls:-ve/Damaged Bottle#22,val,damaged_bottle,damaged_bottle,1,,,,0,none,,
cls:-ve/Damaged Bottle/snap_1161.jpg,classification,projects/om_bottle/images/-ve/Damaged Bottle/snap_1161.jpg,2537,1927,0ae975a944e323c9fd6fa210892d18971d1b5bd3c48f8de8d86685b06932bce4,cls:-ve/Damaged Bottle#22,val,damaged_bottle,damaged_bottle,1,,,,0,none,,
cls:-ve/Damaged Bottle/snap_1162.jpg,classification,projects/om_bottle/images/-ve/Damaged Bottle/snap_1162.jpg,2537,1927,959d717d1ec15add95d6d8e3009fa10f6d08b13e668bfcdf372a22aab5b03506,cls:-ve/Damaged Bottle#22,val,damaged_bottle,damaged_bottle,1,,,,0,none,,
cls:-ve/Damaged Bottle/snap_1163.jpg,classification,projects/om_bottle/images/-ve/Damaged Bottle/snap_1163.jpg,2537,1927,ad46f84916dff51fc2ba0c73a8cd55b8c8217a1dbd8dfc0425e5b752280aa0ef,cls:-ve/Damaged Bottle#22,val,damaged_bottle,damaged_bottle,1,,,,0,none,,
cls:-ve/Damaged Bottle/snap_1164.jpg,classification,projects/om_bottle/images/-ve/Damaged Bottle/snap_1164.jpg,2537,1927,28281fd45f49e1f463217a3f73269da003c641cf8b8a9b7294d924984f5d9a6f,cls:-ve/Damaged Bottle#23,train,damaged_bottle,damaged_bottle,1,,,,0,none,,
cls:-ve/Damaged Bottle/snap_1165.jpg,classification,projects/om_bottle/images/-ve/Damaged Bottle/snap_1165.jpg,2537,1927,6281bee5bd21e9732b7185d86e4f69ca07b11ae958950b95f185a6e51bfb4d61,cls:-ve/Damaged Bottle#23,train,damaged_bottle,damaged_bottle,1,,,,0,none,,
cls:-ve/Damaged Bottle/snap_1166.jpg,classification,projects/om_bottle/images/-ve/Damaged Bottle/snap_1166.jpg,2537,1927,b389325a010e001bbd11d545c753203e6caf15255b155a83c10449754725b8bd,cls:-ve/Damaged Bottle#23,train,damaged_bottle,damaged_bottle,1,,,,0,none,,
cls:-ve/Damaged Bottle/snap_1167.jpg,classification,projects/om_bottle/images/-ve/Damaged Bottle/snap_1167.jpg,2537,1927,315593044902ef444b534133ab290d6b5f0d06e9f4c7f583135dc0dba20fcac3,cls:-ve/Damaged Bottle#23,train,damaged_bottle,damaged_bottle,1,,,,0,none,,
cls:-ve/Damaged Bottle/snap_1168.jpg,classification,projects/om_bottle/images/-ve/Damaged Bottle/snap_1168.jpg,2537,1927,17c79cf2138e54f30f5c2039583b701860514433f393ed7daecda2c626147a5a,cls:-ve/Damaged Bottle#23,train,damaged_bottle,damaged_bottle,1,,,,0,none,,
cls:-ve/Damaged Bottle/snap_1169.jpg,classification,projects/om_bottle/images/-ve/Damaged Bottle/snap_1169.jpg,2537,1927,e7c36b4ae4126fe67bf03e522e95521272cf25b2796d4ee91fb87e32d7c968cb,cls:-ve/Damaged Bottle#23,train,damaged_bottle,damaged_bottle,1,,,,0,none,,
cls:-ve/Damaged Bottle/snap_1170.jpg,classification,projects/om_bottle/images/-ve/Damaged Bottle/snap_1170.jpg,2537,1927,7fbbe4000700e1b1956bc697de32bce49fdb38aab82a5b6f6782bea71512270f,cls:-ve/Damaged Bottle#23,train,damaged_bottle,damaged_bottle,1,,,,0,none,,
cls:-ve/Damaged Bottle/snap_1171.jpg,classification,projects/om_bottle/images/-ve/Damaged Bottle/snap_1171.jpg,2537,1927,3b3d0fd7b58f0ebfcd93e89fd37a9806cdc691614cd5133368815bcf0a64bfd4,cls:-ve/Damaged Bottle#23,train,damaged_bottle,damaged_bottle,1,,,,0,none,,
cls:-ve/Damaged Bottle/snap_1172.jpg,classification,projects/om_bottle/images/-ve/Damaged Bottle/snap_1172.jpg,2537,1927,91354a54cfe6934b361a43bf25337dd42d6cc68c6a159f4c44b957e7a917c28b,cls:-ve/Damaged Bottle#23,train,damaged_bottle,damaged_bottle,1,,,,0,none,,
cls:-ve/Damaged Bottle/snap_1173.jpg,classification,projects/om_bottle/images/-ve/Damaged Bottle/snap_1173.jpg,2537,1927,75b175391204c6d4f40b8d8ba60e94dcbd65151a4088f52abef8fdb5da4e7310,cls:-ve/Damaged Bottle#23,train,damaged_bottle,damaged_bottle,1,,,,0,none,,
cls:-ve/Damaged Bottle/snap_1174.jpg,classification,projects/om_bottle/images/-ve/Damaged Bottle/snap_1174.jpg,2537,1927,c00c4c941120d4c8123442ed9d35e22485304fcb7a5ca4f2569e158e22293222,cls:-ve/Damaged Bottle#23,train,damaged_bottle,damaged_bottle,1,,,,0,none,,
cls:-ve/Damaged Bottle/snap_1175.jpg,classification,projects/om_bottle/images/-ve/Damaged Bottle/snap_1175.jpg,2537,1927,928565cebbc9e0f7c4529ef6dd48bb257a2ce593c002c06d19e2bc790c1db5ff,cls:-ve/Damaged Bottle#23,train,damaged_bottle,damaged_bottle,1,,,,0,none,,
cls:-ve/Damaged Bottle/snap_1176.jpg,classification,projects/om_bottle/images/-ve/Damaged Bottle/snap_1176.jpg,2537,1927,8ce8a5363362177d504c1c7846d772e8cee6a418651af2284128bfda38217027,cls:-ve/Damaged Bottle#23,train,damaged_bottle,damaged_bottle,1,,,,0,none,,
cls:-ve/Damaged Bottle/snap_1177.jpg,classification,projects/om_bottle/images/-ve/Damaged Bottle/snap_1177.jpg,2537,1927,7e37640850b376fbb9e1b0f4995ad0eb78381f22868d8c5f3e41625204d847a8,cls:-ve/Damaged Bottle#23,train,damaged_bottle,damaged_bottle,1,,,,0,none,,
cls:-ve/Damaged Bottle/snap_1178.jpg,classification,projects/om_bottle/images/-ve/Damaged Bottle/snap_1178.jpg,2537,1927,870ce4614bf27845e213845e535db9ff9de6605ea82800888052dacc58d42e77,cls:-ve/Damaged Bottle#23,train,damaged_bottle,damaged_bottle,1,,,,0,none,,
cls:-ve/Damaged Bottle/snap_1179.jpg,classification,projects/om_bottle/images/-ve/Damaged Bottle/snap_1179.jpg,2537,1927,075b67683b766b8ad3f466393b664711d00ff602a39477a609373596c4a7afcc,cls:-ve/Damaged Bottle#23,train,damaged_bottle,damaged_bottle,1,,,,0,none,,
cls:-ve/Damaged Bottle/snap_1180.jpg,classification,projects/om_bottle/images/-ve/Damaged Bottle/snap_1180.jpg,2537,1927,53f02d2cea8ad8b0d473f204b2dafd7e50cd29a979d325d02260236770258edd,cls:-ve/Damaged Bottle#23,train,damaged_bottle,damaged_bottle,1,,,,0,none,,
cls:-ve/Damaged Bottle/snap_1181.jpg,classification,projects/om_bottle/images/-ve/Damaged Bottle/snap_1181.jpg,2537,1927,e069791daf95a6be1155dfaeebf36f76d872c31f1480b19f83e5f4b6da125e5d,cls:-ve/Damaged Bottle#24,train,damaged_bottle,damaged_bottle,1,,,,0,none,,
cls:-ve/Damaged Bottle/snap_1182.jpg,classification,projects/om_bottle/images/-ve/Damaged Bottle/snap_1182.jpg,2537,1927,16df14d1070d0736375f2c3b0ed922865c13416c70e6666d88621b95a2d60568,cls:-ve/Damaged Bottle#24,train,damaged_bottle,damaged_bottle,1,,,,0,none,,
cls:-ve/Damaged Bottle/snap_1183.jpg,classification,projects/om_bottle/images/-ve/Damaged Bottle/snap_1183.jpg,2537,1927,d92090ff2a6514bd6e8f53d56ecb173abf964f2701259faec2ab2b05cb4a594f,cls:-ve/Damaged Bottle#24,train,damaged_bottle,damaged_bottle,1,,,,0,none,,
cls:-ve/Damaged Bottle/snap_1184.jpg,classification,projects/om_bottle/images/-ve/Damaged Bottle/snap_1184.jpg,2537,1927,cbe4e6ca12c965e66b88d63a1de0d9d4cce891c5c62084f46b00b127c3d32a4b,cls:-ve/Damaged Bottle#24,train,damaged_bottle,damaged_bottle,1,,,,0,none,,
cls:-ve/Damaged Bottle/snap_1185.jpg,classification,projects/om_bottle/images/-ve/Damaged Bottle/snap_1185.jpg,2537,1927,85efe337f6d38888ab6725bfc610c87379fe9ec92770dab2fba9f6839c049d62,cls:-ve/Damaged Bottle#24,train,damaged_bottle,damaged_bottle,1,,,,0,none,,
cls:-ve/Damaged Bottle/snap_1186.jpg,classification,projects/om_bottle/images/-ve/Damaged Bottle/snap_1186.jpg,2537,1927,264e61cd7bcf9db21cba9ab5fe17029b9b1f746970b94741e56fe35ff78bbe0c,cls:-ve/Damaged Bottle#25,train,damaged_bottle,damaged_bottle,1,,,,0,none,,
cls:-ve/Damaged Bottle/snap_1187.jpg,classification,projects/om_bottle/images/-ve/Damaged Bottle/snap_1187.jpg,2537,1927,0d08a474a49f5efdde7a9f48f82475704125dee27e1a4572f1f1148ea6f663ac,cls:-ve/Damaged Bottle#25,train,damaged_bottle,damaged_bottle,1,,,,0,none,,
cls:-ve/Damaged Bottle/snap_1188.jpg,classification,projects/om_bottle/images/-ve/Damaged Bottle/snap_1188.jpg,2537,1927,aaefa198a6ce4bb65c467628d97408a5dc234b4a32db9dee98a78f6773270816,cls:-ve/Damaged Bottle#25,train,damaged_bottle,damaged_bottle,1,,,,0,none,,
cls:-ve/Damaged Bottle/snap_1189.jpg,classification,projects/om_bottle/images/-ve/Damaged Bottle/snap_1189.jpg,2537,1927,9bd24c44108dfd0851491c92e13159024903fea799e4ab771e2d701ec4765e57,cls:-ve/Damaged Bottle#25,train,damaged_bottle,damaged_bottle,1,,,,0,none,,
cls:-ve/Damaged Bottle/snap_1190.jpg,classification,projects/om_bottle/images/-ve/Damaged Bottle/snap_1190.jpg,2537,1927,9c863047802fcef1c0cf70ac483b0f500e662f58476f627d94f74a9e9d9b55fd,cls:-ve/Damaged Bottle#25,train,damaged_bottle,damaged_bottle,1,,,,0,none,,
cls:-ve/Damaged Bottle/snap_1191.jpg,classification,projects/om_bottle/images/-ve/Damaged Bottle/snap_1191.jpg,2537,1927,e2076f4830129a88a4c0c9c8e4a301df2be6f06326a346096d603a700eaa7659,cls:-ve/Damaged Bottle#25,train,damaged_bottle,damaged_bottle,1,,,,0,none,,
cls:-ve/Damaged Bottle/snap_1192.jpg,classification,projects/om_bottle/images/-ve/Damaged Bottle/snap_1192.jpg,2537,1927,79d621457f094aabc925bc2261df0c761ec0900ebe15c5b54a1a47e01f090f03,cls:-ve/Damaged Bottle#25,train,damaged_bottle,damaged_bottle,1,,,,0,none,,
cls:-ve/Damaged Bottle/snap_1193.jpg,classification,projects/om_bottle/images/-ve/Damaged Bottle/snap_1193.jpg,2537,1927,0b820d4e996de6fb20179829d9e7190c5a5579d7f7159165d83b46e0ad6e9e1f,cls:-ve/Damaged Bottle#25,train,damaged_bottle,damaged_bottle,1,,,,0,none,,
cls:-ve/Damaged Bottle/snap_1194.jpg,classification,projects/om_bottle/images/-ve/Damaged Bottle/snap_1194.jpg,2537,1927,0d216cf9abbe77c136e17e33744d5c16af9f18dbba05af0cb849debccb98807d,cls:-ve/Damaged Bottle#25,train,damaged_bottle,damaged_bottle,1,,,,0,none,,
cls:-ve/Damaged Bottle/snap_1195.jpg,classification,projects/om_bottle/images/-ve/Damaged Bottle/snap_1195.jpg,2537,1927,fdd60b3f9b237a9220556cce9ea4935cc4574240264034655182799c37e2ef30,cls:-ve/Damaged Bottle#25,train,damaged_bottle,damaged_bottle,1,,,,0,none,,
cls:-ve/Damaged Bottle/snap_1196.jpg,classification,projects/om_bottle/images/-ve/Damaged Bottle/snap_1196.jpg,2537,1927,52f39174b3887259ab0400bcc3b6b59a508654b67874a39f5c87b09502c50e21,cls:-ve/Damaged Bottle#25,train,damaged_bottle,damaged_bottle,1,,,,0,none,,
cls:-ve/Damaged Bottle/snap_1197.jpg,classification,projects/om_bottle/images/-ve/Damaged Bottle/snap_1197.jpg,2537,1927,ea5e9bb7976936b17c698e6f4d5bf74a576884dfb2136cfb4fe4c78d00776b1b,cls:-ve/Damaged Bottle#25,train,damaged_bottle,damaged_bottle,1,,,,0,none,,
cls:-ve/Damaged Label/snap_402.jpg,classification,projects/om_bottle/images/-ve/Damaged Label/snap_402.jpg,2537,1927,ad88f3c5f2dc401d981eb33b2de57cc5e22ee395f94f0750f18c5f0d2bd7ab9d,cls:-ve/Damaged Label#1,train,damaged_label,damaged_label,1,,,,0,none,,
cls:-ve/Damaged Label/snap_403.jpg,classification,projects/om_bottle/images/-ve/Damaged Label/snap_403.jpg,2537,1927,ddd950e1193ec6487689b6585c54396463a89bf2a5ecf3748561ba06bf275261,cls:-ve/Damaged Label#2,val,damaged_label,damaged_label,1,,,,0,none,,
cls:-ve/Damaged Label/snap_404.jpg,classification,projects/om_bottle/images/-ve/Damaged Label/snap_404.jpg,2537,1927,bf4554751b21fc8e986be111a40737015cf9936ee8bfc3185742b8338286d645,cls:-ve/Damaged Label#2,val,damaged_label,damaged_label,1,,,,0,none,,
cls:-ve/Damaged Label/snap_405.jpg,classification,projects/om_bottle/images/-ve/Damaged Label/snap_405.jpg,2537,1927,6a983ea68eaec6852a3a51bb9d2a3633ef523f3e742c69312291b7c90e2595e1,cls:-ve/Damaged Label#2,val,damaged_label,damaged_label,1,,,,0,none,,
cls:-ve/Damaged Label/snap_406.jpg,classification,projects/om_bottle/images/-ve/Damaged Label/snap_406.jpg,2537,1927,5c430d04d509bfb3e46c2e6dedfdfc61bccbf1bbb50ed1438375fc2c02385e51,cls:-ve/Damaged Label#2,val,damaged_label,damaged_label,1,,,,0,none,,
cls:-ve/Damaged Label/snap_407.jpg,classification,projects/om_bottle/images/-ve/Damaged Label/snap_407.jpg,2537,1927,e16153417b7fc16ca189f0cd8cc39ebc3cdc2c91c37875f94a4df7144c2ee4a4,cls:-ve/Damaged Label#2,val,damaged_label,damaged_label,1,,,,0,none,,
cls:-ve/Damaged Label/snap_408.jpg,classification,projects/om_bottle/images/-ve/Damaged Label/snap_408.jpg,2537,1927,a641014d446bbf9c3a8f31a520cd137876a94056a2007a7173d6a0f13976e43e,cls:-ve/Damaged Label#2,val,damaged_label,damaged_label,1,,,,0,none,,
cls:-ve/Damaged Label/snap_409.jpg,classification,projects/om_bottle/images/-ve/Damaged Label/snap_409.jpg,2537,1927,879622077708440d6c12bb30569b690defa1253fc094de8a4e1a2b96bed35fc3,cls:-ve/Damaged Label#2,val,damaged_label,damaged_label,1,,,,0,none,,
cls:-ve/Damaged Label/snap_410.jpg,classification,projects/om_bottle/images/-ve/Damaged Label/snap_410.jpg,2537,1927,d104775cdc633eca761d25c12a496355dcb3b73d89a1dad2252c5df85f103348,cls:-ve/Damaged Label#2,val,damaged_label,damaged_label,1,,,,0,none,,
cls:-ve/Damaged Label/snap_411.jpg,classification,projects/om_bottle/images/-ve/Damaged Label/snap_411.jpg,2537,1927,9979588fb69046b9790b86214bdc91173056d3efa475021fbb6e62508905042b,cls:-ve/Damaged Label#2,val,damaged_label,damaged_label,1,,,,0,none,,
cls:-ve/Damaged Label/snap_412.jpg,classification,projects/om_bottle/images/-ve/Damaged Label/snap_412.jpg,2537,1927,39d8a27eb8984556b60d8026f0ffbe9cee850b0b65c957b468c5d5a48ea79b84,cls:-ve/Damaged Label#2,val,damaged_label,damaged_label,1,,,,0,none,,
cls:-ve/Damaged Label/snap_413.jpg,classification,projects/om_bottle/images/-ve/Damaged Label/snap_413.jpg,2537,1927,5adb7f3ae0affb0cc3280346f264d7df4b88e34e1e7da1113a51c976e386cea4,cls:-ve/Damaged Label#2,val,damaged_label,damaged_label,1,,,,0,none,,
cls:-ve/Damaged Label/snap_414.jpg,classification,projects/om_bottle/images/-ve/Damaged Label/snap_414.jpg,2537,1927,e6c37ddedc733106f36c97e70a4bec12ab9e8b5494a58cf66ceeb2482c256ae6,cls:-ve/Damaged Label#2,val,damaged_label,damaged_label,1,,,,0,none,,
cls:-ve/Damaged Label/snap_415.jpg,classification,projects/om_bottle/images/-ve/Damaged Label/snap_415.jpg,2537,1927,185618b63ed201977891432d2bf47033c7345bc0003314e24482aebfb2dcc2a7,cls:-ve/Damaged Label#2,val,damaged_label,damaged_label,1,,,,0,none,,
cls:-ve/Damaged Label/snap_416.jpg,classification,projects/om_bottle/images/-ve/Damaged Label/snap_416.jpg,2537,1927,6f00c9343108bb068844dc1e5c481162931ab4b651298fb07600daa118873d81,cls:-ve/Damaged Label#2,val,damaged_label,damaged_label,1,,,,0,none,,
cls:-ve/Damaged Label/snap_417.jpg,classification,projects/om_bottle/images/-ve/Damaged Label/snap_417.jpg,2537,1927,e3028233a5cb48c6e8e0f2491d993c49a92faea623029690452c6989a4900354,cls:-ve/Damaged Label#2,val,damaged_label,damaged_label,1,,,,0,none,,
cls:-ve/Damaged Label/snap_418.jpg,classification,projects/om_bottle/images/-ve/Damaged Label/snap_418.jpg,2537,1927,ca630830f83e98e650fabd49d4bfcfbfc976154466d037d0b85df861b3f4b55d,cls:-ve/Damaged Label#2,val,damaged_label,damaged_label,1,,,,0,none,,
cls:-ve/Damaged Label/snap_419.jpg,classification,projects/om_bottle/images/-ve/Damaged Label/snap_419.jpg,2537,1927,8ed469ecf62bc1b945cffd7937e1f1da9653cb3fbd3530a42a4de610764d211b,cls:-ve/Damaged Label#2,val,damaged_label,damaged_label,1,,,,0,none,,
cls:-ve/Damaged Label/snap_420.jpg,classification,projects/om_bottle/images/-ve/Damaged Label/snap_420.jpg,2537,1927,def99b247925f5e75c4a99210e168553bc20af76a47e8848321d56c1bd99151e,cls:-ve/Damaged Label#2,val,damaged_label,damaged_label,1,,,,0,none,,
cls:-ve/Damaged Label/snap_421.jpg,classification,projects/om_bottle/images/-ve/Damaged Label/snap_421.jpg,2537,1927,e4e592209586e18d50ec551d7c822da86a06c688c2416c40d978bcdccabdedb3,cls:-ve/Damaged Label#2,val,damaged_label,damaged_label,1,,,,0,none,,
cls:-ve/Damaged Label/snap_422.jpg,classification,projects/om_bottle/images/-ve/Damaged Label/snap_422.jpg,2537,1927,87d65c52928b4933371f7e78ae468389419dc684475a0b1bdc21c418e7ee09c3,cls:-ve/Damaged Label#2,val,damaged_label,damaged_label,1,,,,0,none,,
cls:-ve/Damaged Label/snap_423.jpg,classification,projects/om_bottle/images/-ve/Damaged Label/snap_423.jpg,2537,1927,17a31ea123381fcb27ba0dd7a400dfe1bffc058e626bc4042cabf16d61fb4f55,cls:-ve/Damaged Label#3,val,damaged_label,damaged_label,1,,,,0,none,,
cls:-ve/Damaged Label/snap_424.jpg,classification,projects/om_bottle/images/-ve/Damaged Label/snap_424.jpg,2537,1927,18e9dd819f0c8b5084486d946ddd29e21860f16e83ac88524e5ce10c3af8a724,cls:-ve/Damaged Label#3,val,damaged_label,damaged_label,1,,,,0,none,,
cls:-ve/Damaged Label/snap_425.jpg,classification,projects/om_bottle/images/-ve/Damaged Label/snap_425.jpg,2537,1927,3ae4fac6f62ba088d35cf2b08459baf6933d9e89b2f13af09e875389f2987feb,cls:-ve/Damaged Label#3,val,damaged_label,damaged_label,1,,,,0,none,,
cls:-ve/Damaged Label/snap_426.jpg,classification,projects/om_bottle/images/-ve/Damaged Label/snap_426.jpg,2537,1927,0a4cf9986951f09795025f843896bf65453981a36029851ea88a12ac6f218c62,cls:-ve/Damaged Label#3,val,damaged_label,damaged_label,1,,,,0,none,,
cls:-ve/Damaged Label/snap_427.jpg,classification,projects/om_bottle/images/-ve/Damaged Label/snap_427.jpg,2537,1927,6f4566095c77f03cfce450995adb6390260da8015f3adb9b102d0d297a0e23d4,cls:-ve/Damaged Label#3,val,damaged_label,damaged_label,1,,,,0,none,,
cls:-ve/Damaged Label/snap_428.jpg,classification,projects/om_bottle/images/-ve/Damaged Label/snap_428.jpg,2537,1927,d32f00324edfa9d68f33195cd98218f8a6f4bcde37924e80b93aa7e95f06a253,cls:-ve/Damaged Label#3,val,damaged_label,damaged_label,1,,,,0,none,,
cls:-ve/Damaged Label/snap_429.jpg,classification,projects/om_bottle/images/-ve/Damaged Label/snap_429.jpg,2537,1927,1f99bb15a362d1810989b3dbe720ed7f0b1ca8fca8fb48671d7dd6e9635af870,cls:-ve/Damaged Label#3,val,damaged_label,damaged_label,1,,,,0,none,,
cls:-ve/Damaged Label/snap_430.jpg,classification,projects/om_bottle/images/-ve/Damaged Label/snap_430.jpg,2537,1927,77105589f0ed11707d7e3c8db47d8ea2ccf84e4551852b2915e846e67c2bd7bb,cls:-ve/Damaged Label#3,val,damaged_label,damaged_label,1,,,,0,none,,
cls:-ve/Damaged Label/snap_431.jpg,classification,projects/om_bottle/images/-ve/Damaged Label/snap_431.jpg,2537,1927,2a7fc0c2a0a73a5500378e523af378e17b2245a077cad2c46a588a927b7b719f,cls:-ve/Damaged Label#3,val,damaged_label,damaged_label,1,,,,0,none,,
cls:-ve/Damaged Label/snap_432.jpg,classification,projects/om_bottle/images/-ve/Damaged Label/snap_432.jpg,2537,1927,d0075d7c1853eedf3517b0f6d2eedc6f95a36288773ba970ca816fbd1673cba8,cls:-ve/Damaged Label#3,val,damaged_label,damaged_label,1,,,,0,none,,
cls:-ve/Damaged Label/snap_433.jpg,classification,projects/om_bottle/images/-ve/Damaged Label/snap_433.jpg,2537,1927,d37e9d1cc77e8d60c8d86046ded097699ef9213a6e1211c216d316945cc9fccb,cls:-ve/Damaged Label#3,val,damaged_label,damaged_label,1,,,,0,none,,
cls:-ve/Damaged Label/snap_434.jpg,classification,projects/om_bottle/images/-ve/Damaged Label/snap_434.jpg,2537,1927,bd862e2ee66677f7018a4eac7fe2a83e2eb73586bce77c6788c51be0bc68adc6,cls:-ve/Damaged Label#3,val,damaged_label,damaged_label,1,,,,0,none,,
cls:-ve/Damaged Label/snap_435.jpg,classification,projects/om_bottle/images/-ve/Damaged Label/snap_435.jpg,2537,1927,5bb80f336931ce33bf03b94083c5c1db2fcace2cd2bbbd39bdb1b4d306de3036,cls:-ve/Damaged Label#3,val,damaged_label,damaged_label,1,,,,0,none,,
cls:-ve/Damaged Label/snap_436.jpg,classification,projects/om_bottle/images/-ve/Damaged Label/snap_436.jpg,2537,1927,85d2060737159f16bf6bdb7979fdcdbe32197b7188539f86482ce6e8fb9144a7,cls:-ve/Damaged Label#3,val,damaged_label,damaged_label,1,,,,0,none,,
cls:-ve/Damaged Label/snap_437.jpg,classification,projects/om_bottle/images/-ve/Damaged Label/snap_437.jpg,2537,1927,c65b45d82864210f981b235b09737e1942f0b608faf0da43257479ea26309207,cls:-ve/Damaged Label#3,val,damaged_label,damaged_label,1,,,,0,none,,
cls:-ve/Damaged Label/snap_438.jpg,classification,projects/om_bottle/images/-ve/Damaged Label/snap_438.jpg,2537,1927,3778e69c6a8dd09ee2091f941586d4caaa0c1e2cfadc6c2942a3c18ab09a50b2,cls:-ve/Damaged Label#3,val,damaged_label,damaged_label,1,,,,0,none,,
cls:-ve/Damaged Label/snap_439.jpg,classification,projects/om_bottle/images/-ve/Damaged Label/snap_439.jpg,2537,1927,399064a9c2823903c3bcd6b4ee071c39b85c081ea77809a44795bd55158b6ffb,cls:-ve/Damaged Label#3,val,damaged_label,damaged_label,1,,,,0,none,,
cls:-ve/Damaged Label/snap_440.jpg,classification,projects/om_bottle/images/-ve/Damaged Label/snap_440.jpg,2537,1927,67dd58b459cf0001865ca6af221af6704ae4daf3e4bbc51504a604ea6868f238,cls:-ve/Damaged Label#4,train,damaged_label,damaged_label,1,,,,0,none,,
cls:-ve/Damaged Label/snap_441.jpg,classification,projects/om_bottle/images/-ve/Damaged Label/snap_441.jpg,2537,1927,0f73ca0287d585fa26456ceb6af2c28925658e3f8af70bb1b149e40160ccdbb8,cls:-ve/Damaged Label#4,train,damaged_label,damaged_label,1,,,,0,none,,
cls:-ve/Damaged Label/snap_442.jpg,classification,projects/om_bottle/images/-ve/Damaged Label/snap_442.jpg,2537,1927,fd3022bbbde0e08a42c4cabcbc516a8e3295cec3f630e29e93ffc77f82ad4784,cls:-ve/Damaged Label#4,train,damaged_label,damaged_label,1,,,,0,none,,
cls:-ve/Damaged Label/snap_443.jpg,classification,projects/om_bottle/images/-ve/Damaged Label/snap_443.jpg,2537,1927,2410666937bfda24fd3dc636c7bf4eed4c9ebfd7de1115ab8952f7f40592ec78,cls:-ve/Damaged Label#4,train,damaged_label,damaged_label,1,,,,0,none,,
cls:-ve/Damaged Label/snap_444.jpg,classification,projects/om_bottle/images/-ve/Damaged Label/snap_444.jpg,2537,1927,0de86d470a9d2c4048b07acad15b0c4e15af2a343dc0b9ff28676d8013286610,cls:-ve/Damaged Label#4,train,damaged_label,damaged_label,1,,,,0,none,,
cls:-ve/Damaged Label/snap_445.jpg,classification,projects/om_bottle/images/-ve/Damaged Label/snap_445.jpg,2537,1927,59ff85b28d74e86b56049c6d2a7d0304f4c18e3ddd53ac46e213feecf640397a,cls:-ve/Damaged Label#4,train,damaged_label,damaged_label,1,,,,0,none,,
cls:-ve/Damaged Label/snap_446.jpg,classification,projects/om_bottle/images/-ve/Damaged Label/snap_446.jpg,2537,1927,37ed5ef8187559b12dbf68f205561aab1ce5f6287b5283a28274210d0798cb77,cls:-ve/Damaged Label#5,train,damaged_label,damaged_label,1,,,,0,none,,
cls:-ve/Damaged Label/snap_447.jpg,classification,projects/om_bottle/images/-ve/Damaged Label/snap_447.jpg,2537,1927,1cc349d57732ea690ba1df6242b37edec7eb72980b8d1f9558c8bd74f0b25f90,cls:-ve/Damaged Label#5,train,damaged_label,damaged_label,1,,,,0,none,,
cls:-ve/Damaged Label/snap_448.jpg,classification,projects/om_bottle/images/-ve/Damaged Label/snap_448.jpg,2537,1927,0788e51f8e7e12d01ef90643af49e82a80b354ac91341533d83acc2505d5a5da,cls:-ve/Damaged Label#5,train,damaged_label,damaged_label,1,,,,0,none,,
cls:-ve/Damaged Label/snap_449.jpg,classification,projects/om_bottle/images/-ve/Damaged Label/snap_449.jpg,2537,1927,727673ec0cefd42fd28a3d124ecb6a4c8b3365e57d39cf8347cf5be57577a356,cls:-ve/Damaged Label#5,train,damaged_label,damaged_label,1,,,,0,none,,
cls:-ve/Damaged Label/snap_450.jpg,classification,projects/om_bottle/images/-ve/Damaged Label/snap_450.jpg,2537,1927,3981bbc44c96f5af4bb683ab5e53f68e9edb511c8478db8227dd4bf8ef2aa676,cls:-ve/Damaged Label#5,train,damaged_label,damaged_label,1,,,,0,none,,
cls:-ve/Damaged Label/snap_451.jpg,classification,projects/om_bottle/images/-ve/Damaged Label/snap_451.jpg,2537,1927,961ac9ad375e5bf6f04c1c6df80de34da3f0a731a5eb0c069880541f4980e417,cls:-ve/Damaged Label#5,train,damaged_label,damaged_label,1,,,,0,none,,
cls:-ve/Damaged Label/snap_452.jpg,classification,projects/om_bottle/images/-ve/Damaged Label/snap_452.jpg,2537,1927,709a7cddd5527ca7b613bc6699687544c38e3db9cefaba1e8026e9d831c9b7be,cls:-ve/Damaged Label#5,train,damaged_label,damaged_label,1,,,,0,none,,
cls:-ve/Damaged Label/snap_453.jpg,classification,projects/om_bottle/images/-ve/Damaged Label/snap_453.jpg,2537,1927,9da9fa3240f1838bd9e5c88d0a33c75d97b8c0115ea198f13c4842a8c88249d6,cls:-ve/Damaged Label#5,train,damaged_label,damaged_label,1,,,,0,none,,
cls:-ve/Damaged Label/snap_454.jpg,classification,projects/om_bottle/images/-ve/Damaged Label/snap_454.jpg,2537,1927,a4902b4180816a7de23fd63ccdc70e733a8d8cf8196409e60d8f1e67f1b44f3b,cls:-ve/Damaged Label#5,train,damaged_label,damaged_label,1,,,,0,none,,
cls:-ve/Damaged Label/snap_455.jpg,classification,projects/om_bottle/images/-ve/Damaged Label/snap_455.jpg,2537,1927,8e629c60608cb491f9e748d1bdbd4e049e2936ec7f06d83fcc908f3046ff9ec6,cls:-ve/Damaged Label#5,train,damaged_label,damaged_label,1,,,,0,none,,
cls:-ve/Damaged Label/snap_456.jpg,classification,projects/om_bottle/images/-ve/Damaged Label/snap_456.jpg,2537,1927,25b5fdb6105f292881d9925bf7697d466dae37b1fca6cf453b9fce648aedd150,cls:-ve/Damaged Label#5,train,damaged_label,damaged_label,1,,,,0,none,,
cls:-ve/Damaged Label/snap_457.jpg,classification,projects/om_bottle/images/-ve/Damaged Label/snap_457.jpg,2537,1927,5f47f95073e6759cd9fe3f63175f5991f3f8c3646a334bce670d0ae53ee0e73d,cls:-ve/Damaged Label#5,train,damaged_label,damaged_label,1,,,,0,none,,
cls:-ve/Damaged Label/snap_458.jpg,classification,projects/om_bottle/images/-ve/Damaged Label/snap_458.jpg,2537,1927,701dbcec93a863df50f7d83170933b5db393ae6d6d111269b6872aee8d0e009e,cls:-ve/Damaged Label#5,train,damaged_label,damaged_label,1,,,,0,none,,
cls:-ve/Damaged Label/snap_459.jpg,classification,projects/om_bottle/images/-ve/Damaged Label/snap_459.jpg,2537,1927,717927764919705aeace7dd10e01aeea26b8cc54c030e2e88aab009e61d6c79a,cls:-ve/Damaged Label#5,train,damaged_label,damaged_label,1,,,,0,none,,
cls:-ve/Damaged Label/snap_460.jpg,classification,projects/om_bottle/images/-ve/Damaged Label/snap_460.jpg,2537,1927,48305a2a2f39f7b2a8c57436de427c43c4225f0985f3d3e559df1ac5a10f9568,cls:-ve/Damaged Label#5,train,damaged_label,damaged_label,1,,,,0,none,,
cls:-ve/Damaged Label/snap_461.jpg,classification,projects/om_bottle/images/-ve/Damaged Label/snap_461.jpg,2537,1927,9743fba9cdd0e49f6087ef54f3fcbe612a5cc303422c31ebb7da5b578e06db57,cls:-ve/Damaged Label#6,train,damaged_label,damaged_label,1,,,,0,none,,
cls:-ve/Damaged Label/snap_462.jpg,classification,projects/om_bottle/images/-ve/Damaged Label/snap_462.jpg,2537,1927,f6fe088b837b664741dd39999eb2bccfc0917b414351fd470af1c8261a2e9e9d,cls:-ve/Damaged Label#6,train,damaged_label,damaged_label,1,,,,0,none,,
cls:-ve/Damaged Label/snap_463.jpg,classification,projects/om_bottle/images/-ve/Damaged Label/snap_463.jpg,2537,1927,2265abab8831e32ae9323cb2ad0518f2d65a2cce25f35d23e67613667200d7ab,cls:-ve/Damaged Label#6,train,damaged_label,damaged_label,1,,,,0,none,,
cls:-ve/Damaged Label/snap_464.jpg,classification,projects/om_bottle/images/-ve/Damaged Label/snap_464.jpg,2537,1927,b46c029fb64ed2840814e5c5ff4cd147886422ca4c10a89502fe1a631d2b7f5d,cls:-ve/Damaged Label#6,train,damaged_label,damaged_label,1,,,,0,none,,
cls:-ve/Damaged Label/snap_465.jpg,classification,projects/om_bottle/images/-ve/Damaged Label/snap_465.jpg,2537,1927,8e60e794e85c5f7244aa13866022cdbe0f2cb1198f5edc91782f3fcc2131cb36,cls:-ve/Damaged Label#6,train,damaged_label,damaged_label,1,,,,0,none,,
cls:-ve/Damaged Label/snap_466.jpg,classification,projects/om_bottle/images/-ve/Damaged Label/snap_466.jpg,2537,1927,7c286733facb70260dd5ff86092d8bfd425e2b95aa97c5b385a265eaf4e8975b,cls:-ve/Damaged Label#6,train,damaged_label,damaged_label,1,,,,0,none,,
cls:-ve/Damaged Label/snap_467.jpg,classification,projects/om_bottle/images/-ve/Damaged Label/snap_467.jpg,2537,1927,4be6cd826cd77b97a66396ea16a46d54a73c321457f9450ab3592683117a5e9e,cls:-ve/Damaged Label#7,train,damaged_label,damaged_label,1,,,,0,none,,
cls:-ve/Damaged Label/snap_468.jpg,classification,projects/om_bottle/images/-ve/Damaged Label/snap_468.jpg,2537,1927,aa1f247f9c671adc38f561a72df29ef48aa34940c37d808b33b2bd45424b41b1,cls:-ve/Damaged Label#7,train,damaged_label,damaged_label,1,,,,0,none,,
cls:-ve/Damaged Label/snap_469.jpg,classification,projects/om_bottle/images/-ve/Damaged Label/snap_469.jpg,2537,1927,172e910c49029bb3e97157d345818eafdf25abeed2805287de529c58b34b2708,cls:-ve/Damaged Label#7,train,damaged_label,damaged_label,1,,,,0,none,,
cls:-ve/Damaged Label/snap_470.jpg,classification,projects/om_bottle/images/-ve/Damaged Label/snap_470.jpg,2537,1927,07a233e3aad3e615742e29f0266b20055f04eddcf1852fe1d9be0217318a271e,cls:-ve/Damaged Label#7,train,damaged_label,damaged_label,1,,,,0,none,,
cls:-ve/Damaged Label/snap_471.jpg,classification,projects/om_bottle/images/-ve/Damaged Label/snap_471.jpg,2537,1927,3a209dcbfc35d865a4e460b4ae755e57924838d5e2d167d6f3d6d91f4c70efe6,cls:-ve/Damaged Label#7,train,damaged_label,damaged_label,1,,,,0,none,,
cls:-ve/Damaged Label/snap_472.jpg,classification,projects/om_bottle/images/-ve/Damaged Label/snap_472.jpg,2537,1927,2e0f6440030d7e013acf4e2175251e698d28f6b74cb1ab8132e2d2859e878795,cls:-ve/Damaged Label#7,train,damaged_label,damaged_label,1,,,,0,none,,
cls:-ve/Damaged Label/snap_473.jpg,classification,projects/om_bottle/images/-ve/Damaged Label/snap_473.jpg,2537,1927,b7994cd2c59d3fb52e2dc2531ba444ba55aad4c78af0d0205ef0a0b5f15d365d,cls:-ve/Damaged Label#8,train,damaged_label,damaged_label,1,,,,0,none,,
cls:-ve/Damaged Label/snap_474.jpg,classification,projects/om_bottle/images/-ve/Damaged Label/snap_474.jpg,2537,1927,7d9f73c60c292c8d32f932101ae80b2f4689c9ccb4a778e2555b6ea81dfa14dc,cls:-ve/Damaged Label#9,train,damaged_label,damaged_label,1,,,,0,none,,
cls:-ve/Damaged Label/snap_475.jpg,classification,projects/om_bottle/images/-ve/Damaged Label/snap_475.jpg,2537,1927,a121a6dbed4e2874dcb1f0016da86b6d3a12a27aefda19f3f6d0330cdc3107b7,cls:-ve/Damaged Label#9,train,damaged_label,damaged_label,1,,,,0,none,,
cls:-ve/Damaged Label/snap_476.jpg,classification,projects/om_bottle/images/-ve/Damaged Label/snap_476.jpg,2537,1927,094ded4155860011dcbd36ad7059cc1ed28ac6a4cf6c51db9c48f1bc7047552f,cls:-ve/Damaged Label#9,train,damaged_label,damaged_label,1,,,,0,none,,
cls:-ve/Damaged Label/snap_477.jpg,classification,projects/om_bottle/images/-ve/Damaged Label/snap_477.jpg,2537,1927,93c6d3af7f9612157720c308af8d7e439e562c0c67a215012ad50efa98517974,cls:-ve/Damaged Label#9,train,damaged_label,damaged_label,1,,,,0,none,,
cls:-ve/Damaged Label/snap_478.jpg,classification,projects/om_bottle/images/-ve/Damaged Label/snap_478.jpg,2537,1927,30683b59059b664c8988bbbdd56fe5f22330e3e8641165a75c75d62aa2d33ca3,cls:-ve/Damaged Label#9,train,damaged_label,damaged_label,1,,,,0,none,,
cls:-ve/Damaged Label/snap_479.jpg,classification,projects/om_bottle/images/-ve/Damaged Label/snap_479.jpg,2537,1927,d39b92b3315ea129c98ca2d12ec050b28c4466b9f275fd33a472107ee6356efe,cls:-ve/Damaged Label#9,train,damaged_label,damaged_label,1,,,,0,none,,
cls:-ve/Damaged Label/snap_480.jpg,classification,projects/om_bottle/images/-ve/Damaged Label/snap_480.jpg,2537,1927,58d5ca7edd609eb8ccfd12f29e14c5a367dc277e1e4d9fce18396fa30efaea73,cls:-ve/Damaged Label#9,train,damaged_label,damaged_label,1,,,,0,none,,
cls:-ve/Damaged Label/snap_481.jpg,classification,projects/om_bottle/images/-ve/Damaged Label/snap_481.jpg,2537,1927,b5efe9be5edd5da4723e37f5cf8e85f9c2862f51e70202c17842355a7180db96,cls:-ve/Damaged Label#9,train,damaged_label,damaged_label,1,,,,0,none,,
cls:-ve/Damaged Label/snap_482.jpg,classification,projects/om_bottle/images/-ve/Damaged Label/snap_482.jpg,2537,1927,2b0384a9d31a11b9db0b9da7bd4c040202e863500f0d365c2b2fd27d133cbb60,cls:-ve/Damaged Label#9,train,damaged_label,damaged_label,1,,,,0,none,,
cls:-ve/Damaged Label/snap_483.jpg,classification,projects/om_bottle/images/-ve/Damaged Label/snap_483.jpg,2537,1927,6fdd5f32632592cb4d23b36bee8732782ba8dc759afb9f16c969088cf17f88ba,cls:-ve/Damaged Label#9,train,damaged_label,damaged_label,1,,,,0,none,,
cls:-ve/Damaged Label/snap_484.jpg,classification,projects/om_bottle/images/-ve/Damaged Label/snap_484.jpg,2537,1927,3b307a69ccdc626bdb6bf69f301e7d6a10990a1b200cdf77cdb954c4ada39bda,cls:-ve/Damaged Label#9,train,damaged_label,damaged_label,1,,,,0,none,,
cls:-ve/Damaged Label/snap_485.jpg,classification,projects/om_bottle/images/-ve/Damaged Label/snap_485.jpg,2537,1927,4a27ab6f534349dac106c825b07893315bdffd792d4b3e224b3ec5c56a3fadf0,cls:-ve/Damaged Label#9,train,damaged_label,damaged_label,1,,,,0,none,,
cls:-ve/Damaged Label/snap_486.jpg,classification,projects/om_bottle/images/-ve/Damaged Label/snap_486.jpg,2537,1927,051f9faaa475b03ca58963762132cef8b81dfe73ba0cc41f1c7d29a812f5b41b,cls:-ve/Damaged Label#9,train,damaged_label,damaged_label,1,,,,0,none,,
cls:-ve/Damaged Label/snap_487.jpg,classification,projects/om_bottle/images/-ve/Damaged Label/snap_487.jpg,2537,1927,c2477f49944e2b6980a473f27a1af1c5de6552fd69b3bc2b73ff519dae24710a,cls:-ve/Damaged Label#9,train,damaged_label,damaged_label,1,,,,0,none,,
cls:-ve/Damaged Label/snap_488.jpg,classification,projects/om_bottle/images/-ve/Damaged Label/snap_488.jpg,2537,1927,abd83821f495f0421df109cd49e6d83a9a2b1d044dc2fa73737479e76046d994,cls:-ve/Damaged Label#9,train,damaged_label,damaged_label,1,,,,0,none,,
cls:-ve/Damaged Label/snap_489.jpg,classification,projects/om_bottle/images/-ve/Damaged Label/snap_489.jpg,2537,1927,e51912735c817e68c7d71ffaee498323ed9ad389c070f5bc298a212c7c039faf,cls:-ve/Damaged Label#9,train,damaged_label,damaged_label,1,,,,0,none,,
cls:-ve/Damaged Label/snap_490.jpg,classification,projects/om_bottle/images/-ve/Damaged Label/snap_490.jpg,2537,1927,de0b2e6331dad9457e96e2eb62399cf458bd82c158edafa03d7ec9389695db21,cls:-ve/Damaged Label#9,train,damaged_label,damaged_label,1,,,,0,none,,
cls:-ve/Damaged Label/snap_491.jpg,classification,projects/om_bottle/images/-ve/Damaged Label/snap_491.jpg,2537,1927,788bcf834d01c5d902f5d03169770700d10639244a92b9d94f4023143638faf7,cls:-ve/Damaged Label#9,train,damaged_label,damaged_label,1,,,,0,none,,
cls:-ve/Damaged Label/snap_492.jpg,classification,projects/om_bottle/images/-ve/Damaged Label/snap_492.jpg,2537,1927,bc1a93417dc6b502f6424130e122919d0603af7ea34dcd1d0d54eb0e6faf441f,cls:-ve/Damaged Label#9,train,damaged_label,damaged_label,1,,,,0,none,,
cls:-ve/Damaged Label/snap_493.jpg,classification,projects/om_bottle/images/-ve/Damaged Label/snap_493.jpg,2537,1927,ec94340126383f7a02b90ee794dbb4e74998b9040c987e2e24573a90b49c9610,cls:-ve/Damaged Label#9,train,damaged_label,damaged_label,1,,,,0,none,,
cls:-ve/Damaged Label/snap_494.jpg,classification,projects/om_bottle/images/-ve/Damaged Label/snap_494.jpg,2537,1927,9382545196da5894ae119665800de4f15528a719da34050a28ef088878d04fc7,cls:-ve/Damaged Label#9,train,damaged_label,damaged_label,1,,,,0,none,,
cls:-ve/Damaged Label/snap_495.jpg,classification,projects/om_bottle/images/-ve/Damaged Label/snap_495.jpg,2537,1927,2519c2f46fa07a72676518cfc8cead520ceb3fea890c0da9077868f87addcdb6,cls:-ve/Damaged Label#9,train,damaged_label,damaged_label,1,,,,0,none,,
cls:-ve/Damaged Label/snap_496.jpg,classification,projects/om_bottle/images/-ve/Damaged Label/snap_496.jpg,2537,1927,91b8c4772e745db6ca4cddec0572b41200712f27e08d088c83d81a4e32882533,cls:-ve/Damaged Label#9,train,damaged_label,damaged_label,1,,,,0,none,,
cls:-ve/Damaged Label/snap_497.jpg,classification,projects/om_bottle/images/-ve/Damaged Label/snap_497.jpg,2537,1927,a6213bd3e19efa02ae4c4bd85fff0d20a5721a83a4614ae2a7f3e48f05c115be,cls:-ve/Damaged Label#9,train,damaged_label,damaged_label,1,,,,0,none,,
cls:-ve/Damaged Label/snap_498.jpg,classification,projects/om_bottle/images/-ve/Damaged Label/snap_498.jpg,2537,1927,474fb768e38ec16ba157956690a349a338e1848a611465fad60af61aa3975590,cls:-ve/Damaged Label#9,train,damaged_label,damaged_label,1,,,,0,none,,
cls:-ve/Damaged Label/snap_499.jpg,classification,projects/om_bottle/images/-ve/Damaged Label/snap_499.jpg,2537,1927,d3d9d2e1119d726eaeec28c348cf9d6fd61677940252b1ffd60fc578a10a1641,cls:-ve/Damaged Label#9,train,damaged_label,damaged_label,1,,,,0,none,,
cls:-ve/Damaged Label/snap_500.jpg,classification,projects/om_bottle/images/-ve/Damaged Label/snap_500.jpg,2537,1927,99b56cbdf3e995adb3ec4ea2f7ec9142d3154ba6bdd9c48aed8bd600824065c7,cls:-ve/Damaged Label#9,train,damaged_label,damaged_label,1,,,,0,none,,
cls:-ve/Damaged Label/snap_501.jpg,classification,projects/om_bottle/images/-ve/Damaged Label/snap_501.jpg,2537,1927,0e2b8ccf2522062d43e7e133cf377cf89d00a07aa8446ef56b22518e8d291794,cls:-ve/Damaged Label#9,train,damaged_label,damaged_label,1,,,,0,none,,
cls:-ve/Damaged Label/snap_502.jpg,classification,projects/om_bottle/images/-ve/Damaged Label/snap_502.jpg,2537,1927,904165580272b0e1bd1f7e52419b3324a49fa658215732be0447c739a62385ed,cls:-ve/Damaged Label#9,train,damaged_label,damaged_label,1,,,,0,none,,
cls:-ve/Damaged Label/snap_503.jpg,classification,projects/om_bottle/images/-ve/Damaged Label/snap_503.jpg,2537,1927,306401c44b9065e0269cce9d1fc5a3858fb3a80dc9a1da69398e694aadbdaaeb,cls:-ve/Damaged Label#9,train,damaged_label,damaged_label,1,,,,0,none,,
cls:-ve/Damaged Label/snap_504.jpg,classification,projects/om_bottle/images/-ve/Damaged Label/snap_504.jpg,2537,1927,28d03bfbe941ab81eaadd9c97adb04fb4e25804d1a1bcb7e8c9140a23f2131a8,cls:-ve/Damaged Label#10,train,damaged_label,damaged_label,1,,,,0,none,,
cls:-ve/Damaged Label/snap_505.jpg,classification,projects/om_bottle/images/-ve/Damaged Label/snap_505.jpg,2537,1927,d53893a9246c324afb7202e7977052728f2c05c68308b3990e8211bf786e4634,cls:-ve/Damaged Label#10,train,damaged_label,damaged_label,1,,,,0,none,,
cls:-ve/Damaged Label/snap_506.jpg,classification,projects/om_bottle/images/-ve/Damaged Label/snap_506.jpg,2537,1927,a1864e846622fe0a43c12acabb6d18ad2643a0f68bd92e575c164aac165dfbcc,cls:-ve/Damaged Label#10,train,damaged_label,damaged_label,1,,,,0,none,,
cls:-ve/Damaged Label/snap_507.jpg,classification,projects/om_bottle/images/-ve/Damaged Label/snap_507.jpg,2537,1927,3b9e86575ead85cdd5d1f114896f0f6c48765fe6dede8b6edfba4cd79446dd10,cls:-ve/Damaged Label#10,train,damaged_label,damaged_label,1,,,,0,none,,
cls:-ve/Damaged Label/snap_508.jpg,classification,projects/om_bottle/images/-ve/Damaged Label/snap_508.jpg,2537,1927,bc9c5226f4bcb7ca770e66444d14743f1319390f341f956e44e1e53f876aba08,cls:-ve/Damaged Label#10,train,damaged_label,damaged_label,1,,,,0,none,,
cls:-ve/Damaged Label/snap_509.jpg,classification,projects/om_bottle/images/-ve/Damaged Label/snap_509.jpg,2537,1927,b4b1435aaea423602184d5413675e93f5eb3111276e70cc5779ec02a3081be6f,cls:-ve/Damaged Label#10,train,damaged_label,damaged_label,1,,,,0,none,,
cls:-ve/Damaged Label/snap_510.jpg,classification,projects/om_bottle/images/-ve/Damaged Label/snap_510.jpg,2537,1927,a1d9b40b04da130f1dc755bb0291f4eeb8138127d42f02110bf6e20806ea6a8d,cls:-ve/Damaged Label#10,train,damaged_label,damaged_label,1,,,,0,none,,
cls:-ve/Damaged Label/snap_511.jpg,classification,projects/om_bottle/images/-ve/Damaged Label/snap_511.jpg,2537,1927,57f94f85cdeefc453b3a78bd448ba516811368d69379057fce9bd597be789a56,cls:-ve/Damaged Label#10,train,damaged_label,damaged_label,1,,,,0,none,,
cls:-ve/Damaged Label/snap_512.jpg,classification,projects/om_bottle/images/-ve/Damaged Label/snap_512.jpg,2537,1927,630bfec6a692e1674ea7a2b5ae1602cc05762336b94e155cc0124bd40aa16932,cls:-ve/Damaged Label#10,train,damaged_label,damaged_label,1,,,,0,none,,
cls:-ve/Damaged Label/snap_513.jpg,classification,projects/om_bottle/images/-ve/Damaged Label/snap_513.jpg,2537,1927,42b97582e3691671d4572f7969a29a39839cc2aca1026f25dde92384dc972fbe,cls:-ve/Damaged Label#11,test,damaged_label,damaged_label,1,,,,0,none,,
cls:-ve/Damaged Label/snap_514.jpg,classification,projects/om_bottle/images/-ve/Damaged Label/snap_514.jpg,2537,1927,9dd809ef747660851b7788d635c6de40be761f5abbfcd21099e41ad05b1de511,cls:-ve/Damaged Label#11,test,damaged_label,damaged_label,1,,,,0,none,,
cls:-ve/Damaged Label/snap_515.jpg,classification,projects/om_bottle/images/-ve/Damaged Label/snap_515.jpg,2537,1927,3e7e6c72eb3f932b3bac409d480a5f5a9893078a419db38ea42ea64fac1ef799,cls:-ve/Damaged Label#11,test,damaged_label,damaged_label,1,,,,0,none,,
cls:-ve/Damaged Label/snap_516.jpg,classification,projects/om_bottle/images/-ve/Damaged Label/snap_516.jpg,2537,1927,ff8bf1ed74b34ce2c58634204341899e2f3bd56256dce89effe9f783dd993886,cls:-ve/Damaged Label#11,test,damaged_label,damaged_label,1,,,,0,none,,
cls:-ve/Damaged Label/snap_517.jpg,classification,projects/om_bottle/images/-ve/Damaged Label/snap_517.jpg,2537,1927,5188fb525553ea1cb72f95a549ba43edde7050959e7ec88d43e69c4b02077bc3,cls:-ve/Damaged Label#11,test,damaged_label,damaged_label,1,,,,0,none,,
cls:-ve/Damaged Label/snap_518.jpg,classification,projects/om_bottle/images/-ve/Damaged Label/snap_518.jpg,2537,1927,a99cf3c440084e00292ef89f54a96ee021e417cd4693b47a5e9df51bc3b94fbc,cls:-ve/Damaged Label#11,test,damaged_label,damaged_label,1,,,,0,none,,
cls:-ve/Damaged Label/snap_519.jpg,classification,projects/om_bottle/images/-ve/Damaged Label/snap_519.jpg,2537,1927,5a046d25ed2100a435d86b7d929af58e136c981bfb71d85436d172164f1f7bdc,cls:-ve/Damaged Label#11,test,damaged_label,damaged_label,1,,,,0,none,,
cls:-ve/Damaged Label/snap_520.jpg,classification,projects/om_bottle/images/-ve/Damaged Label/snap_520.jpg,2537,1927,2e94c90e1362d3715b723850fda63031feab952d8467feec40297aa5cf7943a9,cls:-ve/Damaged Label#11,test,damaged_label,damaged_label,1,,,,0,none,,
cls:-ve/Damaged Label/snap_521.jpg,classification,projects/om_bottle/images/-ve/Damaged Label/snap_521.jpg,2537,1927,9fe3b1130359e1c577690f6f7e09db35efda0633cc6873919f566c01ff1be176,cls:-ve/Damaged Label#11,test,damaged_label,damaged_label,1,,,,0,none,,
cls:-ve/Damaged Label/snap_522.jpg,classification,projects/om_bottle/images/-ve/Damaged Label/snap_522.jpg,2537,1927,ffba3477cc77985e8a5da4c0cfce85e0e28d056dbd144027a17627b5e01f99a0,cls:-ve/Damaged Label#12,test,damaged_label,damaged_label,1,,,,0,none,,
cls:-ve/Damaged Label/snap_523.jpg,classification,projects/om_bottle/images/-ve/Damaged Label/snap_523.jpg,2537,1927,6d69fa0c4af78f8b399c0fd9865106f14081c1047e4bc5d5f94f48a93ca2ef19,cls:-ve/Damaged Label#12,test,damaged_label,damaged_label,1,,,,0,none,,
cls:-ve/Damaged Label/snap_524.jpg,classification,projects/om_bottle/images/-ve/Damaged Label/snap_524.jpg,2537,1927,c6ff8e18c952c36952d9031b1f5517dc01a8a00200d9f6572cd4688b82ae673a,cls:-ve/Damaged Label#12,test,damaged_label,damaged_label,1,,,,0,none,,
cls:-ve/Damaged Label/snap_525.jpg,classification,projects/om_bottle/images/-ve/Damaged Label/snap_525.jpg,2537,1927,9083c501609295b41df5caeb0572341037c15f4df1e7b2e422ce0fbee0409345,cls:-ve/Damaged Label#12,test,damaged_label,damaged_label,1,,,,0,none,,
cls:-ve/Damaged Label/snap_526.jpg,classification,projects/om_bottle/images/-ve/Damaged Label/snap_526.jpg,2537,1927,60dc3a8feb6b2bbea696da8379dbddd3ee814ec7af97b2a71fb884e1f011f721,cls:-ve/Damaged Label#12,test,damaged_label,damaged_label,1,,,,0,none,,
cls:-ve/Damaged Label/snap_527.jpg,classification,projects/om_bottle/images/-ve/Damaged Label/snap_527.jpg,2537,1927,e065cca6c0863e2969ab4873d50d81371d47f7e2256b36d25a62d5086a1c4868,cls:-ve/Damaged Label#12,test,damaged_label,damaged_label,1,,,,0,none,,
cls:-ve/Damaged Label/snap_528.jpg,classification,projects/om_bottle/images/-ve/Damaged Label/snap_528.jpg,2537,1927,adbd3a0132a48e3870d350cb881bb958b785d1c7defa03f1be61598571ee198e,cls:-ve/Damaged Label#12,test,damaged_label,damaged_label,1,,,,0,none,,
cls:-ve/Damaged Label/snap_529.jpg,classification,projects/om_bottle/images/-ve/Damaged Label/snap_529.jpg,2537,1927,f502da8ccd359e47e59568fb84198d178e47929ff19f2f455b91b67ea8969857,cls:-ve/Damaged Label#12,test,damaged_label,damaged_label,1,,,,0,none,,
cls:-ve/Damaged Label/snap_530.jpg,classification,projects/om_bottle/images/-ve/Damaged Label/snap_530.jpg,2537,1927,cc0b0d4bec3273adead7ef7211edf2b2c998caef9900436ac8a3383b4cc408a5,cls:-ve/Damaged Label#13,train,damaged_label,damaged_label,1,,,,0,none,,
cls:-ve/Damaged Label/snap_531.jpg,classification,projects/om_bottle/images/-ve/Damaged Label/snap_531.jpg,2537,1927,a4d95f2adfe36ef0d839653c9f5b4630030411c44851c800fb73a3f36ab960ef,cls:-ve/Damaged Label#13,train,damaged_label,damaged_label,1,,,,0,none,,
cls:-ve/Damaged Label/snap_532.jpg,classification,projects/om_bottle/images/-ve/Damaged Label/snap_532.jpg,2537,1927,db772da845f7dc4c25261f90504f2cacba3ceb0975260b848257ba1f9ab39f16,cls:-ve/Damaged Label#13,train,damaged_label,damaged_label,1,,,,0,none,,
cls:-ve/Damaged Label/snap_533.jpg,classification,projects/om_bottle/images/-ve/Damaged Label/snap_533.jpg,2537,1927,4a8d1b634338ab9e5cd60e45814b7045bfd2903d88f09a56d6c81a00d8346878,cls:-ve/Damaged Label#13,train,damaged_label,damaged_label,1,,,,0,none,,
cls:-ve/Damaged Label/snap_534.jpg,classification,projects/om_bottle/images/-ve/Damaged Label/snap_534.jpg,2537,1927,6859ab36e23debc831b1854996abd84d17dc1fba404cec8d8e270619cb50fe3a,cls:-ve/Damaged Label#13,train,damaged_label,damaged_label,1,,,,0,none,,
cls:-ve/Damaged Label/snap_535.jpg,classification,projects/om_bottle/images/-ve/Damaged Label/snap_535.jpg,2537,1927,2eaa778c3f17ceff5e27e1ef6ae1efc7b0fb6d5d621870feced00ff590aee567,cls:-ve/Damaged Label#13,train,damaged_label,damaged_label,1,,,,0,none,,
cls:-ve/Damaged Label/snap_536.jpg,classification,projects/om_bottle/images/-ve/Damaged Label/snap_536.jpg,2537,1927,5a1e995e94a4335e73b297c446126c53e02b41c3e7cc76dd2bae9c5d81462b5a,cls:-ve/Damaged Label#13,train,damaged_label,damaged_label,1,,,,0,none,,
cls:-ve/Damaged Label/snap_537.jpg,classification,projects/om_bottle/images/-ve/Damaged Label/snap_537.jpg,2537,1927,75fa6ea016c11139954300fbc1c348b3b44f6e02d1d5460b92a5e5d4041b743d,cls:-ve/Damaged Label#13,train,damaged_label,damaged_label,1,,,,0,none,,
cls:-ve/Damaged Label/snap_538.jpg,classification,projects/om_bottle/images/-ve/Damaged Label/snap_538.jpg,2537,1927,6d561b248ee757cc7f626030fdc72eeebe11586b0decac807f20b8be85cd4291,cls:-ve/Damaged Label#14,val,damaged_label,damaged_label,1,,,,0,none,,
cls:-ve/Damaged Label/snap_539.jpg,classification,projects/om_bottle/images/-ve/Damaged Label/snap_539.jpg,2537,1927,4fb3b0da9eefe404c7881dd28aeb0f36943acc400cfda81fa1d92268f329f762,cls:-ve/Damaged Label#14,val,damaged_label,damaged_label,1,,,,0,none,,
cls:-ve/Damaged Label/snap_540.jpg,classification,projects/om_bottle/images/-ve/Damaged Label/snap_540.jpg,2537,1927,3d6f5eaa05afaf82f8978b99aa98180f798fe17837f30d3a0189e0169fa80af6,cls:-ve/Damaged Label#14,val,damaged_label,damaged_label,1,,,,0,none,,
cls:-ve/Damaged Label/snap_541.jpg,classification,projects/om_bottle/images/-ve/Damaged Label/snap_541.jpg,2537,1927,ed826f41112190d7bb1278380bf186a662033ed958c30278c9a843c6d3daa867,cls:-ve/Damaged Label#14,val,damaged_label,damaged_label,1,,,,0,none,,
cls:-ve/Damaged Label/snap_542.jpg,classification,projects/om_bottle/images/-ve/Damaged Label/snap_542.jpg,2537,1927,af2a72cf9fc56888dbdf6d16ca46b79d1e66517b140063d0191c6edcc429208d,cls:-ve/Damaged Label#14,val,damaged_label,damaged_label,1,,,,0,none,,
cls:-ve/Damaged Label/snap_543.jpg,classification,projects/om_bottle/images/-ve/Damaged Label/snap_543.jpg,2537,1927,655276a76f515dfb9d65c3b6e36a4956f46342e99bc330bb51aba2e121f9eb02,cls:-ve/Damaged Label#14,val,damaged_label,damaged_label,1,,,,0,none,,
cls:-ve/Damaged Label/snap_544.jpg,classification,projects/om_bottle/images/-ve/Damaged Label/snap_544.jpg,2537,1927,455bbb65f6fcf200ba92236252aaf7629c53f5d4e989e7106f02ab232a8c2ad4,cls:-ve/Damaged Label#14,val,damaged_label,damaged_label,1,,,,0,none,,
cls:-ve/Damaged Label/snap_545.jpg,classification,projects/om_bottle/images/-ve/Damaged Label/snap_545.jpg,2537,1927,af8c8e9e063d883f1fe8929d414d34808fc4f4278b7ef860f1bd05d21113e79d,cls:-ve/Damaged Label#14,val,damaged_label,damaged_label,1,,,,0,none,,
cls:-ve/Damaged Label/snap_546.jpg,classification,projects/om_bottle/images/-ve/Damaged Label/snap_546.jpg,2537,1927,723356b19def84b8ce57e4325b209508aa36d3e2bdbca5207de16b3b585abe5b,cls:-ve/Damaged Label#14,val,damaged_label,damaged_label,1,,,,0,none,,
cls:-ve/Damaged Label/snap_547.jpg,classification,projects/om_bottle/images/-ve/Damaged Label/snap_547.jpg,2537,1927,539f2f35db671194f25fd92eb58abca5074ac92c833cfba16e74323d12681324,cls:-ve/Damaged Label#14,val,damaged_label,damaged_label,1,,,,0,none,,
cls:-ve/Damaged Label/snap_548.jpg,classification,projects/om_bottle/images/-ve/Damaged Label/snap_548.jpg,2537,1927,2f118f582d11f58a47dd4d7fea55b61765e2178e7c759570b7da76f85d26521a,cls:-ve/Damaged Label#14,val,damaged_label,damaged_label,1,,,,0,none,,
cls:-ve/Damaged Label/snap_549.jpg,classification,projects/om_bottle/images/-ve/Damaged Label/snap_549.jpg,2537,1927,e41138c6ed717004aefd132b53cdf6e85a2454bd31d1c073a6ca4175a8fd5c1f,cls:-ve/Damaged Label#14,val,damaged_label,damaged_label,1,,,,0,none,,
cls:-ve/Damaged Label/snap_550.jpg,classification,projects/om_bottle/images/-ve/Damaged Label/snap_550.jpg,2537,1927,31e17f6084bf3fb7008285b7902710b6bf28ad5d0ff0cd9037a6c45e355b0188,cls:-ve/Damaged Label#14,val,damaged_label,damaged_label,1,,,,0,none,,
cls:-ve/Damaged Label/snap_551.jpg,classification,projects/om_bottle/images/-ve/Damaged Label/snap_551.jpg,2537,1927,667446f84179bd6ee9da554e9075c1829450fd929052616306fe80c2fccd69a0,cls:-ve/Damaged Label#14,val,damaged_label,damaged_label,1,,,,0,none,,
cls:-ve/Damaged Label/snap_559.jpg,classification,projects/om_bottle/images/-ve/Damaged Label/snap_559.jpg,2537,1927,d45c07d9d4da063e61ca722d5b919ae00dbe7a45ec9e82a38369aed0ca38e372,cls:-ve/Damaged Label#15,test,damaged_label,damaged_label,1,,,,0,none,,
cls:-ve/Damaged Label/snap_560.jpg,classification,projects/om_bottle/images/-ve/Damaged Label/snap_560.jpg,2537,1927,9dd4d086d837cb6e23c692f04b8ae336ec8a461dd2ed72e1cb8cdfffb33f82e5,cls:-ve/Damaged Label#16,train,damaged_label,damaged_label,1,,,,0,none,,
cls:-ve/Damaged Label/snap_561.jpg,classification,projects/om_bottle/images/-ve/Damaged Label/snap_561.jpg,2537,1927,dcd43a1b775c93dd436ab8cd598557722558afde88c226a36bc9f0821334709e,cls:-ve/Damaged Label#16,train,damaged_label,damaged_label,1,,,,0,none,,
cls:-ve/Damaged Label/snap_562.jpg,classification,projects/om_bottle/images/-ve/Damaged Label/snap_562.jpg,2537,1927,e0c35400fb89dd9e81d4920d20f203dc0fc8db02554b0e70cc4133eded8bf10f,cls:-ve/Damaged Label#16,train,damaged_label,damaged_label,1,,,,0,none,,
cls:-ve/Damaged Label/snap_563.jpg,classification,projects/om_bottle/images/-ve/Damaged Label/snap_563.jpg,2537,1927,cf32423f96b4e5eb3213df82f484f7f4c8deb06d448543109b66a06dcaa3c2e4,cls:-ve/Damaged Label#16,train,damaged_label,damaged_label,1,,,,0,none,,
cls:-ve/Damaged Label/snap_564.jpg,classification,projects/om_bottle/images/-ve/Damaged Label/snap_564.jpg,2537,1927,d1192471a545aa28cf0d30940773886f0f1de131f2480f47520c70c03f274180,cls:-ve/Damaged Label#16,train,damaged_label,damaged_label,1,,,,0,none,,
cls:-ve/Damaged Label/snap_565.jpg,classification,projects/om_bottle/images/-ve/Damaged Label/snap_565.jpg,2537,1927,dd989cfe17b7e9552c0f45a56c01be7ac4b0c68ce2f0a5917cca26b42ebe9ca1,cls:-ve/Damaged Label#16,train,damaged_label,damaged_label,1,,,,0,none,,
cls:-ve/Damaged Label/snap_566.jpg,classification,projects/om_bottle/images/-ve/Damaged Label/snap_566.jpg,2537,1927,e77f80dc9e86aaf77be271f07a7c99832b24752e01142f8dd3bfe75dce9a5255,cls:-ve/Damaged Label#16,train,damaged_label,damaged_label,1,,,,0,none,,
cls:-ve/Damaged Label/snap_567.jpg,classification,projects/om_bottle/images/-ve/Damaged Label/snap_567.jpg,2537,1927,17d3bc93053dc0417b8ce2a014c6bf4ba4c16b6913284de0b53c10f0cd234d6e,cls:-ve/Damaged Label#17,train,damaged_label,damaged_label,1,,,,0,none,,
cls:-ve/Damaged Label/snap_568.jpg,classification,projects/om_bottle/images/-ve/Damaged Label/snap_568.jpg,2537,1927,c0dafdd17ca27239571ecba107d558619da66bbd879b7d0db503f1b46a4e84c3,cls:-ve/Damaged Label#17,train,damaged_label,damaged_label,1,,,,0,none,,
cls:-ve/Damaged Label/snap_569.jpg,classification,projects/om_bottle/images/-ve/Damaged Label/snap_569.jpg,2537,1927,6e1d7bcaf8d63268a8f1ff1b70cb1e0f019e28bde51da136582a8b88945b8ba6,cls:-ve/Damaged Label#17,train,damaged_label,damaged_label,1,,,,0,none,,
cls:-ve/Damaged Label/snap_570.jpg,classification,projects/om_bottle/images/-ve/Damaged Label/snap_570.jpg,2537,1927,e2c27d41ae45e1369eb92072788b0d79d8963c848cefe59f82faf2e103614c82,cls:-ve/Damaged Label#17,train,damaged_label,damaged_label,1,,,,0,none,,
cls:-ve/Damaged Label/snap_571.jpg,classification,projects/om_bottle/images/-ve/Damaged Label/snap_571.jpg,2537,1927,1f61cfff9319ed90151db81e498f23df58b69333f38129e61651ee1ba71d8e61,cls:-ve/Damaged Label#17,train,damaged_label,damaged_label,1,,,,0,none,,
cls:-ve/Damaged Label/snap_572.jpg,classification,projects/om_bottle/images/-ve/Damaged Label/snap_572.jpg,2537,1927,95154e6891395b40f579131c77442a6dc41dbafd8809329a3ac190e69275bf5f,cls:-ve/Damaged Label#17,train,damaged_label,damaged_label,1,,,,0,none,,
cls:-ve/Damaged Label/snap_573.jpg,classification,projects/om_bottle/images/-ve/Damaged Label/snap_573.jpg,2537,1927,835eb9606156268c3caeeb34a5247acc1ea0ac4e0fe33c4439de57cf054afc6e,cls:-ve/Damaged Label#17,train,damaged_label,damaged_label,1,,,,0,none,,
cls:-ve/Damaged Label/snap_574.jpg,classification,projects/om_bottle/images/-ve/Damaged Label/snap_574.jpg,2537,1927,0ee5f0bc4ce0db345a6138059d91c4853ec5f5cc748ee8c53812fbd4bb809fc0,cls:-ve/Damaged Label#17,train,damaged_label,damaged_label,1,,,,0,none,,
cls:-ve/Damaged Label/snap_575.jpg,classification,projects/om_bottle/images/-ve/Damaged Label/snap_575.jpg,2537,1927,c4dc046acb007ca54640e6adc1e103265691d8ea5e887022323f7737f1a864fa,cls:-ve/Damaged Label#17,train,damaged_label,damaged_label,1,,,,0,none,,
cls:-ve/Damaged Label/snap_576.jpg,classification,projects/om_bottle/images/-ve/Damaged Label/snap_576.jpg,2537,1927,4e71655c75c912a4b1cfa5e7c3ae29cf609cc9e2284e5080ed49994ca850603d,cls:-ve/Damaged Label#18,train,damaged_label,damaged_label,1,,,,0,none,,
cls:-ve/Damaged Label/snap_577.jpg,classification,projects/om_bottle/images/-ve/Damaged Label/snap_577.jpg,2537,1927,89e12650dcd60f0b32da55db8e8e21841e984a4c09bdfead74ea6bb4d3b9135e,cls:-ve/Damaged Label#18,train,damaged_label,damaged_label,1,,,,0,none,,
cls:-ve/Damaged Label/snap_578.jpg,classification,projects/om_bottle/images/-ve/Damaged Label/snap_578.jpg,2537,1927,46321f3aa3837eb9f405c00f38c8877a53a7847ea5ebb58e151499b16c665ea9,cls:-ve/Damaged Label#18,train,damaged_label,damaged_label,1,,,,0,none,,
cls:-ve/Damaged Label/snap_579.jpg,classification,projects/om_bottle/images/-ve/Damaged Label/snap_579.jpg,2537,1927,d835aa2260993d886b2c482bae0d8ff330f591832514676ed79e84e0d791f6bc,cls:-ve/Damaged Label#18,train,damaged_label,damaged_label,1,,,,0,none,,
cls:-ve/Damaged Label/snap_580.jpg,classification,projects/om_bottle/images/-ve/Damaged Label/snap_580.jpg,2537,1927,a943d1c6a01831ff9c5431dc9134e6b50e49415cf6a02f26d924e5c905cc8c96,cls:-ve/Damaged Label#18,train,damaged_label,damaged_label,1,,,,0,none,,
cls:-ve/Damaged Label/snap_581.jpg,classification,projects/om_bottle/images/-ve/Damaged Label/snap_581.jpg,2537,1927,773f6850750ac6ed4c5543f61780d30f878dd975ba2d91f8361ec8d615c23bd6,cls:-ve/Damaged Label#18,train,damaged_label,damaged_label,1,,,,0,none,,
cls:-ve/Damaged Label/snap_582.jpg,classification,projects/om_bottle/images/-ve/Damaged Label/snap_582.jpg,2537,1927,9e83d668119560db05816a9df7256cd4618791d049f596b89d1af9195fe8efe4,cls:-ve/Damaged Label#18,train,damaged_label,damaged_label,1,,,,0,none,,
cls:-ve/Damaged Label/snap_583.jpg,classification,projects/om_bottle/images/-ve/Damaged Label/snap_583.jpg,2537,1927,db075f1991a3699fa44df916a18d2a2a6541b7e74cb33491c53a07b828446885,cls:-ve/Damaged Label#18,train,damaged_label,damaged_label,1,,,,0,none,,
cls:-ve/Damaged Label/snap_584.jpg,classification,projects/om_bottle/images/-ve/Damaged Label/snap_584.jpg,2537,1927,8e8dcff6270e2f52d410fc736d57d6b5d52288a7774b78e4b32bd055007d3342,cls:-ve/Damaged Label#18,train,damaged_label,damaged_label,1,,,,0,none,,
cls:-ve/Damaged Label/snap_585.jpg,classification,projects/om_bottle/images/-ve/Damaged Label/snap_585.jpg,2537,1927,f3d546c8f003c6bcbe77c3a0f0a3a5ff4fff86f9c1fe8a4d07c9a43224c9d399,cls:-ve/Damaged Label#18,train,damaged_label,damaged_label,1,,,,0,none,,
cls:-ve/Damaged Label/snap_586.jpg,classification,projects/om_bottle/images/-ve/Damaged Label/snap_586.jpg,2537,1927,a700e5776f33c83d518455566faad37c51195ba8dff5dae0aa1434b4b99fc4b5,cls:-ve/Damaged Label#18,train,damaged_label,damaged_label,1,,,,0,none,,
cls:-ve/Damaged Label/snap_587.jpg,classification,projects/om_bottle/images/-ve/Damaged Label/snap_587.jpg,2537,1927,13bfa9900ff521a6ad0b1a7165ce150a24bf22f9a57bf56051aa3e9f8d749eb0,cls:-ve/Damaged Label#18,train,damaged_label,damaged_label,1,,,,0,none,,
cls:-ve/Damaged Label/snap_588.jpg,classification,projects/om_bottle/images/-ve/Damaged Label/snap_588.jpg,2537,1927,b3b0f0b58a5fa194d4e709b791e2a98451c19f5c079a942e982dfc037e432399,cls:-ve/Damaged Label#18,train,damaged_label,damaged_label,1,,,,0,none,,
cls:-ve/Damaged Label/snap_589.jpg,classification,projects/om_bottle/images/-ve/Damaged Label/snap_589.jpg,2537,1927,f7fd7f2eed7ffacc4edb987c7dbcb511e10b70269ff58967c83ec321eeae25e2,cls:-ve/Damaged Label#18,train,damaged_label,damaged_label,1,,,,0,none,,
cls:-ve/Damaged Label/snap_590.jpg,classification,projects/om_bottle/images/-ve/Damaged Label/snap_590.jpg,2537,1927,6b1d25c078767f14d4622b84dae65221209d342afa5378cc28f635b5ad7fa497,cls:-ve/Damaged Label#19,train,damaged_label,damaged_label,1,,,,0,none,,
cls:-ve/Damaged Label/snap_591.jpg,classification,projects/om_bottle/images/-ve/Damaged Label/snap_591.jpg,2537,1927,0194228f66d7fc8710c08a73274f70b677f4dc0470cc995c13f0e695461ead0e,cls:-ve/Damaged Label#19,train,damaged_label,damaged_label,1,,,,0,none,,
cls:-ve/Damaged Label/snap_592.jpg,classification,projects/om_bottle/images/-ve/Damaged Label/snap_592.jpg,2537,1927,af7f6d6d56bd377d7357ada9ff895ae25ca296d1db2aac9b2b6599c2161a44df,cls:-ve/Damaged Label#19,train,damaged_label,damaged_label,1,,,,0,none,,
cls:-ve/Damaged Label/snap_593.jpg,classification,projects/om_bottle/images/-ve/Damaged Label/snap_593.jpg,2537,1927,4257078eeaed7d099f7acc57cbda0bd7adb8ead203a82d7848235a5cdad98821,cls:-ve/Damaged Label#19,train,damaged_label,damaged_label,1,,,,0,none,,
cls:-ve/Damaged Label/snap_594.jpg,classification,projects/om_bottle/images/-ve/Damaged Label/snap_594.jpg,2537,1927,74c94666939eb06e0caf0a91ecaca4cb4ac6fbd4457cb8448db913625aec7411,cls:-ve/Damaged Label#19,train,damaged_label,damaged_label,1,,,,0,none,,
cls:-ve/Damaged Label/snap_595.jpg,classification,projects/om_bottle/images/-ve/Damaged Label/snap_595.jpg,2537,1927,1ec3ec612f225715d2927ffcdc08dd9cefe4e324efc1805bba0441b0320d4931,cls:-ve/Damaged Label#19,train,damaged_label,damaged_label,1,,,,0,none,,
cls:-ve/Damaged Label/snap_596.jpg,classification,projects/om_bottle/images/-ve/Damaged Label/snap_596.jpg,2537,1927,4d99fd50f9af8dcf87bd8f23b11b552f0dc4e989ddefddbfdc60a0d186e9dfbf,cls:-ve/Damaged Label#19,train,damaged_label,damaged_label,1,,,,0,none,,
cls:-ve/Damaged Label/snap_597.jpg,classification,projects/om_bottle/images/-ve/Damaged Label/snap_597.jpg,2537,1927,abe5273a0ee59d392c227befab99f97a852c023ca12a9919ff4b963775d9d8b9,cls:-ve/Damaged Label#19,train,damaged_label,damaged_label,1,,,,0,none,,
cls:-ve/Damaged Label/snap_598.jpg,classification,projects/om_bottle/images/-ve/Damaged Label/snap_598.jpg,2537,1927,57ad2afa60d5401a0a4a086ee4c74254ad093d560cc6c9181de70107944fa32e,cls:-ve/Damaged Label#20,train,damaged_label,damaged_label,1,,,,0,none,,
cls:-ve/Damaged Label/snap_599.jpg,classification,projects/om_bottle/images/-ve/Damaged Label/snap_599.jpg,2537,1927,10d9f196bc9f4682d5a1d57a3fc102e8d599c17a0aacacb2d0e41d3e08187bb8,cls:-ve/Damaged Label#20,train,damaged_label,damaged_label,1,,,,0,none,,
cls:-ve/Damaged Label/snap_600.jpg,classification,projects/om_bottle/images/-ve/Damaged Label/snap_600.jpg,2537,1927,0e33baace3a186b46efae84c4d9e1a019b20b4ad75262a4312c62935fa6e45d6,cls:-ve/Damaged Label#20,train,damaged_label,damaged_label,1,,,,0,none,,
cls:-ve/Damaged Label/snap_601.jpg,classification,projects/om_bottle/images/-ve/Damaged Label/snap_601.jpg,2537,1927,b605ab873b554e3751761c478f149121706202a5d21f8ef79870638c8cc4af55,cls:-ve/Damaged Label#20,train,damaged_label,damaged_label,1,,,,0,none,,
cls:-ve/Damaged Label/snap_602.jpg,classification,projects/om_bottle/images/-ve/Damaged Label/snap_602.jpg,2537,1927,52c0f5ca0216d55d6d2f850a04daf3eabc3913fb9f3181d96a1a59ff6fc17254,cls:-ve/Damaged Label#20,train,damaged_label,damaged_label,1,,,,0,none,,
cls:-ve/Damaged Label/snap_603.jpg,classification,projects/om_bottle/images/-ve/Damaged Label/snap_603.jpg,2537,1927,c8e7322bc332cfd109142e736e22a9c7657330be96c8ab62b41e6c621b326fca,cls:-ve/Damaged Label#20,train,damaged_label,damaged_label,1,,,,0,none,,
cls:-ve/Damaged Label/snap_604.jpg,classification,projects/om_bottle/images/-ve/Damaged Label/snap_604.jpg,2537,1927,4671bfdcabe70c41e489adb9debcda6b4605bd1bfc6c0361a5e4704a46d2aa4e,cls:-ve/Damaged Label#20,train,damaged_label,damaged_label,1,,,,0,none,,
cls:-ve/Damaged Label/snap_605.jpg,classification,projects/om_bottle/images/-ve/Damaged Label/snap_605.jpg,2537,1927,3aeb19a17d798e6b80d3d076a2c64f678cd5ed1a4a2168d9aebad69b7a6d42d1,cls:-ve/Damaged Label#20,train,damaged_label,damaged_label,1,,,,0,none,,
cls:-ve/Damaged Label/snap_606.jpg,classification,projects/om_bottle/images/-ve/Damaged Label/snap_606.jpg,2537,1927,a86cbc27290f1fea1edf87dee172b107e9337ee74d3ecc91658afd6abf8885f4,cls:-ve/Damaged Label#20,train,damaged_label,damaged_label,1,,,,0,none,,
cls:-ve/Damaged Label/snap_607.jpg,classification,projects/om_bottle/images/-ve/Damaged Label/snap_607.jpg,2537,1927,711ed36c940d8bc270032c67932ddf97d568f31336d359adf2a8f3094b64e643,cls:-ve/Damaged Label#20,train,damaged_label,damaged_label,1,,,,0,none,,
cls:-ve/Damaged Label/snap_608.jpg,classification,projects/om_bottle/images/-ve/Damaged Label/snap_608.jpg,2537,1927,798a4684439d8736fdf2868daf06d24d8f755f426100ab9096498801c832b511,cls:-ve/Damaged Label#20,train,damaged_label,damaged_label,1,,,,0,none,,
cls:-ve/Damaged Label/snap_609.jpg,classification,projects/om_bottle/images/-ve/Damaged Label/snap_609.jpg,2537,1927,a7f0ba1dda57fab505dedb1587a1de3e2e5069ad13615186b57d5231696c9a83,cls:-ve/Damaged Label#20,train,damaged_label,damaged_label,1,,,,0,none,,
cls:-ve/Damaged Label/snap_610.jpg,classification,projects/om_bottle/images/-ve/Damaged Label/snap_610.jpg,2537,1927,c1f36f3965ba4e5f23b78ec02de2aa1f87793391af981a1f601b681cedac89e5,cls:-ve/Damaged Label#20,train,damaged_label,damaged_label,1,,,,0,none,,
cls:-ve/Damaged Label/snap_611.jpg,classification,projects/om_bottle/images/-ve/Damaged Label/snap_611.jpg,2537,1927,86762c36459f323c010083ea8c30939c506fe0bfeefc43d33187eb224da91f73,cls:-ve/Damaged Label#20,train,damaged_label,damaged_label,1,,,,0,none,,
cls:-ve/Damaged Label/snap_612.jpg,classification,projects/om_bottle/images/-ve/Damaged Label/snap_612.jpg,2537,1927,ad1490ab27ea25029c84518096a17e745b7b183d4bdeafad85f782d597d3c5fb,cls:-ve/Damaged Label#20,train,damaged_label,damaged_label,1,,,,0,none,,
cls:-ve/Damaged Label/snap_613.jpg,classification,projects/om_bottle/images/-ve/Damaged Label/snap_613.jpg,2537,1927,1d979e7dad285cd7acd846cf56e8c627e928e4de541d7bb4b6206b309ca04e76,cls:-ve/Damaged Label#20,train,damaged_label,damaged_label,1,,,,0,none,,
cls:-ve/Damaged Label/snap_614.jpg,classification,projects/om_bottle/images/-ve/Damaged Label/snap_614.jpg,2537,1927,a0b64acdaf4037d2741d9ea64b3b99d957e9602be1b558bb9fda0fa59c7586d8,cls:-ve/Damaged Label#20,train,damaged_label,damaged_label,1,,,,0,none,,
cls:-ve/Damaged Label/snap_615.jpg,classification,projects/om_bottle/images/-ve/Damaged Label/snap_615.jpg,2537,1927,1a9ae05cd36310527616845c7a864beeacdd7d949e478278cc2a38f051d24ef8,cls:-ve/Damaged Label#20,train,damaged_label,damaged_label,1,,,,0,none,,
cls:-ve/Damaged Label/snap_616.jpg,classification,projects/om_bottle/images/-ve/Damaged Label/snap_616.jpg,2537,1927,463bc7c22ab5323c2be434aeb7be6f8f1f8be408d4595c4135e1e8560c2c82bb,cls:-ve/Damaged Label#20,train,damaged_label,damaged_label,1,,,,0,none,,
cls:-ve/Damaged Label/snap_617.jpg,classification,projects/om_bottle/images/-ve/Damaged Label/snap_617.jpg,2537,1927,4a8107797d9e03990374dbeb6344c0c992e3a1919e676b2037928c72748283c0,cls:-ve/Damaged Label#20,train,damaged_label,damaged_label,1,,,,0,none,,
cls:-ve/Damaged Label/snap_618.jpg,classification,projects/om_bottle/images/-ve/Damaged Label/snap_618.jpg,2537,1927,30778fa2cc3a38f9d29d12f43a17e02acfcbc5ba6bf50daf60a45dbd0ea003de,cls:-ve/Damaged Label#20,train,damaged_label,damaged_label,1,,,,0,none,,
cls:-ve/Damaged Label/snap_619.jpg,classification,projects/om_bottle/images/-ve/Damaged Label/snap_619.jpg,2537,1927,1bbc7854dd38490c8b0fb76ec5a790f7ca1bdd7ebdd88ee1b0e1c65ac9e302fc,cls:-ve/Damaged Label#20,train,damaged_label,damaged_label,1,,,,0,none,,
cls:-ve/Damaged Label/snap_620.jpg,classification,projects/om_bottle/images/-ve/Damaged Label/snap_620.jpg,2537,1927,5a933eef28b4667421d85a444d60b619ca2f8f4cdf4ab71c13b9e50d8ed105b6,cls:-ve/Damaged Label#20,train,damaged_label,damaged_label,1,,,,0,none,,
cls:-ve/Damaged Label/snap_621.jpg,classification,projects/om_bottle/images/-ve/Damaged Label/snap_621.jpg,2537,1927,ceaf774409372139d471414ee194ae8ada712b879a98c8dc56237513e763b4e9,cls:-ve/Damaged Label#21,test,damaged_label,damaged_label,1,,,,0,none,,
cls:-ve/Damaged Label/snap_622.jpg,classification,projects/om_bottle/images/-ve/Damaged Label/snap_622.jpg,2537,1927,b849d5190fd95bfa414c1cb18145c7ec5489c310f004ff03faaf5bbc84c6cb34,cls:-ve/Damaged Label#21,test,damaged_label,damaged_label,1,,,,0,none,,
cls:-ve/Damaged Label/snap_623.jpg,classification,projects/om_bottle/images/-ve/Damaged Label/snap_623.jpg,2537,1927,bd8991e4e09e8cf4e95e7866c339d1215b04d6515337d0f793b1b4b5b150fbfc,cls:-ve/Damaged Label#21,test,damaged_label,damaged_label,1,,,,0,none,,
cls:-ve/Damaged Label/snap_624.jpg,classification,projects/om_bottle/images/-ve/Damaged Label/snap_624.jpg,2537,1927,b7074e4a7d4297363c1bb4fa694ff6b59271a16377997cac3dcdfa5234a22d92,cls:-ve/Damaged Label#21,test,damaged_label,damaged_label,1,,,,0,none,,
cls:-ve/Damaged Label/snap_625.jpg,classification,projects/om_bottle/images/-ve/Damaged Label/snap_625.jpg,2537,1927,05333054e1dae65a88f093346c691cad3b0816d24e8052de9b4dd0157d5311ca,cls:-ve/Damaged Label#21,test,damaged_label,damaged_label,1,,,,0,none,,
cls:-ve/Damaged Label/snap_626.jpg,classification,projects/om_bottle/images/-ve/Damaged Label/snap_626.jpg,2537,1927,2a4cbb363d3bed7629a0f474690972c384dec712ef54bf762302ae51cb36717e,cls:-ve/Damaged Label#21,test,damaged_label,damaged_label,1,,,,0,none,,
cls:-ve/Damaged Label/snap_627.jpg,classification,projects/om_bottle/images/-ve/Damaged Label/snap_627.jpg,2537,1927,1de96624f419c26902cd82b25fbfdd17f006576ac2af363ee4f60933c2f3637d,cls:-ve/Damaged Label#21,test,damaged_label,damaged_label,1,,,,0,none,,
cls:-ve/Damaged Label/snap_628.jpg,classification,projects/om_bottle/images/-ve/Damaged Label/snap_628.jpg,2537,1927,06522272f95484cdfb0898dae2eec2d99221a7519f01c836226c2c2fa203afb9,cls:-ve/Damaged Label#21,test,damaged_label,damaged_label,1,,,,0,none,,
cls:-ve/Damaged Label/snap_629.jpg,classification,projects/om_bottle/images/-ve/Damaged Label/snap_629.jpg,2537,1927,c12cc60cb93fc9b25dfc408895beaa15454f5dd06ac6f24bed9fa8c72a2b60ea,cls:-ve/Damaged Label#21,test,damaged_label,damaged_label,1,,,,0,none,,
cls:-ve/Damaged Label/snap_630.jpg,classification,projects/om_bottle/images/-ve/Damaged Label/snap_630.jpg,2537,1927,03650677347377ee53d561eaa0c4545336fd52836c4388e3bf7395352315736c,cls:-ve/Damaged Label#21,test,damaged_label,damaged_label,1,,,,0,none,,
cls:-ve/Damaged Label/snap_631.jpg,classification,projects/om_bottle/images/-ve/Damaged Label/snap_631.jpg,2537,1927,a4b82455061f61fd670fcc8dcd067a4e0a83742798d4de5b96b41707096dc202,cls:-ve/Damaged Label#21,test,damaged_label,damaged_label,1,,,,0,none,,
cls:-ve/Damaged Label/snap_632.jpg,classification,projects/om_bottle/images/-ve/Damaged Label/snap_632.jpg,2537,1927,019078b05d8a522123057fdae8fd7d69955269df0902e76f2dd8c845645fb58f,cls:-ve/Damaged Label#21,test,damaged_label,damaged_label,1,,,,0,none,,
cls:-ve/Damaged Label/snap_633.jpg,classification,projects/om_bottle/images/-ve/Damaged Label/snap_633.jpg,2537,1927,b0469b9a6de6e7ef0a15c92696641b4a90a73f48f41a062b2a63199891ead6f0,cls:-ve/Damaged Label#21,test,damaged_label,damaged_label,1,,,,0,none,,
cls:-ve/Damaged Label/snap_634.jpg,classification,projects/om_bottle/images/-ve/Damaged Label/snap_634.jpg,2537,1927,da5145da5dbac780e166532ab379f647410b9873cf8a5860e7e7d11ca412e56d,cls:-ve/Damaged Label#21,test,damaged_label,damaged_label,1,,,,0,none,,
cls:-ve/Damaged Label/snap_635.jpg,classification,projects/om_bottle/images/-ve/Damaged Label/snap_635.jpg,2537,1927,a8c90b945cc20d7dd71229afc6777636050c4cc548aaaaad6c68c40e86a6214d,cls:-ve/Damaged Label#21,test,damaged_label,damaged_label,1,,,,0,none,,
cls:-ve/Damaged Label/snap_636.jpg,classification,projects/om_bottle/images/-ve/Damaged Label/snap_636.jpg,2537,1927,1742c13d0ca96a7f13e545decb7dd091df7330339d8ac6dfe14663e5d1db17f3,cls:-ve/Damaged Label#21,test,damaged_label,damaged_label,1,,,,0,none,,
cls:-ve/Damaged Label/snap_637.jpg,classification,projects/om_bottle/images/-ve/Damaged Label/snap_637.jpg,2537,1927,5485822f064f1805714216b825b2aa2544cba4778aca4e5b567eb81cbbc25be2,cls:-ve/Damaged Label#21,test,damaged_label,damaged_label,1,,,,0,none,,
cls:-ve/Missing Label/snap_849.jpg,classification,projects/om_bottle/images/-ve/Missing Label/snap_849.jpg,2537,1927,e4ab6f09640e8bf09ca04307b54c4429e9fde51ea228c11995d01e2faee23e57,cls:-ve/Missing Label#1,train,missing_label,missing_label,1,,,,0,none,,
cls:-ve/Missing Label/snap_850.jpg,classification,projects/om_bottle/images/-ve/Missing Label/snap_850.jpg,2537,1927,eb7f84324058999f1fa5527c7349a6b9e2760f4373ec5cf5ceded93344383aad,cls:-ve/Missing Label#1,train,missing_label,missing_label,1,,,,0,none,,
cls:-ve/Missing Label/snap_851.jpg,classification,projects/om_bottle/images/-ve/Missing Label/snap_851.jpg,2537,1927,30ad8be45b6b092c9835ef278a0fb2c1f1f7d9d2c228c9eb06193d91ab7171d7,cls:-ve/Missing Label#1,train,missing_label,missing_label,1,,,,0,none,,
cls:-ve/Missing Label/snap_852.jpg,classification,projects/om_bottle/images/-ve/Missing Label/snap_852.jpg,2537,1927,cedd0fb1c9fce3916bfb667933e6b32512b45aea540f4ee94b827cd4a096f9b1,cls:-ve/Missing Label#1,train,missing_label,missing_label,1,,,,0,none,,
cls:-ve/Missing Label/snap_853.jpg,classification,projects/om_bottle/images/-ve/Missing Label/snap_853.jpg,2537,1927,311d8f2c35c80ec26ca903ea6e2539e06180b081562ba4761bae8f5498bf342b,cls:-ve/Missing Label#1,train,missing_label,missing_label,1,,,,0,none,,
cls:-ve/Missing Label/snap_854.jpg,classification,projects/om_bottle/images/-ve/Missing Label/snap_854.jpg,2537,1927,ff108405558c8a20e51e207fc53049980205955a16b4284ecbd0cd550c97f03f,cls:-ve/Missing Label#1,train,missing_label,missing_label,1,,,,0,none,,
cls:-ve/Missing Label/snap_855.jpg,classification,projects/om_bottle/images/-ve/Missing Label/snap_855.jpg,2537,1927,4255da477718e36d46971061f0e8b4ad28ba3496b1e5e6297590f531f963d05d,cls:-ve/Missing Label#1,train,missing_label,missing_label,1,,,,0,none,,
cls:-ve/Missing Label/snap_856.jpg,classification,projects/om_bottle/images/-ve/Missing Label/snap_856.jpg,2537,1927,7f5cd2f35435db0643ceea025977967661761712341b2c536b33cc55c92b2862,cls:-ve/Missing Label#1,train,missing_label,missing_label,1,,,,0,none,,
cls:-ve/Missing Label/snap_857.jpg,classification,projects/om_bottle/images/-ve/Missing Label/snap_857.jpg,2537,1927,68573350e00646dbb5f4eac24f4f1e7886230a35fbfb1b9ff643af8510914579,cls:-ve/Missing Label#1,train,missing_label,missing_label,1,,,,0,none,,
cls:-ve/Missing Label/snap_858.jpg,classification,projects/om_bottle/images/-ve/Missing Label/snap_858.jpg,2537,1927,85f13db563997a55ed13214d70078b7c02d9ca044c9195fe5210afcd686ff4c0,cls:-ve/Missing Label#1,train,missing_label,missing_label,1,,,,0,none,,
cls:-ve/Missing Label/snap_859.jpg,classification,projects/om_bottle/images/-ve/Missing Label/snap_859.jpg,2537,1927,72d175a216e0324a01925d8fbd1667b1ea0c998c63d1bb8e69b348acbd843284,cls:-ve/Missing Label#1,train,missing_label,missing_label,1,,,,0,none,,
cls:-ve/Missing Label/snap_860.jpg,classification,projects/om_bottle/images/-ve/Missing Label/snap_860.jpg,2537,1927,134dfe4ca89888388d472f32951c87318ad812fa80ddb93523ceae1759f0c068,cls:-ve/Missing Label#1,train,missing_label,missing_label,1,,,,0,none,,
cls:-ve/Missing Label/snap_861.jpg,classification,projects/om_bottle/images/-ve/Missing Label/snap_861.jpg,2537,1927,078a28aeeb16a019f87b4975437016ba6f57ad354de8cfbeec6415d93a16ed96,cls:-ve/Missing Label#1,train,missing_label,missing_label,1,,,,0,none,,
cls:-ve/Missing Label/snap_862.jpg,classification,projects/om_bottle/images/-ve/Missing Label/snap_862.jpg,2537,1927,361a8dafcb3c6666c404a84fa9489242ab23da0c49cb9aa4d330835e3090e991,cls:-ve/Missing Label#1,train,missing_label,missing_label,1,,,,0,none,,
cls:-ve/Missing Label/snap_863.jpg,classification,projects/om_bottle/images/-ve/Missing Label/snap_863.jpg,2537,1927,efc3c69f4ac3a7aae0a93dee2dc04617b4d07575d7ce78d6d0a6d6b8269c994d,cls:-ve/Missing Label#1,train,missing_label,missing_label,1,,,,0,none,,
cls:-ve/Missing Label/snap_864.jpg,classification,projects/om_bottle/images/-ve/Missing Label/snap_864.jpg,2537,1927,8d96f022c69b1f8f1368e3368a92847f96ff727ce2cb6c50cd30ab718840de3e,cls:-ve/Missing Label#1,train,missing_label,missing_label,1,,,,0,none,,
cls:-ve/Missing Label/snap_865.jpg,classification,projects/om_bottle/images/-ve/Missing Label/snap_865.jpg,2537,1927,f8e933372f8d8238d35cfffbb65ab304bf5aebd780da4f8198decc07c1ea8003,cls:-ve/Missing Label#1,train,missing_label,missing_label,1,,,,0,none,,
cls:-ve/Missing Label/snap_866.jpg,classification,projects/om_bottle/images/-ve/Missing Label/snap_866.jpg,2537,1927,be2cbd9ab31452a6912e51c86e7dffbdea67c74ff944bc9167070e82dd1966f3,cls:-ve/Missing Label#1,train,missing_label,missing_label,1,,,,0,none,,
cls:-ve/Missing Label/snap_867.jpg,classification,projects/om_bottle/images/-ve/Missing Label/snap_867.jpg,2537,1927,d5762da6acd8e3bbcb28093b611cca81cc7ac041eab9437df8049e6ef3fad4bd,cls:-ve/Missing Label#2,val,missing_label,missing_label,1,,,,0,none,,
cls:-ve/Missing Label/snap_868.jpg,classification,projects/om_bottle/images/-ve/Missing Label/snap_868.jpg,2537,1927,da18295460191220ee5b9ad8bfe9a9c93c347c1dd9ad6cd02e65f9539d2cf6e0,cls:-ve/Missing Label#2,val,missing_label,missing_label,1,,,,0,none,,
cls:-ve/Missing Label/snap_869.jpg,classification,projects/om_bottle/images/-ve/Missing Label/snap_869.jpg,2537,1927,7dd051c93a9f3b4334047e1f3627e78228e17143bed003ec7bb234817366735b,cls:-ve/Missing Label#2,val,missing_label,missing_label,1,,,,0,none,,
cls:-ve/Missing Label/snap_870.jpg,classification,projects/om_bottle/images/-ve/Missing Label/snap_870.jpg,2537,1927,6a062e08b137e40922dd1da6a95fc9dfdcd34645959f990a040391b380126c57,cls:-ve/Missing Label#2,val,missing_label,missing_label,1,,,,0,none,,
cls:-ve/Missing Label/snap_871.jpg,classification,projects/om_bottle/images/-ve/Missing Label/snap_871.jpg,2537,1927,ad7c62632c3b4f1cee3d05b0b8021eba70edd41c9b0539060187a4f69748522f,cls:-ve/Missing Label#2,val,missing_label,missing_label,1,,,,0,none,,
cls:-ve/Missing Label/snap_872.jpg,classification,projects/om_bottle/images/-ve/Missing Label/snap_872.jpg,2537,1927,8e512e45fd65a2888ee6f3e956305c4b56d409fe5a376285dd8c62cbedb5d5de,cls:-ve/Missing Label#2,val,missing_label,missing_label,1,,,,0,none,,
cls:-ve/Missing Label/snap_873.jpg,classification,projects/om_bottle/images/-ve/Missing Label/snap_873.jpg,2537,1927,e54fb1174e7ba3d03311a1b79d34d924c9a4cc44cb56d2216849a829d0b56f19,cls:-ve/Missing Label#2,val,missing_label,missing_label,1,,,,0,none,,
cls:-ve/Missing Label/snap_874.jpg,classification,projects/om_bottle/images/-ve/Missing Label/snap_874.jpg,2537,1927,b1611a554087be6da719f0ecdfc0936fbc709a9d2537949156f2c8f6317e1632,cls:-ve/Missing Label#2,val,missing_label,missing_label,1,,,,0,none,,
cls:-ve/Missing Label/snap_875.jpg,classification,projects/om_bottle/images/-ve/Missing Label/snap_875.jpg,2537,1927,dd5dc69be366bb0996a76971223e77de08308a3dcc0257355051a8f1879da336,cls:-ve/Missing Label#2,val,missing_label,missing_label,1,,,,0,none,,
cls:-ve/Missing Label/snap_876.jpg,classification,projects/om_bottle/images/-ve/Missing Label/snap_876.jpg,2537,1927,e80d0f7c875e03114e4f89a4fd46bcfdc22adcc335d75125613da10fe52742cd,cls:-ve/Missing Label#2,val,missing_label,missing_label,1,,,,0,none,,
cls:-ve/Missing Label/snap_877.jpg,classification,projects/om_bottle/images/-ve/Missing Label/snap_877.jpg,2537,1927,6dd8d7e9372fc0aede25efe4cd4b5b23e100b0f58d510b263a06b26e85fc0ac1,cls:-ve/Missing Label#2,val,missing_label,missing_label,1,,,,0,none,,
cls:-ve/Missing Label/snap_878.jpg,classification,projects/om_bottle/images/-ve/Missing Label/snap_878.jpg,2537,1927,1758321ccc624584a1d10d17aeebcd8c41c4d0673ee7e8ab0eebf3862a9e0942,cls:-ve/Missing Label#2,val,missing_label,missing_label,1,,,,0,none,,
cls:-ve/Skewed Bottle/snap_1198.jpg,classification,projects/om_bottle/images/-ve/Skewed Bottle/snap_1198.jpg,2537,1927,bd895753d752c0def539b79f4a6e417885a6af83080a22c9ceaf716c54506d6b,cls:-ve/Skewed Bottle#1,test,skewed_bottle,skewed_bottle,1,,,,0,none,,
cls:-ve/Skewed Bottle/snap_1199.jpg,classification,projects/om_bottle/images/-ve/Skewed Bottle/snap_1199.jpg,2537,1927,335d80c11bbcc37e281e8f43f27046a9e53c4eaa865c9de1ffa6f468b10941bc,cls:-ve/Skewed Bottle#1,test,skewed_bottle,skewed_bottle,1,,,,0,none,,
cls:-ve/Skewed Bottle/snap_1200.jpg,classification,projects/om_bottle/images/-ve/Skewed Bottle/snap_1200.jpg,2537,1927,ef322a04e7bcbb492e566acddc9fec0fc0b69c8977ac5bb1c2bf5199b8303f5b,cls:-ve/Skewed Bottle#1,test,skewed_bottle,skewed_bottle,1,,,,0,none,,
cls:-ve/Skewed Bottle/snap_1202.jpg,classification,projects/om_bottle/images/-ve/Skewed Bottle/snap_1202.jpg,2537,1927,7977127b5fbc5ebb1f0816f6d273ed0fb324cfd1d2f5a57380924c0873e42d51,cls:-ve/Skewed Bottle#1,test,skewed_bottle,skewed_bottle,1,,,,0,none,,
cls:-ve/Skewed Bottle/snap_1203.jpg,classification,projects/om_bottle/images/-ve/Skewed Bottle/snap_1203.jpg,2537,1927,332fec3ad3559c0486baf748c5608040874dfe218c28393656dd12277ebc1549,cls:-ve/Skewed Bottle#1,test,skewed_bottle,skewed_bottle,1,,,,0,none,,
cls:-ve/Skewed Bottle/snap_1204.jpg,classification,projects/om_bottle/images/-ve/Skewed Bottle/snap_1204.jpg,2537,1927,082e5dfc5d626dd046024c78423991208b77d3dc1d32aff3774ab450485aaaee,cls:-ve/Skewed Bottle#1,test,skewed_bottle,skewed_bottle,1,,,,0,none,,
cls:-ve/Skewed Bottle/snap_1205.jpg,classification,projects/om_bottle/images/-ve/Skewed Bottle/snap_1205.jpg,2537,1927,70c925e23abe0632c54ebdc2498c2a13ace99488692277e808e8abf517776da9,cls:-ve/Skewed Bottle#1,test,skewed_bottle,skewed_bottle,1,,,,0,none,,
cls:-ve/Skewed Bottle/snap_1206.jpg,classification,projects/om_bottle/images/-ve/Skewed Bottle/snap_1206.jpg,2537,1927,09350e23356529c290f32287e8175fed1bc36a86f7f577ce3ab4afcdd1db5473,cls:-ve/Skewed Bottle#1,test,skewed_bottle,skewed_bottle,1,,,,0,none,,
cls:-ve/Skewed Bottle/snap_1207.jpg,classification,projects/om_bottle/images/-ve/Skewed Bottle/snap_1207.jpg,2537,1927,703bccb59dc702520b5eac5c25722751f0124ec29c486d8a16689e067a203d17,cls:-ve/Skewed Bottle#1,test,skewed_bottle,skewed_bottle,1,,,,0,none,,
cls:-ve/Skewed Bottle/snap_1208.jpg,classification,projects/om_bottle/images/-ve/Skewed Bottle/snap_1208.jpg,2537,1927,a551dd8133e899e930331e15623da83b18de12531747546294dc6ab947e0b366,cls:-ve/Skewed Bottle#2,train,skewed_bottle,skewed_bottle,1,,,,0,none,,
cls:-ve/Skewed Bottle/snap_1209.jpg,classification,projects/om_bottle/images/-ve/Skewed Bottle/snap_1209.jpg,2537,1927,e8da346e9154d4dd353e259efd97b278f6dc5486db27d8d38d1246c696e2646a,cls:-ve/Skewed Bottle#2,train,skewed_bottle,skewed_bottle,1,,,,0,none,,
cls:-ve/Skewed Bottle/snap_1210.jpg,classification,projects/om_bottle/images/-ve/Skewed Bottle/snap_1210.jpg,2537,1927,327d6fc4c1f09b34c5a49848da4d79be416be775e6bdc4ffaa9d0199f8d70c27,cls:-ve/Skewed Bottle#2,train,skewed_bottle,skewed_bottle,1,,,,0,none,,
cls:-ve/Skewed Bottle/snap_1211.jpg,classification,projects/om_bottle/images/-ve/Skewed Bottle/snap_1211.jpg,2537,1927,9c30869ac495eae2c38c8089edd6de59c5893289e6912ab17d8495d2c71c16b5,cls:-ve/Skewed Bottle#2,train,skewed_bottle,skewed_bottle,1,,,,0,none,,
cls:-ve/Skewed Bottle/snap_1212.jpg,classification,projects/om_bottle/images/-ve/Skewed Bottle/snap_1212.jpg,2537,1927,089a922b048878a457ac5ae112e9b71121ae9122ea65886a5ef55bf37f54aae9,cls:-ve/Skewed Bottle#2,train,skewed_bottle,skewed_bottle,1,,,,0,none,,
cls:-ve/Skewed Bottle/snap_1213.jpg,classification,projects/om_bottle/images/-ve/Skewed Bottle/snap_1213.jpg,2537,1927,d60e28504f8ce32ce1d85067c6a368daafe556de587770ba75fa51e47fe7e05a,cls:-ve/Skewed Bottle#3,val,skewed_bottle,skewed_bottle,1,,,,0,none,,
cls:-ve/Skewed Bottle/snap_1214.jpg,classification,projects/om_bottle/images/-ve/Skewed Bottle/snap_1214.jpg,2537,1927,1493b22e807baefc09f0f78429fb4eaf0be1310808a38b4d7447d8ba603bfeaf,cls:-ve/Skewed Bottle#3,val,skewed_bottle,skewed_bottle,1,,,,0,none,,
cls:-ve/Skewed Bottle/snap_1215.jpg,classification,projects/om_bottle/images/-ve/Skewed Bottle/snap_1215.jpg,2537,1927,6c784f76dd7c1b2e8977e84a8d1ea3bfbf4ad0cdc234a028b47e16b98e06831b,cls:-ve/Skewed Bottle#3,val,skewed_bottle,skewed_bottle,1,,,,0,none,,
cls:-ve/Skewed Bottle/snap_1216.jpg,classification,projects/om_bottle/images/-ve/Skewed Bottle/snap_1216.jpg,2537,1927,8d1f275ceafb0c23749bbf031df1ad809816f1f32da998617652f4faa588d261,cls:-ve/Skewed Bottle#3,val,skewed_bottle,skewed_bottle,1,,,,0,none,,
cls:-ve/Skewed Bottle/snap_1217.jpg,classification,projects/om_bottle/images/-ve/Skewed Bottle/snap_1217.jpg,2537,1927,557d299efeaa628b6ae92badc7c201c5fe4cae3280b3e0b4c1296cc745367d3d,cls:-ve/Skewed Bottle#3,val,skewed_bottle,skewed_bottle,1,,,,0,none,,
cls:-ve/Skewed Bottle/snap_1218.jpg,classification,projects/om_bottle/images/-ve/Skewed Bottle/snap_1218.jpg,2537,1927,7f2cd32f468d0398bee0e39be0a73a96030a6f0385b6529b2d6f25ce027b87aa,cls:-ve/Skewed Bottle#3,val,skewed_bottle,skewed_bottle,1,,,,0,none,,
cls:-ve/Skewed Bottle/snap_1219.jpg,classification,projects/om_bottle/images/-ve/Skewed Bottle/snap_1219.jpg,2537,1927,e7ad1e21fd53af380479128457b2e1f89ccaa6f79cb1bda712ca6e62f7584dde,cls:-ve/Skewed Bottle#3,val,skewed_bottle,skewed_bottle,1,,,,0,none,,
cls:-ve/Skewed Bottle/snap_1220.jpg,classification,projects/om_bottle/images/-ve/Skewed Bottle/snap_1220.jpg,2537,1927,9fdbeb351dce7898da3529207b6d821b4006923bc182f034d34c3dc72395290e,cls:-ve/Skewed Bottle#3,val,skewed_bottle,skewed_bottle,1,,,,0,none,,
cls:-ve/Skewed Bottle/snap_1221.jpg,classification,projects/om_bottle/images/-ve/Skewed Bottle/snap_1221.jpg,2537,1927,09f668db1796333d4b6d0f771c032ad3c2289e76d4797a29e6b4f4e5d37144b3,cls:-ve/Skewed Bottle#3,val,skewed_bottle,skewed_bottle,1,,,,0,none,,
cls:-ve/Skewed Bottle/snap_1222.jpg,classification,projects/om_bottle/images/-ve/Skewed Bottle/snap_1222.jpg,2537,1927,98f48a60b56d54055ca7f1c100d59f5dc963c0d977c06330dd6a6ed7de985c84,cls:-ve/Skewed Bottle#3,val,skewed_bottle,skewed_bottle,1,,,,0,none,,
cls:-ve/Skewed Bottle/snap_1223.jpg,classification,projects/om_bottle/images/-ve/Skewed Bottle/snap_1223.jpg,2537,1927,ec373e4880af590b595ebdce4887b190510d98010a7dc819a622a30ed81fbd39,cls:-ve/Skewed Bottle#3,val,skewed_bottle,skewed_bottle,1,,,,0,none,,
cls:-ve/Skewed Bottle/snap_1224.jpg,classification,projects/om_bottle/images/-ve/Skewed Bottle/snap_1224.jpg,2537,1927,d80ac6e4c26d15311eafb2acb16f5d0556c7ab6fbcd869a9919bc7c33bc72217,cls:-ve/Skewed Bottle#3,val,skewed_bottle,skewed_bottle,1,,,,0,none,,
cls:-ve/Skewed Bottle/snap_1225.jpg,classification,projects/om_bottle/images/-ve/Skewed Bottle/snap_1225.jpg,2537,1927,f943052b6402783a509f36d4f4c43532116fe9d82116312153caa2b55003e1b4,cls:-ve/Skewed Bottle#3,val,skewed_bottle,skewed_bottle,1,,,,0,none,,
cls:-ve/Skewed Bottle/snap_1226.jpg,classification,projects/om_bottle/images/-ve/Skewed Bottle/snap_1226.jpg,2537,1927,c671ec483c8ff1d5d134755f12992bdfcc972c7fd6a46220edf659164a2e89fe,cls:-ve/Skewed Bottle#3,val,skewed_bottle,skewed_bottle,1,,,,0,none,,
cls:-ve/Skewed Bottle/snap_1227.jpg,classification,projects/om_bottle/images/-ve/Skewed Bottle/snap_1227.jpg,2537,1927,75c8f057e4999a7c57c52bfaab32b35e9eb71467bdb3b9f05c5b1a2cbd88e8c2,cls:-ve/Skewed Bottle#3,val,skewed_bottle,skewed_bottle,1,,,,0,none,,
cls:-ve/Skewed Bottle/snap_1228.jpg,classification,projects/om_bottle/images/-ve/Skewed Bottle/snap_1228.jpg,2537,1927,f67e903da02c6c6ea3f0bee72668d9f80ebefb067030c9974d511e5c3ff6b7a1,cls:-ve/Skewed Bottle#3,val,skewed_bottle,skewed_bottle,1,,,,0,none,,
cls:-ve/Skewed Bottle/snap_1229.jpg,classification,projects/om_bottle/images/-ve/Skewed Bottle/snap_1229.jpg,2537,1927,749d57addae73a2a83a6b2ebb2471e62c15b557f75fd9cdbd8387e69c055d0a8,cls:-ve/Skewed Bottle#3,val,skewed_bottle,skewed_bottle,1,,,,0,none,,
cls:-ve/Skewed Bottle/snap_1230.jpg,classification,projects/om_bottle/images/-ve/Skewed Bottle/snap_1230.jpg,2537,1927,4b43ec40e972cf5fb713c1efe6245adbc87ffb45fc7de0ef75f2487bae66320f,cls:-ve/Skewed Bottle#3,val,skewed_bottle,skewed_bottle,1,,,,0,none,,
cls:-ve/Skewed Bottle/snap_1231.jpg,classification,projects/om_bottle/images/-ve/Skewed Bottle/snap_1231.jpg,2537,1927,cd96a23bd6f5747bab7901592422de1bf1d7a05c4867c802afd23d0eb1c0908a,cls:-ve/Skewed Bottle#4,train,skewed_bottle,skewed_bottle,1,,,,0,none,,
cls:-ve/Skewed Bottle/snap_1232.jpg,classification,projects/om_bottle/images/-ve/Skewed Bottle/snap_1232.jpg,2537,1927,257058e43f3d8b85f9277c19f9931d55535cf406c80f30afefe05fe5761c7cf6,cls:-ve/Skewed Bottle#4,train,skewed_bottle,skewed_bottle,1,,,,0,none,,
cls:-ve/Skewed Bottle/snap_1233.jpg,classification,projects/om_bottle/images/-ve/Skewed Bottle/snap_1233.jpg,2537,1927,eeeefa1a51b6d7448b4e59adf7065192e58ce87392f7d6609d317b7cefca7bdd,cls:-ve/Skewed Bottle#4,train,skewed_bottle,skewed_bottle,1,,,,0,none,,
cls:-ve/Skewed Bottle/snap_1234.jpg,classification,projects/om_bottle/images/-ve/Skewed Bottle/snap_1234.jpg,2537,1927,0cca2451b466ef1b6a00be3e5105d50727c3b900be97a68d5f395ea6222391ae,cls:-ve/Skewed Bottle#4,train,skewed_bottle,skewed_bottle,1,,,,0,none,,
cls:-ve/Skewed Bottle/snap_1235.jpg,classification,projects/om_bottle/images/-ve/Skewed Bottle/snap_1235.jpg,2537,1927,21836717f66b28be87595569423fb8a0a5d1443bbe835bacb63282c49dfa2606,cls:-ve/Skewed Bottle#4,train,skewed_bottle,skewed_bottle,1,,,,0,none,,
cls:-ve/Skewed Bottle/snap_1236.jpg,classification,projects/om_bottle/images/-ve/Skewed Bottle/snap_1236.jpg,2537,1927,194675e1be3b5bd679203571a523c2536ce9882d0e83e9d546cf8d4a56e53784,cls:-ve/Skewed Bottle#4,train,skewed_bottle,skewed_bottle,1,,,,0,none,,
cls:-ve/Skewed Bottle/snap_1237.jpg,classification,projects/om_bottle/images/-ve/Skewed Bottle/snap_1237.jpg,2537,1927,3b88aa7b6ccdfc4ab96037e1f361bfc2325e19bb60588e729f59c1d1280ec3a9,cls:-ve/Skewed Bottle#4,train,skewed_bottle,skewed_bottle,1,,,,0,none,,
cls:-ve/Skewed Bottle/snap_1238.jpg,classification,projects/om_bottle/images/-ve/Skewed Bottle/snap_1238.jpg,2537,1927,d6a560d4fd48908110bfc523f131b3f7e7caf65cf69ff4f67b2155182ab1f585,cls:-ve/Skewed Bottle#4,train,skewed_bottle,skewed_bottle,1,,,,0,none,,
cls:-ve/Skewed Bottle/snap_1239.jpg,classification,projects/om_bottle/images/-ve/Skewed Bottle/snap_1239.jpg,2537,1927,b5b757ddd1c9effa55f4d6b34b09a7ad700d6527ee90c2c9e8971e7574aea57f,cls:-ve/Skewed Bottle#4,train,skewed_bottle,skewed_bottle,1,,,,0,none,,
cls:-ve/Skewed Bottle/snap_1240.jpg,classification,projects/om_bottle/images/-ve/Skewed Bottle/snap_1240.jpg,2537,1927,ca3084cba775b8aad747fc5c22871e01ba4a42668f9eefd20d6e2e66c5d0e654,cls:-ve/Skewed Bottle#4,train,skewed_bottle,skewed_bottle,1,,,,0,none,,
cls:-ve/Skewed Bottle/snap_1241.jpg,classification,projects/om_bottle/images/-ve/Skewed Bottle/snap_1241.jpg,2537,1927,d4909debd93ce2456726c46c8be1426a9168552edb2d6b4e2a3463d48cb21b10,cls:-ve/Skewed Bottle#4,train,skewed_bottle,skewed_bottle,1,,,,0,none,,
cls:-ve/Skewed Bottle/snap_1242.jpg,classification,projects/om_bottle/images/-ve/Skewed Bottle/snap_1242.jpg,2537,1927,9be03f723f32de029bdadff39291b906937494ea9da9e8379d7e3171be0f9519,cls:-ve/Skewed Bottle#4,train,skewed_bottle,skewed_bottle,1,,,,0,none,,
cls:-ve/Skewed Bottle/snap_1243.jpg,classification,projects/om_bottle/images/-ve/Skewed Bottle/snap_1243.jpg,2537,1927,f420a4d00a8940a9318c2b617faf682be87b77e4ffb273a7a01792c8d9b08641,cls:-ve/Skewed Bottle#4,train,skewed_bottle,skewed_bottle,1,,,,0,none,,
cls:-ve/Skewed Bottle/snap_1244.jpg,classification,projects/om_bottle/images/-ve/Skewed Bottle/snap_1244.jpg,2537,1927,97c83b0bc0c36bfea0794ef59c08f7286254dc7996f784977457a0a174d95e0e,cls:-ve/Skewed Bottle#4,train,skewed_bottle,skewed_bottle,1,,,,0,none,,
cls:-ve/Skewed Bottle/snap_1245.jpg,classification,projects/om_bottle/images/-ve/Skewed Bottle/snap_1245.jpg,2537,1927,26a11950f8988bd588d91ec9532606a9a680bbd8cb1331ebe27e9222cdbdd509,cls:-ve/Skewed Bottle#4,train,skewed_bottle,skewed_bottle,1,,,,0,none,,
cls:-ve/Skewed Bottle/snap_1246.jpg,classification,projects/om_bottle/images/-ve/Skewed Bottle/snap_1246.jpg,2537,1927,0dacf838f136e6b6438132694ece723466195dec5aeefcfb66e1c2a381dd59bf,cls:-ve/Skewed Bottle#4,train,skewed_bottle,skewed_bottle,1,,,,0,none,,
cls:-ve/Skewed Bottle/snap_1247.jpg,classification,projects/om_bottle/images/-ve/Skewed Bottle/snap_1247.jpg,2537,1927,a816421c4d8439d16bef6e6402539ad480abfe7dfdd923da0fa18bf8a5b5d118,cls:-ve/Skewed Bottle#4,train,skewed_bottle,skewed_bottle,1,,,,0,none,,
cls:-ve/Skewed Bottle/snap_1248.jpg,classification,projects/om_bottle/images/-ve/Skewed Bottle/snap_1248.jpg,2537,1927,2039426f7361036b5769cacdf4aebabbbdfdd5cd3e8f09567d684d57958992c7,cls:-ve/Skewed Bottle#4,train,skewed_bottle,skewed_bottle,1,,,,0,none,,
cls:-ve/Skewed Bottle/snap_1249.jpg,classification,projects/om_bottle/images/-ve/Skewed Bottle/snap_1249.jpg,2537,1927,390bfd236ac7a9c9cffbaec0cc24999bcf4211cb4c978b44f235811e42a46364,cls:-ve/Skewed Bottle#5,train,skewed_bottle,skewed_bottle,1,,,,0,none,,
cls:-ve/Skewed Bottle/snap_1250.jpg,classification,projects/om_bottle/images/-ve/Skewed Bottle/snap_1250.jpg,2537,1927,a61e172c67b70bb6e1b7ecd22604482c5a26b0d8c7d32913fb73d2b81463cb04,cls:-ve/Skewed Bottle#5,train,skewed_bottle,skewed_bottle,1,,,,0,none,,
cls:-ve/Skewed Bottle/snap_1251.jpg,classification,projects/om_bottle/images/-ve/Skewed Bottle/snap_1251.jpg,2537,1927,958f71a51715c81ff783cc7cfd79dd6c4050eb4e1b3f0ed7585ea700efbc6e97,cls:-ve/Skewed Bottle#5,train,skewed_bottle,skewed_bottle,1,,,,0,none,,
cls:-ve/Skewed Bottle/snap_1252.jpg,classification,projects/om_bottle/images/-ve/Skewed Bottle/snap_1252.jpg,2537,1927,6336e8a67793df066674ef96f6f3a2d736491df55aaba8779cb62c994eec354c,cls:-ve/Skewed Bottle#5,train,skewed_bottle,skewed_bottle,1,,,,0,none,,
cls:-ve/Skewed Bottle/snap_1253.jpg,classification,projects/om_bottle/images/-ve/Skewed Bottle/snap_1253.jpg,2537,1927,d70436147b3129b8e478d33b1be80b7fd52c1e4f5101db567a7e499aa65e9126,cls:-ve/Skewed Bottle#5,train,skewed_bottle,skewed_bottle,1,,,,0,none,,
cls:-ve/Skewed Bottle/snap_1254.jpg,classification,projects/om_bottle/images/-ve/Skewed Bottle/snap_1254.jpg,2537,1927,60ba69b4dff0f8327d47469d713ef032ff794d330f8d52dc005e2eba0becf059,cls:-ve/Skewed Bottle#5,train,skewed_bottle,skewed_bottle,1,,,,0,none,,
cls:-ve/Skewed Bottle/snap_1255.jpg,classification,projects/om_bottle/images/-ve/Skewed Bottle/snap_1255.jpg,2537,1927,8d8ce2e1cd20dbe00e791a4fe5e9086dc53502a57082baf095ac2acce2409dd2,cls:-ve/Skewed Bottle#5,train,skewed_bottle,skewed_bottle,1,,,,0,none,,
cls:-ve/Skewed Bottle/snap_1256.jpg,classification,projects/om_bottle/images/-ve/Skewed Bottle/snap_1256.jpg,2537,1927,edbd9c2fcc01126aa719442a9e8838d6b5a91e40cd7fb2e7d3d7ef10421e57c3,cls:-ve/Skewed Bottle#5,train,skewed_bottle,skewed_bottle,1,,,,0,none,,
cls:-ve/Skewed Bottle/snap_1257.jpg,classification,projects/om_bottle/images/-ve/Skewed Bottle/snap_1257.jpg,2537,1927,91d23e8df8f3dab62d2b87046caca92b5755ab03fec675ff2bee5c9650fae5a3,cls:-ve/Skewed Bottle#5,train,skewed_bottle,skewed_bottle,1,,,,0,none,,
cls:-ve/Skewed Bottle/snap_1258.jpg,classification,projects/om_bottle/images/-ve/Skewed Bottle/snap_1258.jpg,2537,1927,91c1fef43f1d3a6fedf94a542d4cbab5aca4c29343172cf44e38caa3cfb819ac,cls:-ve/Skewed Bottle#6,test,skewed_bottle,skewed_bottle,1,,,,0,none,,
cls:-ve/Skewed Bottle/snap_1259.jpg,classification,projects/om_bottle/images/-ve/Skewed Bottle/snap_1259.jpg,2537,1927,c31d7186520a294a7de71c868d61a997c922330dbd75b4600c7468950f1e2344,cls:-ve/Skewed Bottle#6,test,skewed_bottle,skewed_bottle,1,,,,0,none,,
cls:-ve/Skewed Bottle/snap_1260.jpg,classification,projects/om_bottle/images/-ve/Skewed Bottle/snap_1260.jpg,2537,1927,96e039816375c3ef8bb610d886d22c86df08715fb18ce751562e97a69e360485,cls:-ve/Skewed Bottle#6,test,skewed_bottle,skewed_bottle,1,,,,0,none,,
cls:-ve/Skewed Bottle/snap_1261.jpg,classification,projects/om_bottle/images/-ve/Skewed Bottle/snap_1261.jpg,2537,1927,c9441f7ee2499b02453f32800028364ded75bc01d621564cc3dacfe48085f9ed,cls:-ve/Skewed Bottle#6,test,skewed_bottle,skewed_bottle,1,,,,0,none,,
cls:-ve/Skewed Bottle/snap_1262.jpg,classification,projects/om_bottle/images/-ve/Skewed Bottle/snap_1262.jpg,2537,1927,5e2bd0f81a013662c860f5a0d494f1ccc98d94898057b35c3832c91894a4f83c,cls:-ve/Skewed Bottle#6,test,skewed_bottle,skewed_bottle,1,,,,0,none,,
cls:-ve/Skewed Bottle/snap_1263.jpg,classification,projects/om_bottle/images/-ve/Skewed Bottle/snap_1263.jpg,2537,1927,f9e3b696d5e67b64abe63277e1b3a087d97a76f63b19ab9b496053dc4dc11743,cls:-ve/Skewed Bottle#6,test,skewed_bottle,skewed_bottle,1,,,,0,none,,
cls:-ve/Skewed Bottle/snap_1264.jpg,classification,projects/om_bottle/images/-ve/Skewed Bottle/snap_1264.jpg,2537,1927,b34079d2746f4ad01854a319304e8eaf5590ff865b59a6e9041d640e2d3397a1,cls:-ve/Skewed Bottle#6,test,skewed_bottle,skewed_bottle,1,,,,0,none,,
cls:-ve/Skewed Bottle/snap_1265.jpg,classification,projects/om_bottle/images/-ve/Skewed Bottle/snap_1265.jpg,2537,1927,ba113ac79f2e5a9950713ebba36fca10a2a6ec8639d4796891beb2e5fa171455,cls:-ve/Skewed Bottle#6,test,skewed_bottle,skewed_bottle,1,,,,0,none,,
cls:-ve/Skewed Bottle/snap_1266.jpg,classification,projects/om_bottle/images/-ve/Skewed Bottle/snap_1266.jpg,2537,1927,98ac056e47db297cb7fc79e0565b6d3c4eacc3fb433420f3a23a9556c253641d,cls:-ve/Skewed Bottle#7,train,skewed_bottle,skewed_bottle,1,,,,0,none,,
cls:-ve/Skewed Bottle/snap_1267.jpg,classification,projects/om_bottle/images/-ve/Skewed Bottle/snap_1267.jpg,2537,1927,6f24a7f046bf19b8f5ccc3360d97bc46f9f2811d710316e685ca3f6823256060,cls:-ve/Skewed Bottle#7,train,skewed_bottle,skewed_bottle,1,,,,0,none,,
cls:-ve/Skewed Bottle/snap_1268.jpg,classification,projects/om_bottle/images/-ve/Skewed Bottle/snap_1268.jpg,2537,1927,893e20dd34a1ae388eb8cf683612d7a4dc2096725cfb4ff7f27ee4e21f2bca23,cls:-ve/Skewed Bottle#7,train,skewed_bottle,skewed_bottle,1,,,,0,none,,
cls:-ve/Skewed Bottle/snap_1269.jpg,classification,projects/om_bottle/images/-ve/Skewed Bottle/snap_1269.jpg,2537,1927,774fb981fd82e2755125b113e8c65b8de387a99d61eb866cc0f3f61c8fa2b2ca,cls:-ve/Skewed Bottle#8,test,skewed_bottle,skewed_bottle,1,,,,0,none,,
cls:-ve/Skewed Bottle/snap_1270.jpg,classification,projects/om_bottle/images/-ve/Skewed Bottle/snap_1270.jpg,2537,1927,f2a124b0047267bfbc8df698c3b165e946da067cd4611c22c7a6cbf1b661ffd0,cls:-ve/Skewed Bottle#8,test,skewed_bottle,skewed_bottle,1,,,,0,none,,
cls:-ve/Skewed Bottle/snap_1271.jpg,classification,projects/om_bottle/images/-ve/Skewed Bottle/snap_1271.jpg,2537,1927,224d0f3bf178567d2169b79fdf814b0c80c1f470233518c8c5a956a278cfa1cc,cls:-ve/Skewed Bottle#8,test,skewed_bottle,skewed_bottle,1,,,,0,none,,
cls:-ve/Skewed Bottle/snap_1272.jpg,classification,projects/om_bottle/images/-ve/Skewed Bottle/snap_1272.jpg,2537,1927,9522d9a26b81b4465d106e413d97e48a17897505feba3193f22470195187cd0e,cls:-ve/Skewed Bottle#8,test,skewed_bottle,skewed_bottle,1,,,,0,none,,
cls:-ve/Skewed Bottle/snap_1273.jpg,classification,projects/om_bottle/images/-ve/Skewed Bottle/snap_1273.jpg,2537,1927,cae6880b95539446b7737d594669bbac7a1b1cda9c1ed4fe6118218738d20ac6,cls:-ve/Skewed Bottle#9,train,skewed_bottle,skewed_bottle,1,,,,0,none,,
cls:-ve/Skewed Bottle/snap_1274.jpg,classification,projects/om_bottle/images/-ve/Skewed Bottle/snap_1274.jpg,2537,1927,338bfccec6d82e82454bf0f59883e57724422a9cacf5d8ecf09aec6bed3b764e,cls:-ve/Skewed Bottle#9,train,skewed_bottle,skewed_bottle,1,,,,0,none,,
cls:-ve/Skewed Bottle/snap_1275.jpg,classification,projects/om_bottle/images/-ve/Skewed Bottle/snap_1275.jpg,2537,1927,612eca3e7c8ec04038fb4b47984d6223d4ddc4b87b9e182094d87723d6fc5ee5,cls:-ve/Skewed Bottle#9,train,skewed_bottle,skewed_bottle,1,,,,0,none,,
cls:-ve/Skewed Bottle/snap_1276.jpg,classification,projects/om_bottle/images/-ve/Skewed Bottle/snap_1276.jpg,2537,1927,80c47b0388baf4572a11930e6e85a0dc73502cc8b1b9b5d9d0a8f56048bce36c,cls:-ve/Skewed Bottle#9,train,skewed_bottle,skewed_bottle,1,,,,0,none,,
cls:-ve/Skewed Bottle/snap_1277.jpg,classification,projects/om_bottle/images/-ve/Skewed Bottle/snap_1277.jpg,2537,1927,216c2b0d05bb0861ec5bbb2bed4174fab4ae6b073ef59798554beea1066519ae,cls:-ve/Skewed Bottle#9,train,skewed_bottle,skewed_bottle,1,,,,0,none,,
cls:-ve/Skewed Bottle/snap_1278.jpg,classification,projects/om_bottle/images/-ve/Skewed Bottle/snap_1278.jpg,2537,1927,801c429be11f68191b5143becb22533b360b81e913742573150ad5b142bec9e6,cls:-ve/Skewed Bottle#9,train,skewed_bottle,skewed_bottle,1,,,,0,none,,
cls:-ve/Skewed Bottle/snap_1279.jpg,classification,projects/om_bottle/images/-ve/Skewed Bottle/snap_1279.jpg,2537,1927,63e896de5d3887c6d83b824b26f8ff35d7e235d7e9717bcb2cb693136d5279a4,cls:-ve/Skewed Bottle#9,train,skewed_bottle,skewed_bottle,1,,,,0,none,,
cls:-ve/Skewed Bottle/snap_1280.jpg,classification,projects/om_bottle/images/-ve/Skewed Bottle/snap_1280.jpg,2537,1927,8e2467c903ea12790fd9a953fe07ed2204a7f65782fab097c510b38c0a853f7c,cls:-ve/Skewed Bottle#9,train,skewed_bottle,skewed_bottle,1,,,,0,none,,
cls:-ve/Skewed Bottle/snap_1281.jpg,classification,projects/om_bottle/images/-ve/Skewed Bottle/snap_1281.jpg,2537,1927,4435b5c1b49894d70e37589b47a14cf657bb9880c1365aac3a44fd8cff7c4e9c,cls:-ve/Skewed Bottle#9,train,skewed_bottle,skewed_bottle,1,,,,0,none,,
cls:-ve/Skewed Bottle/snap_1282.jpg,classification,projects/om_bottle/images/-ve/Skewed Bottle/snap_1282.jpg,2537,1927,ecb8168e724d709a8a8f05b4a1859553c26c9a745e82355734d95b6beb905bfd,cls:-ve/Skewed Bottle#9,train,skewed_bottle,skewed_bottle,1,,,,0,none,,
cls:-ve/Skewed Bottle/snap_1283.jpg,classification,projects/om_bottle/images/-ve/Skewed Bottle/snap_1283.jpg,2537,1927,9798f90a61012eaec85f1316d555f30cf4a8c546f3dbfe18c67bffa92261a01b,cls:-ve/Skewed Bottle#9,train,skewed_bottle,skewed_bottle,1,,,,0,none,,
cls:-ve/Skewed Bottle/snap_1284.jpg,classification,projects/om_bottle/images/-ve/Skewed Bottle/snap_1284.jpg,2537,1927,4c236f50909f8630e20dfdfd3969ece36d122f25d59ac74ec00beb2c81153c25,cls:-ve/Skewed Bottle#9,train,skewed_bottle,skewed_bottle,1,,,,0,none,,
cls:-ve/Skewed Bottle/snap_1285.jpg,classification,projects/om_bottle/images/-ve/Skewed Bottle/snap_1285.jpg,2537,1927,a74d65f3cfecb1ec2bef443edf99d7d08ad7787536e268936b549b289abb2240,cls:-ve/Skewed Bottle#9,train,skewed_bottle,skewed_bottle,1,,,,0,none,,
cls:-ve/Skewed Bottle/snap_1286.jpg,classification,projects/om_bottle/images/-ve/Skewed Bottle/snap_1286.jpg,2537,1927,293fb7837eb1e10821cfefd3701e7272ec303875e7524ce7a0daa33bc579cb62,cls:-ve/Skewed Bottle#9,train,skewed_bottle,skewed_bottle,1,,,,0,none,,
cls:-ve/Skewed Bottle/snap_1287.jpg,classification,projects/om_bottle/images/-ve/Skewed Bottle/snap_1287.jpg,2537,1927,209bde0758796e6fc055d80590c23f97467adcf67522a5fddea1a200496f46eb,cls:-ve/Skewed Bottle#10,train,skewed_bottle,skewed_bottle,1,,,,0,none,,
cls:-ve/Skewed Bottle/snap_1288.jpg,classification,projects/om_bottle/images/-ve/Skewed Bottle/snap_1288.jpg,2537,1927,2bc5ec28e21d70821a3878ffcae0c15dbb4d27a31a660e356859105d60dd31f0,cls:-ve/Skewed Bottle#10,train,skewed_bottle,skewed_bottle,1,,,,0,none,,
cls:-ve/Skewed Bottle/snap_1289.jpg,classification,projects/om_bottle/images/-ve/Skewed Bottle/snap_1289.jpg,2537,1927,d4a989180b012d54c1f78d827004b88a6757e32f41134f75074ffc01b538afdc,cls:-ve/Skewed Bottle#10,train,skewed_bottle,skewed_bottle,1,,,,0,none,,
cls:-ve/Skewed Bottle/snap_1290.jpg,classification,projects/om_bottle/images/-ve/Skewed Bottle/snap_1290.jpg,2537,1927,07bbd659573230993e13ebc277b52c336ff831090d5fa093b32adb95db8c28e3,cls:-ve/Skewed Bottle#10,train,skewed_bottle,skewed_bottle,1,,,,0,none,,
cls:-ve/Skewed Bottle/snap_1291.jpg,classification,projects/om_bottle/images/-ve/Skewed Bottle/snap_1291.jpg,2537,1927,bce4c378c690817d58e7808bac52f231734ce80475a479be47a9fdc80b35d1f9,cls:-ve/Missing Label#2,val,skewed_bottle,skewed_bottle,1,,,,0,none,,
cls:-ve/Skewed Bottle/snap_1292.jpg,classification,projects/om_bottle/images/-ve/Skewed Bottle/snap_1292.jpg,2537,1927,bfd42c700d79390b30779fb265d3309566e237ce56a054f0516aae0f5e7a4b5d,cls:-ve/Missing Label#2,val,skewed_bottle,skewed_bottle,1,,,,0,none,,
cls:-ve/Skewed Bottle/snap_1293.jpg,classification,projects/om_bottle/images/-ve/Skewed Bottle/snap_1293.jpg,2537,1927,3004fd88e2779454d5614a0ccd0db4dd2f3f4869745e5c2ffe8929f3c41d81af,cls:-ve/Missing Label#2,val,skewed_bottle,skewed_bottle,1,,,,0,none,,
cls:-ve/Skewed Bottle/snap_1294.jpg,classification,projects/om_bottle/images/-ve/Skewed Bottle/snap_1294.jpg,2537,1927,41dc027b3106bf4e04539e839b166b41770428916ed682e07790046c0a9eb52a,cls:-ve/Missing Label#2,val,skewed_bottle,skewed_bottle,1,,,,0,none,,
cls:-ve/Skewed Bottle/snap_1295.jpg,classification,projects/om_bottle/images/-ve/Skewed Bottle/snap_1295.jpg,2537,1927,43ef6ce95b2f9383a06ffc534329f42ed53f2e1881b7306892cea27725c285ee,cls:-ve/Missing Label#2,val,skewed_bottle,skewed_bottle,1,,,,0,none,,
cls:-ve/Skewed Bottle/snap_1296.jpg,classification,projects/om_bottle/images/-ve/Skewed Bottle/snap_1296.jpg,2537,1927,c9a6b52ac379782bac6bc4bc27caa236665c6b6ae55772a842e7755d3c3e5c5c,cls:-ve/Missing Label#2,val,skewed_bottle,skewed_bottle,1,,,,0,none,,
cls:-ve/Skewed Bottle/snap_1297.jpg,classification,projects/om_bottle/images/-ve/Skewed Bottle/snap_1297.jpg,2537,1927,00dd1fc3b4b20f4e91ae960208ae8888a00dd2b62be74665e2e3748552188c17,cls:-ve/Missing Label#2,val,skewed_bottle,skewed_bottle,1,,,,0,none,,
cls:-ve/Skewed Bottle/snap_1298.jpg,classification,projects/om_bottle/images/-ve/Skewed Bottle/snap_1298.jpg,2537,1927,7e6e731215070c5f1e50374b447e54c45f242655c5e559b6ff76ade4bd8862c5,cls:-ve/Missing Label#2,val,skewed_bottle,skewed_bottle,1,,,,0,none,,
cls:-ve/Skewed Bottle/snap_1299.jpg,classification,projects/om_bottle/images/-ve/Skewed Bottle/snap_1299.jpg,2537,1927,63dd538e202d7d9943b9173fe2e0b712a487b5e29a8d2655cd0818aea6a274aa,cls:-ve/Missing Label#2,val,skewed_bottle,skewed_bottle,1,,,,0,none,,
cls:-ve/Skewed Bottle/snap_1300.jpg,classification,projects/om_bottle/images/-ve/Skewed Bottle/snap_1300.jpg,2537,1927,83c06607f503b2278a3bceaea4adc734329a51be5162c41cf76fa8f11e6e13f5,cls:-ve/Missing Label#2,val,skewed_bottle,skewed_bottle,1,,,,0,none,,
cls:-ve/Skewed Bottle/snap_1301.jpg,classification,projects/om_bottle/images/-ve/Skewed Bottle/snap_1301.jpg,2537,1927,8e2cdd49d4f31ef5393023ea694cf427a3a7f68f03240f2451d697816a254a99,cls:-ve/Missing Label#2,val,skewed_bottle,skewed_bottle,1,,,,0,none,,
cls:-ve/Skewed Bottle/snap_1302.jpg,classification,projects/om_bottle/images/-ve/Skewed Bottle/snap_1302.jpg,2537,1927,9070cbd268d03638728407bfe3c40a1650adaea5d7d7e31bd4cb6882f5b2b2a0,cls:-ve/Missing Label#2,val,skewed_bottle,skewed_bottle,1,,,,0,none,,
cls:-ve/Skewed Bottle/snap_1303.jpg,classification,projects/om_bottle/images/-ve/Skewed Bottle/snap_1303.jpg,2537,1927,35c0899a30919fad95c580962c079de2bf9d1e7c3b5e8336df9eb724b51756d5,cls:-ve/Missing Label#2,val,skewed_bottle,skewed_bottle,1,,,,0,none,,
cls:-ve/Skewed Bottle/snap_1304.jpg,classification,projects/om_bottle/images/-ve/Skewed Bottle/snap_1304.jpg,2537,1927,095808acdedccf527209e16e519df679c85acd89dd3e6152a0da37eaa4c78228,cls:-ve/Missing Label#2,val,skewed_bottle,skewed_bottle,1,,,,0,none,,
cls:-ve/Skewed Bottle/snap_1305.jpg,classification,projects/om_bottle/images/-ve/Skewed Bottle/snap_1305.jpg,2537,1927,f168a9293f3c4e6cfced4aa71209aa5dd39e2ff688d9f4a03ebdbf144175f650,cls:-ve/Missing Label#2,val,skewed_bottle,skewed_bottle,1,,,,0,none,,
cls:-ve/Skewed Bottle/snap_1306.jpg,classification,projects/om_bottle/images/-ve/Skewed Bottle/snap_1306.jpg,2537,1927,95e3accba198ce120622c184cd976eb6e3df62643fa9cbc293a286fc854bc86f,cls:-ve/Missing Label#2,val,skewed_bottle,skewed_bottle,1,,,,0,none,,
cls:-ve/Skewed Bottle/snap_1307.jpg,classification,projects/om_bottle/images/-ve/Skewed Bottle/snap_1307.jpg,2537,1927,21ae8e39b449fbae055ca33ab460750855a95ab0a07f827037bd66db25a5e75a,cls:-ve/Missing Label#2,val,skewed_bottle,skewed_bottle,1,,,,0,none,,
cls:-ve/Skewed Bottle/snap_1308.jpg,classification,projects/om_bottle/images/-ve/Skewed Bottle/snap_1308.jpg,2537,1927,8e2d55565d8a0cc8d6fff384e829bfbc87cf4ec74df439098f37e0614c3ed959,cls:-ve/Missing Label#2,val,skewed_bottle,skewed_bottle,1,,,,0,none,,
cls:-ve/Skewed Bottle/snap_1309.jpg,classification,projects/om_bottle/images/-ve/Skewed Bottle/snap_1309.jpg,2537,1927,38075656c6b2bb9490b7fad5d46568b540ea4ef141e0f78219295243d2158ba6,cls:-ve/Missing Label#2,val,skewed_bottle,skewed_bottle,1,,,,0,none,,
cls:-ve/Skewed Bottle/snap_1310.jpg,classification,projects/om_bottle/images/-ve/Skewed Bottle/snap_1310.jpg,2537,1927,ba6fa3262cf2a799271e3d9169d4021a9178b0b459f9720c73415184ed484cdd,cls:-ve/Skewed Bottle#13,train,skewed_bottle,skewed_bottle,1,,,,0,none,,
cls:-ve/Skewed Bottle/snap_1311.jpg,classification,projects/om_bottle/images/-ve/Skewed Bottle/snap_1311.jpg,2537,1927,399794676f33109a2960c6a040f9adbd28ee396d5f1641c795cd0d03cebdd3a2,cls:-ve/Skewed Bottle#13,train,skewed_bottle,skewed_bottle,1,,,,0,none,,
cls:-ve/Skewed Bottle/snap_1312.jpg,classification,projects/om_bottle/images/-ve/Skewed Bottle/snap_1312.jpg,2537,1927,d636f0c8f3cab04894d8064fe8095bdacc6aba6f7d60d501a0a62f7f02890be8,cls:-ve/Skewed Bottle#13,train,skewed_bottle,skewed_bottle,1,,,,0,none,,
cls:-ve/Skewed Bottle/snap_1313.jpg,classification,projects/om_bottle/images/-ve/Skewed Bottle/snap_1313.jpg,2537,1927,2f238806ed0c64fa153655803c73937cacd24c62d207d0a20107015fb128c5d7,cls:-ve/Skewed Bottle#13,train,skewed_bottle,skewed_bottle,1,,,,0,none,,
cls:-ve/Skewed Bottle/snap_1314.jpg,classification,projects/om_bottle/images/-ve/Skewed Bottle/snap_1314.jpg,2537,1927,ae038711b13a4f59116c396c4701f4d34b3060c4e80c59be0abe1afeea57578f,cls:-ve/Skewed Bottle#13,train,skewed_bottle,skewed_bottle,1,,,,0,none,,
cls:-ve/Skewed Bottle/snap_1315.jpg,classification,projects/om_bottle/images/-ve/Skewed Bottle/snap_1315.jpg,2537,1927,f3f02f04ef03124198e924d6c60cab100bb34bdaabd0a8d6f6b47ff9ea195edd,cls:-ve/Skewed Bottle#14,train,skewed_bottle,skewed_bottle,1,,,,0,none,,
cls:-ve/Skewed Bottle/snap_1316.jpg,classification,projects/om_bottle/images/-ve/Skewed Bottle/snap_1316.jpg,2537,1927,cc51ba28ff4348f7bee373d6f469d42525e47c3477e91f74dbc8f2a60b2b48a9,cls:-ve/Skewed Bottle#14,train,skewed_bottle,skewed_bottle,1,,,,0,none,,
cls:-ve/Skewed Bottle/snap_1317.jpg,classification,projects/om_bottle/images/-ve/Skewed Bottle/snap_1317.jpg,2537,1927,d6e3290f77608b40adf1e7754294dfa149efe4748b0783eb2a797de1b7d69cee,cls:-ve/Skewed Bottle#14,train,skewed_bottle,skewed_bottle,1,,,,0,none,,
cls:-ve/Skewed Bottle/snap_1318.jpg,classification,projects/om_bottle/images/-ve/Skewed Bottle/snap_1318.jpg,2537,1927,af68a0e2ffb5736d1c0691d721c88b80e1f81d4951519caca5c58dcc54ca0089,cls:-ve/Skewed Bottle#14,train,skewed_bottle,skewed_bottle,1,,,,0,none,,
cls:-ve/Skewed Bottle/snap_1319.jpg,classification,projects/om_bottle/images/-ve/Skewed Bottle/snap_1319.jpg,2537,1927,53c38a31aa12068ecbd0e79470552577b56c970d14f63141a0425e089c2f38c4,cls:-ve/Skewed Bottle#14,train,skewed_bottle,skewed_bottle,1,,,,0,none,,
cls:-ve/Skewed Bottle/snap_1320.jpg,classification,projects/om_bottle/images/-ve/Skewed Bottle/snap_1320.jpg,2537,1927,e459367962da68bbba4d575ce14277862255c46e16c0ec1ad8bd250f2de523c0,cls:-ve/Skewed Bottle#15,train,skewed_bottle,skewed_bottle,1,,,,0,none,,
cls:-ve/Skewed Bottle/snap_1321.jpg,classification,projects/om_bottle/images/-ve/Skewed Bottle/snap_1321.jpg,2537,1927,b857e9371d1af4bc95330cf6baeb08bea8a2700d514d7cc2864603476f95be63,cls:-ve/Skewed Bottle#15,train,skewed_bottle,skewed_bottle,1,,,,0,none,,
cls:-ve/Skewed Bottle/snap_1322.jpg,classification,projects/om_bottle/images/-ve/Skewed Bottle/snap_1322.jpg,2537,1927,c05814c216d80f507622d5f0efafb93e0fa34c1ce263c50d5d69a4237548b662,cls:-ve/Skewed Bottle#15,train,skewed_bottle,skewed_bottle,1,,,,0,none,,
cls:-ve/Skewed Bottle/snap_1323.jpg,classification,projects/om_bottle/images/-ve/Skewed Bottle/snap_1323.jpg,2537,1927,7b6793004445a0030eb85d4b2a7f700abc532614734fdf076bd7b068479ed7c2,cls:-ve/Skewed Bottle#15,train,skewed_bottle,skewed_bottle,1,,,,0,none,,
cls:-ve/Skewed Bottle/snap_1324.jpg,classification,projects/om_bottle/images/-ve/Skewed Bottle/snap_1324.jpg,2537,1927,31b56a60f8c82aa1a5fef3dd11d9f3d694edc4551d74e6f8ecd0b68204fa5698,cls:-ve/Skewed Bottle#15,train,skewed_bottle,skewed_bottle,1,,,,0,none,,
cls:-ve/Skewed Bottle/snap_1325.jpg,classification,projects/om_bottle/images/-ve/Skewed Bottle/snap_1325.jpg,2537,1927,7f4f3f933d30cb6e0e04018633c392e18637168fb25e7699e7a1ad9056f437c0,cls:-ve/Skewed Bottle#15,train,skewed_bottle,skewed_bottle,1,,,,0,none,,
cls:-ve/Skewed Bottle/snap_1326.jpg,classification,projects/om_bottle/images/-ve/Skewed Bottle/snap_1326.jpg,2537,1927,0966bcb66f6739b787786f7f92cee7fa42cfe8462f58d9791654310d1f09ef63,cls:-ve/Skewed Bottle#15,train,skewed_bottle,skewed_bottle,1,,,,0,none,,
cls:-ve/Skewed Bottle/snap_1327.jpg,classification,projects/om_bottle/images/-ve/Skewed Bottle/snap_1327.jpg,2537,1927,db5780c90021635ca3bf38ce4d6c45d3cecc20152c6b77dcdc4127f1a2f531e5,cls:-ve/Skewed Bottle#15,train,skewed_bottle,skewed_bottle,1,,,,0,none,,
cls:-ve/Skewed Bottle/snap_1328.jpg,classification,projects/om_bottle/images/-ve/Skewed Bottle/snap_1328.jpg,2537,1927,2354a94cfbb79ca90ad6e625433ee1dcce76e01f878d3175adef21dc1f0e994e,cls:-ve/Skewed Bottle#15,train,skewed_bottle,skewed_bottle,1,,,,0,none,,
cls:-ve/Skewed Bottle/snap_1329.jpg,classification,projects/om_bottle/images/-ve/Skewed Bottle/snap_1329.jpg,2537,1927,bcfa019241317810e7213454c1bc61b9ddb0d59da91e214cf2d281ac70a5284d,cls:-ve/Skewed Bottle#16,train,skewed_bottle,skewed_bottle,1,,,,0,none,,
cls:-ve/Skewed Bottle/snap_1330.jpg,classification,projects/om_bottle/images/-ve/Skewed Bottle/snap_1330.jpg,2537,1927,e0ae2a814b95b1350430938c7f9236eb8730408fff8eae0e1753f8e9bca46aa7,cls:-ve/Skewed Bottle#16,train,skewed_bottle,skewed_bottle,1,,,,0,none,,
cls:-ve/Skewed Bottle/snap_1331.jpg,classification,projects/om_bottle/images/-ve/Skewed Bottle/snap_1331.jpg,2537,1927,fb03198cb40ab7249896f15abecd9b488229242def52f29f5d8e23d6356ea306,cls:-ve/Skewed Bottle#16,train,skewed_bottle,skewed_bottle,1,,,,0,none,,
cls:-ve/Skewed Bottle/snap_1332.jpg,classification,projects/om_bottle/images/-ve/Skewed Bottle/snap_1332.jpg,2537,1927,0c05a0a7cd27c3a9f6dec9d7a9c2f890520aa23f9d99a2b46669b3539d5ed144,cls:-ve/Skewed Bottle#17,train,skewed_bottle,skewed_bottle,1,,,,0,none,,
cls:-ve/Skewed Bottle/snap_1333.jpg,classification,projects/om_bottle/images/-ve/Skewed Bottle/snap_1333.jpg,2537,1927,7f391d3135bf657f256f62162d2bc6619de880d368b182a0466ad88b9441b299,cls:-ve/Skewed Bottle#17,train,skewed_bottle,skewed_bottle,1,,,,0,none,,
cls:-ve/Skewed Bottle/snap_1334.jpg,classification,projects/om_bottle/images/-ve/Skewed Bottle/snap_1334.jpg,2537,1927,3d6db3468e363018e14af688cbd8db8433daa3bc84c386b22ee1e8880088ea04,cls:-ve/Skewed Bottle#17,train,skewed_bottle,skewed_bottle,1,,,,0,none,,
cls:-ve/Skewed Bottle/snap_1335.jpg,classification,projects/om_bottle/images/-ve/Skewed Bottle/snap_1335.jpg,2537,1927,34b54e2d7bb1da7c10a443be83bf3dc52528ed7626dbdf62509503eaaf9c8baa,cls:-ve/Skewed Bottle#17,train,skewed_bottle,skewed_bottle,1,,,,0,none,,
cls:-ve/Skewed Bottle/snap_1336.jpg,classification,projects/om_bottle/images/-ve/Skewed Bottle/snap_1336.jpg,2537,1927,69504b185c3d45dc4fa71b075fd0ad725f4ca22f8ab9b7b43aeb2a976f014856,cls:-ve/Skewed Bottle#17,train,skewed_bottle,skewed_bottle,1,,,,0,none,,
cls:-ve/Skewed Bottle/snap_1337.jpg,classification,projects/om_bottle/images/-ve/Skewed Bottle/snap_1337.jpg,2537,1927,63629a50872f164fc11181e48fb0782ffa920c1c0b0f0bf5b698b732ac9dc064,cls:-ve/Skewed Bottle#17,train,skewed_bottle,skewed_bottle,1,,,,0,none,,
cls:-ve/Skewed Bottle/snap_1338.jpg,classification,projects/om_bottle/images/-ve/Skewed Bottle/snap_1338.jpg,2537,1927,e9a2325b3956fa55d5e04c4e4cdba17ed926df6014ce7de3bc452dcd2b7cb9fb,cls:-ve/Skewed Bottle#17,train,skewed_bottle,skewed_bottle,1,,,,0,none,,
cls:-ve/Skewed Bottle/snap_1339.jpg,classification,projects/om_bottle/images/-ve/Skewed Bottle/snap_1339.jpg,2537,1927,f2600f6fc407075e81ecf62614029beb3edfe034f0f5a8d5cffce4a3cbcfcfad,cls:-ve/Skewed Bottle#17,train,skewed_bottle,skewed_bottle,1,,,,0,none,,
cls:-ve/Skewed Bottle/snap_1340.jpg,classification,projects/om_bottle/images/-ve/Skewed Bottle/snap_1340.jpg,2537,1927,e7acb956a7180db8fa6fba0a65da64b0683e21939a618da2058c43eaefff46ac,cls:-ve/Skewed Bottle#17,train,skewed_bottle,skewed_bottle,1,,,,0,none,,
cls:-ve/Skewed Bottle/snap_1341.jpg,classification,projects/om_bottle/images/-ve/Skewed Bottle/snap_1341.jpg,2537,1927,844425091c9967914eba147b1fdeefa7e1fb61c9a2e1c6a8d3ea1ff9b168cb38,cls:-ve/Skewed Bottle#17,train,skewed_bottle,skewed_bottle,1,,,,0,none,,
cls:-ve/Skewed Bottle/snap_1342.jpg,classification,projects/om_bottle/images/-ve/Skewed Bottle/snap_1342.jpg,2537,1927,dd6091c239cfac0a2aca6b7de3507c8ccc9607719205c19df645753d5d4568a8,cls:-ve/Skewed Bottle#17,train,skewed_bottle,skewed_bottle,1,,,,0,none,,
cls:-ve/Skewed Bottle/snap_1343.jpg,classification,projects/om_bottle/images/-ve/Skewed Bottle/snap_1343.jpg,2537,1927,fd381e3c32eeaee6bbafd38d11b2e080ebeb35a2da29f38d7d75efd7930e19a6,cls:-ve/Skewed Bottle#17,train,skewed_bottle,skewed_bottle,1,,,,0,none,,
cls:-ve/Skewed Bottle/snap_1344.jpg,classification,projects/om_bottle/images/-ve/Skewed Bottle/snap_1344.jpg,2537,1927,f1fbd3aba6fa850549e28141100961601dceca57bd8872d27b43494ab0883bb3,cls:-ve/Skewed Bottle#17,train,skewed_bottle,skewed_bottle,1,,,,0,none,,
cls:-ve/Skewed Bottle/snap_1345.jpg,classification,projects/om_bottle/images/-ve/Skewed Bottle/snap_1345.jpg,2537,1927,70d91f54d42cb2b353ee212c7488b11efe971fc237bf8ae19272052a45d7865a,cls:-ve/Skewed Bottle#17,train,skewed_bottle,skewed_bottle,1,,,,0,none,,
cls:-ve/Skewed Bottle/snap_1346.jpg,classification,projects/om_bottle/images/-ve/Skewed Bottle/snap_1346.jpg,2537,1927,68aab2f0f2358cb1c40c6f2d493bb7acf636fc272fb44b00a795492241f9805d,cls:-ve/Skewed Bottle#17,train,skewed_bottle,skewed_bottle,1,,,,0,none,,
cls:-ve/Skewed Bottle/snap_1347.jpg,classification,projects/om_bottle/images/-ve/Skewed Bottle/snap_1347.jpg,2537,1927,3c02cefa380d4977863c223e2a86d60ffd3402fc3bfc4d15a01adaa7452fe0d7,cls:-ve/Skewed Bottle#17,train,skewed_bottle,skewed_bottle,1,,,,0,none,,
cls:-ve/Skewed Bottle/snap_1348.jpg,classification,projects/om_bottle/images/-ve/Skewed Bottle/snap_1348.jpg,2537,1927,4f17e07f294a24f49809fa9b3965aa7810412b8d7a601fe7e5efa551cd8866f4,cls:-ve/Skewed Bottle#17,train,skewed_bottle,skewed_bottle,1,,,,0,none,,
cls:-ve/Skewed Bottle/snap_1349.jpg,classification,projects/om_bottle/images/-ve/Skewed Bottle/snap_1349.jpg,2537,1927,beb13dca69dfdc74ceafa10ab5151abf57ddecd5ef0f13927ed21650ddae2bf9,cls:-ve/Skewed Bottle#17,train,skewed_bottle,skewed_bottle,1,,,,0,none,,
cls:-ve/Skewed Bottle/snap_1350.jpg,classification,projects/om_bottle/images/-ve/Skewed Bottle/snap_1350.jpg,2537,1927,703c99df28f63245ef1d67befd4fafb7e1e9923d252fd1b25456ea0dc59794b8,cls:-ve/Skewed Bottle#17,train,skewed_bottle,skewed_bottle,1,,,,0,none,,
cls:-ve/Skewed Bottle/snap_1351.jpg,classification,projects/om_bottle/images/-ve/Skewed Bottle/snap_1351.jpg,2537,1927,1eac02bce53338ae48f8e63f561e4b46d46974a0222c3b84136b798d44eca203,cls:-ve/Skewed Bottle#17,train,skewed_bottle,skewed_bottle,1,,,,0,none,,
cls:-ve/Skewed Bottle/snap_1352.jpg,classification,projects/om_bottle/images/-ve/Skewed Bottle/snap_1352.jpg,2537,1927,96f6afaf6acde87b350a6a3d14aac4fb74897bb5b77152b30cac57a557c88d6e,cls:-ve/Skewed Bottle#17,train,skewed_bottle,skewed_bottle,1,,,,0,none,,
cls:-ve/Skewed Bottle/snap_1353.jpg,classification,projects/om_bottle/images/-ve/Skewed Bottle/snap_1353.jpg,2537,1927,6bc82e53fa81377932b30f3f322dd2a7f4ccc7571022c9741eff4e4feec01c42,cls:-ve/Skewed Bottle#17,train,skewed_bottle,skewed_bottle,1,,,,0,none,,
cls:-ve/Skewed Bottle/snap_1354.jpg,classification,projects/om_bottle/images/-ve/Skewed Bottle/snap_1354.jpg,2537,1927,5114034a5ecbc8f6412a2399423e39d4ae53d64c24cdb36564b8b499ed9b0238,cls:-ve/Skewed Bottle#17,train,skewed_bottle,skewed_bottle,1,,,,0,none,,
cls:-ve/Skewed Bottle/snap_1355.jpg,classification,projects/om_bottle/images/-ve/Skewed Bottle/snap_1355.jpg,2537,1927,26abde3ae23ccba3ed49254ac7a8cb580de6da170f8a02ec1722e67a3fd3b9c5,cls:-ve/Skewed Bottle#18,test,skewed_bottle,skewed_bottle,1,,,,0,none,,
cls:-ve/Skewed Bottle/snap_1356.jpg,classification,projects/om_bottle/images/-ve/Skewed Bottle/snap_1356.jpg,2537,1927,81812e12c9057c0684c6e9b6b314fddfd80767dbef1ea175079d118ea52bb1c8,cls:-ve/Skewed Bottle#18,test,skewed_bottle,skewed_bottle,1,,,,0,none,,
cls:-ve/Skewed Bottle/snap_1357.jpg,classification,projects/om_bottle/images/-ve/Skewed Bottle/snap_1357.jpg,2537,1927,f8db225055228da7a1dbd979a22eeabdc282c8b5595ed5238cbfb6ed22884925,cls:-ve/Skewed Bottle#18,test,skewed_bottle,skewed_bottle,1,,,,0,none,,
cls:-ve/Skewed Bottle/snap_1358.jpg,classification,projects/om_bottle/images/-ve/Skewed Bottle/snap_1358.jpg,2537,1927,fee71450be87ba2bf2927b28f1c976f05f904864d6ee744e06e93602bfe4d16a,cls:-ve/Skewed Bottle#18,test,skewed_bottle,skewed_bottle,1,,,,0,none,,
cls:-ve/Skewed Bottle/snap_1359.jpg,classification,projects/om_bottle/images/-ve/Skewed Bottle/snap_1359.jpg,2537,1927,b89c3fbd07103ea2032a92c81eda96b0491269600c8f1e099f825f19c0d89ee7,cls:-ve/Skewed Bottle#18,test,skewed_bottle,skewed_bottle,1,,,,0,none,,
cls:-ve/Skewed Bottle/snap_1360.jpg,classification,projects/om_bottle/images/-ve/Skewed Bottle/snap_1360.jpg,2537,1927,3349d2cc7635ec5f242e3dcac01b218c2ca4e3b401e296f0446acf5ce1017ebb,cls:-ve/Skewed Bottle#18,test,skewed_bottle,skewed_bottle,1,,,,0,none,,
cls:-ve/Skewed Bottle/snap_1361.jpg,classification,projects/om_bottle/images/-ve/Skewed Bottle/snap_1361.jpg,2537,1927,e495c6ce8adbf062435115691befafbf3b96890fed5ffb426e866900e8ee4add,cls:-ve/Skewed Bottle#18,test,skewed_bottle,skewed_bottle,1,,,,0,none,,
cls:-ve/Skewed Bottle/snap_1362.jpg,classification,projects/om_bottle/images/-ve/Skewed Bottle/snap_1362.jpg,2537,1927,2057bcaee4021017bdf9712296af49b5e2614f1dee2d1c36a8fb36bbaa0c5b41,cls:-ve/Skewed Bottle#18,test,skewed_bottle,skewed_bottle,1,,,,0,none,,
cls:-ve/Skewed Bottle/snap_1363.jpg,classification,projects/om_bottle/images/-ve/Skewed Bottle/snap_1363.jpg,2537,1927,986d3093bc980c20fffb77a5523ff6a14486ad22cd4941310a4bc0e2c76088a5,cls:-ve/Skewed Bottle#18,test,skewed_bottle,skewed_bottle,1,,,,0,none,,
cls:-ve/Skewed Bottle/snap_1364.jpg,classification,projects/om_bottle/images/-ve/Skewed Bottle/snap_1364.jpg,2537,1927,1993e97cb65cccb51e23d2a394b1da6cecff0a032f554fe004db4a86e345ad1c,cls:-ve/Skewed Bottle#18,test,skewed_bottle,skewed_bottle,1,,,,0,none,,
cls:-ve/Skewed Label/snap_073.jpg,classification,projects/om_bottle/images/-ve/Skewed Label/snap_073.jpg,2537,1927,bc2f962a0f2b533d269d6686a41231ff0195ee08ac59a2498baedbfce24ae7e7,cls:-ve/Skewed Label#1,train,skewed_label,skewed_label,1,,,,0,none,,
cls:-ve/Skewed Label/snap_074.jpg,classification,projects/om_bottle/images/-ve/Skewed Label/snap_074.jpg,2537,1927,1abbba13a1f00b8e182fc1025cff5a42cbaed843f7fa47ef3af8d6956c6fa395,cls:-ve/Skewed Label#1,train,skewed_label,skewed_label,1,,,,0,none,,
cls:-ve/Skewed Label/snap_076.jpg,classification,projects/om_bottle/images/-ve/Skewed Label/snap_076.jpg,2537,1927,08a8d9973d08c4b23914782a61563bb6026d671ea3b8c3071fcdc4e68b2dd235,cls:-ve/Skewed Label#1,train,skewed_label,skewed_label,1,,,,0,none,,
cls:-ve/Skewed Label/snap_077.jpg,classification,projects/om_bottle/images/-ve/Skewed Label/snap_077.jpg,2537,1927,2ba5240ea7294617f5767676c970cfc8c8cdc259afd2b74289d10858ae5c2ba7,cls:-ve/Skewed Label#1,train,skewed_label,skewed_label,1,,,,0,none,,
cls:-ve/Skewed Label/snap_078.jpg,classification,projects/om_bottle/images/-ve/Skewed Label/snap_078.jpg,2537,1927,800dc6ed2025554a3a14ec4e89101ee4bc1f8f57e3c988545f88bfa837aa7490,cls:-ve/Skewed Label#1,train,skewed_label,skewed_label,1,,,,0,none,,
cls:-ve/Skewed Label/snap_079.jpg,classification,projects/om_bottle/images/-ve/Skewed Label/snap_079.jpg,2537,1927,6a11a74e9cffbb0e43a060407d6b5a5d8f14fd501fcc6a208c016c867eb703df,cls:-ve/Skewed Label#1,train,skewed_label,skewed_label,1,,,,0,none,,
cls:-ve/Skewed Label/snap_080.jpg,classification,projects/om_bottle/images/-ve/Skewed Label/snap_080.jpg,2537,1927,828c66c1494b5a1353e6d96dabb4914fc67e39b73fdf5a534917f2b8132577ef,cls:-ve/Skewed Label#1,train,skewed_label,skewed_label,1,,,,0,none,,
cls:-ve/Skewed Label/snap_081.jpg,classification,projects/om_bottle/images/-ve/Skewed Label/snap_081.jpg,2537,1927,22179683aad25e4f7375b650a4632fed0069d1b6aaa4428547d0859eb7b5d9b5,cls:-ve/Skewed Label#2,test,skewed_label,skewed_label,1,,,,0,none,,
cls:-ve/Skewed Label/snap_082.jpg,classification,projects/om_bottle/images/-ve/Skewed Label/snap_082.jpg,2537,1927,1ed7709c43cb90a206df9e241f774f525b3d01606f131175bc2cc38e1df5ab70,cls:-ve/Skewed Label#2,test,skewed_label,skewed_label,1,,,,0,none,,
cls:-ve/Skewed Label/snap_083.jpg,classification,projects/om_bottle/images/-ve/Skewed Label/snap_083.jpg,2537,1927,ca203ccf353b5b3c183882e4a3384160b73245afa8dbc4a9abca59155932c791,cls:-ve/Skewed Label#2,test,skewed_label,skewed_label,1,,,,0,none,,
cls:-ve/Skewed Label/snap_084.jpg,classification,projects/om_bottle/images/-ve/Skewed Label/snap_084.jpg,2537,1927,690ed7766a232826424366cf16ec1f206db80f730af3d2c0e376d97710ead774,cls:-ve/Skewed Label#2,test,skewed_label,skewed_label,1,,,,0,none,,
cls:-ve/Skewed Label/snap_085.jpg,classification,projects/om_bottle/images/-ve/Skewed Label/snap_085.jpg,2537,1927,467da5d995a3200ac2ecd04ff6a4fe05d9cbd70b9230b11abe7ecf034de127bd,cls:-ve/Skewed Label#2,test,skewed_label,skewed_label,1,,,,0,none,,
cls:-ve/Skewed Label/snap_086.jpg,classification,projects/om_bottle/images/-ve/Skewed Label/snap_086.jpg,2537,1927,3bfb1e0774e4842086163e0eb314395b268210a8e20edf3bffd32c4e0b46a88f,cls:-ve/Skewed Label#2,test,skewed_label,skewed_label,1,,,,0,none,,
cls:-ve/Skewed Label/snap_087.jpg,classification,projects/om_bottle/images/-ve/Skewed Label/snap_087.jpg,2537,1927,e8d92879e6bb1e1591995e2ce90e48eb3710f2f8a26c6b383c06416ba78eac41,cls:-ve/Skewed Label#2,test,skewed_label,skewed_label,1,,,,0,none,,
cls:-ve/Skewed Label/snap_088.jpg,classification,projects/om_bottle/images/-ve/Skewed Label/snap_088.jpg,2537,1927,856d4e484e20382c06a5846a6144b6174d5fbdd192aa6e57b1230a4f508d0d8b,cls:-ve/Skewed Label#2,test,skewed_label,skewed_label,1,,,,0,none,,
cls:-ve/Skewed Label/snap_089.jpg,classification,projects/om_bottle/images/-ve/Skewed Label/snap_089.jpg,2537,1927,915298485a8e03e466725704eb3b3d8b8b822b99adab06ab38d3113beff7126e,cls:-ve/Skewed Label#2,test,skewed_label,skewed_label,1,,,,0,none,,
cls:-ve/Skewed Label/snap_090.jpg,classification,projects/om_bottle/images/-ve/Skewed Label/snap_090.jpg,2537,1927,2efcec5e84dc96e266a0ef9044c856fc0058bcd3317d53b31255f8e0cbc7510f,cls:-ve/Skewed Label#2,test,skewed_label,skewed_label,1,,,,0,none,,
cls:-ve/Skewed Label/snap_091.jpg,classification,projects/om_bottle/images/-ve/Skewed Label/snap_091.jpg,2537,1927,c5b83d2ef4838ab0b159ebac342a92db5175122556598b1f91241e0cdef46760,cls:-ve/Skewed Label#2,test,skewed_label,skewed_label,1,,,,0,none,,
cls:-ve/Skewed Label/snap_092.jpg,classification,projects/om_bottle/images/-ve/Skewed Label/snap_092.jpg,2537,1927,cf428268ff63732a169aa44372a867ca9ff7c244b74690194b34defd1c244928,cls:-ve/Skewed Label#2,test,skewed_label,skewed_label,1,,,,0,none,,
cls:-ve/Skewed Label/snap_093.jpg,classification,projects/om_bottle/images/-ve/Skewed Label/snap_093.jpg,2537,1927,8c7823c178930b1c76926d657010b199d4892151f2c0c350b5a81d4b439dd0ce,cls:-ve/Skewed Label#2,test,skewed_label,skewed_label,1,,,,0,none,,
cls:-ve/Skewed Label/snap_094.jpg,classification,projects/om_bottle/images/-ve/Skewed Label/snap_094.jpg,2537,1927,48c083d53c2814486a3c3c42e28b7438dd0bbe1b0c1c619a2f736b2bf6f91f86,cls:-ve/Skewed Label#2,test,skewed_label,skewed_label,1,,,,0,none,,
cls:-ve/Skewed Label/snap_095.jpg,classification,projects/om_bottle/images/-ve/Skewed Label/snap_095.jpg,2537,1927,eeef35483152a983131a7de10e9d24178dbe18772d4e7b56d4c1cfa9bff5a1ee,cls:-ve/Skewed Label#2,test,skewed_label,skewed_label,1,,,,0,none,,
cls:-ve/Skewed Label/snap_096.jpg,classification,projects/om_bottle/images/-ve/Skewed Label/snap_096.jpg,2537,1927,49f7cf6088fe937494658ee3cdbf1b5dbc64d23e0599f7a88b6b7940a0a61050,cls:-ve/Skewed Label#2,test,skewed_label,skewed_label,1,,,,0,none,,
cls:-ve/Skewed Label/snap_097.jpg,classification,projects/om_bottle/images/-ve/Skewed Label/snap_097.jpg,2537,1927,9280fbf42b345af3a7e7dba803efdbe189d75fa5e09342328cc9e5ceec4a68d7,cls:-ve/Skewed Label#2,test,skewed_label,skewed_label,1,,,,0,none,,
cls:-ve/Skewed Label/snap_098.jpg,classification,projects/om_bottle/images/-ve/Skewed Label/snap_098.jpg,2537,1927,34e0a2ee6e57e1c6a9e350d0a8e01a55a3f71a239d1f12c37e4521162df5e401,cls:-ve/Skewed Label#2,test,skewed_label,skewed_label,1,,,,0,none,,
cls:-ve/Skewed Label/snap_099.jpg,classification,projects/om_bottle/images/-ve/Skewed Label/snap_099.jpg,2537,1927,72d939cb09b3b9ccf202da3788a4f990e2b4dab620e384e5c9595df24d62fa99,cls:-ve/Skewed Label#2,test,skewed_label,skewed_label,1,,,,0,none,,
cls:-ve/Skewed Label/snap_100.jpg,classification,projects/om_bottle/images/-ve/Skewed Label/snap_100.jpg,2537,1927,72d939cb09b3b9ccf202da3788a4f990e2b4dab620e384e5c9595df24d62fa99,cls:-ve/Skewed Label#2,test,skewed_label,skewed_label,1,,,,0,none,cls:-ve/Skewed Label/snap_099.jpg,
cls:-ve/Skewed Label/snap_101.jpg,classification,projects/om_bottle/images/-ve/Skewed Label/snap_101.jpg,2537,1927,2f18c70c285cff8d8f73b5f17c24f81b942f41c191521e1aced91da3730175eb,cls:-ve/Skewed Label#2,test,skewed_label,skewed_label,1,,,,0,none,,
cls:-ve/Skewed Label/snap_102.jpg,classification,projects/om_bottle/images/-ve/Skewed Label/snap_102.jpg,2537,1927,62e35ff474350bf46538b6dd7b80a71aaed2820f99b8b9695523322902176988,cls:-ve/Skewed Label#2,test,skewed_label,skewed_label,1,,,,0,none,,
cls:-ve/Skewed Label/snap_103.jpg,classification,projects/om_bottle/images/-ve/Skewed Label/snap_103.jpg,2537,1927,9548f648f4af660cb7a65974c67472315762381c21f8c1f2d5e9fd18b14b19f5,cls:-ve/Skewed Label#2,test,skewed_label,skewed_label,1,,,,0,none,,
cls:-ve/Skewed Label/snap_104.jpg,classification,projects/om_bottle/images/-ve/Skewed Label/snap_104.jpg,2537,1927,dfe858a0ec94996f7d4b42eb568e4fe04d286567a5d9fcb2a52cc3bb93e9a177,cls:-ve/Skewed Label#2,test,skewed_label,skewed_label,1,,,,0,none,,
cls:-ve/Skewed Label/snap_105.jpg,classification,projects/om_bottle/images/-ve/Skewed Label/snap_105.jpg,2537,1927,589bbe100f8bdf37bb2b0a2f8443e8f6db93c27d79108ad0ea1595ee2b591190,cls:-ve/Skewed Label#3,train,skewed_label,skewed_label,1,,,,0,none,,
cls:-ve/Skewed Label/snap_106.jpg,classification,projects/om_bottle/images/-ve/Skewed Label/snap_106.jpg,2537,1927,12567f2da37241dc9b6809f89d22b83d8e6cce030843fcbceb2746cf6e57ea02,cls:-ve/Skewed Label#3,train,skewed_label,skewed_label,1,,,,0,none,,
cls:-ve/Skewed Label/snap_107.jpg,classification,projects/om_bottle/images/-ve/Skewed Label/snap_107.jpg,2537,1927,850bc6b303fe5a2f71898fe28efef3b6fdf5c2d5aba9a501adf2a21e0fd62a96,cls:-ve/Skewed Label#3,train,skewed_label,skewed_label,1,,,,0,none,,
cls:-ve/Skewed Label/snap_108.jpg,classification,projects/om_bottle/images/-ve/Skewed Label/snap_108.jpg,2537,1927,3e90f07f3f47fd26df3d42807aade9f9aaed16a714219577c0fa605d632e22e9,cls:-ve/Skewed Label#3,train,skewed_label,skewed_label,1,,,,0,none,,
cls:-ve/Skewed Label/snap_109.jpg,classification,projects/om_bottle/images/-ve/Skewed Label/snap_109.jpg,2537,1927,669a4d348991cb7dcdc9ca9e14a70d9adf395fd778ddbc41132173defccfe74e,cls:-ve/Skewed Label#3,train,skewed_label,skewed_label,1,,,,0,none,,
cls:-ve/Skewed Label/snap_110.jpg,classification,projects/om_bottle/images/-ve/Skewed Label/snap_110.jpg,2537,1927,8477c62fa4935408232fc0982581d6ca770b2b829ca7b4eaf77ee7fa26cfbc68,cls:-ve/Skewed Label#3,train,skewed_label,skewed_label,1,,,,0,none,,
cls:-ve/Skewed Label/snap_111.jpg,classification,projects/om_bottle/images/-ve/Skewed Label/snap_111.jpg,2537,1927,9f84f162310e3079af1945e80c2e2f6e725553889c177009d1fc76409449dcd3,cls:-ve/Skewed Label#3,train,skewed_label,skewed_label,1,,,,0,none,,
cls:-ve/Skewed Label/snap_112.jpg,classification,projects/om_bottle/images/-ve/Skewed Label/snap_112.jpg,2537,1927,a4f7ecbb1bbee72c5abb5060811b93f366c99a42da5d765b8b996ef2a7993b05,cls:-ve/Skewed Label#3,train,skewed_label,skewed_label,1,,,,0,none,,
cls:-ve/Skewed Label/snap_113.jpg,classification,projects/om_bottle/images/-ve/Skewed Label/snap_113.jpg,2537,1927,280d1c1f6d5907fdb7867c293eb4b395fad4502e43fcffa8788d5c51035f23ec,cls:-ve/Skewed Label#3,train,skewed_label,skewed_label,1,,,,0,none,,
cls:-ve/Skewed Label/snap_114.jpg,classification,projects/om_bottle/images/-ve/Skewed Label/snap_114.jpg,2537,1927,2f1ea7e0a7b27f89ee2d7c4ea736c7696fc6f60ec66588588c203b70aeb5ebc5,cls:-ve/Skewed Label#3,train,skewed_label,skewed_label,1,,,,0,none,,
cls:-ve/Skewed Label/snap_115.jpg,classification,projects/om_bottle/images/-ve/Skewed Label/snap_115.jpg,2537,1927,bc1859fbd6f3b43c497fc6bf34283f07051ff3dbc49d7071436baa928d725478,cls:-ve/Skewed Label#4,train,skewed_label,skewed_label,1,,,,0,none,,
cls:-ve/Skewed Label/snap_116.jpg,classification,projects/om_bottle/images/-ve/Skewed Label/snap_116.jpg,2537,1927,8cea3943955de791b47c50a13de922c5a6a6aa1dd7a7096a80d68c682fb54622,cls:+ve#4,train,skewed_label,skewed_label,1,,,,0,none,,
cls:-ve/Skewed Label/snap_117.jpg,classification,projects/om_bottle/images/-ve/Skewed Label/snap_117.jpg,2537,1927,7cd96cdfba505e411a8a25ea8c21403f8156d63a52e90bc0c903a69cee7b5075,cls:+ve#4,train,skewed_label,skewed_label,1,,,,0,none,,
cls:-ve/Skewed Label/snap_118.jpg,classification,projects/om_bottle/images/-ve/Skewed Label/snap_118.jpg,2537,1927,5c4bff2e2a47814fede3fab37cf4e527527c0bb6397a588c28fbacff6a95634d,cls:+ve#4,train,skewed_label,skewed_label,1,,,,0,none,,
cls:-ve/Skewed Label/snap_119.jpg,classification,projects/om_bottle/images/-ve/Skewed Label/snap_119.jpg,2537,1927,c91ac13af0a4c5392ba976131622d1e1803f34a8f8b95f398a7d50eda65384d4,cls:+ve#4,train,skewed_label,skewed_label,1,,,,0,none,,
cls:-ve/Skewed Label/snap_120.jpg,classification,projects/om_bottle/images/-ve/Skewed Label/snap_120.jpg,2537,1927,ef88217cdfa2ad8bfdbe1fcf68ebc073542f9da44af826c7150516dcc04436d2,cls:+ve#4,train,skewed_label,skewed_label,1,,,,0,none,,
cls:-ve/Skewed Label/snap_121.jpg,classification,projects/om_bottle/images/-ve/Skewed Label/snap_121.jpg,2537,1927,4fbe1de254a2577dddf4f6f346d10d957f4bedb3a2f747a98c388b8f60e7013c,cls:+ve#4,train,skewed_label,skewed_label,1,,,,0,none,,
cls:-ve/Skewed Label/snap_122.jpg,classification,projects/om_bottle/images/-ve/Skewed Label/snap_122.jpg,2537,1927,50d740052cc115faae96765b71a33e53ff646ff0dece14838f984bc3d3d65691,cls:+ve#4,train,skewed_label,skewed_label,1,,,,0,none,,
cls:-ve/Skewed Label/snap_123.jpg,classification,projects/om_bottle/images/-ve/Skewed Label/snap_123.jpg,2537,1927,a7cdf4c5ccd1fd6556d36d12c0af3f5af4802d8cc5e7a35b4aa82e872f947636,cls:-ve/Skewed Label#6,val,skewed_label,skewed_label,1,,,,0,none,,
cls:-ve/Skewed Label/snap_124.jpg,classification,projects/om_bottle/images/-ve/Skewed Label/snap_124.jpg,2537,1927,96ea892c696d69a6783a76ee763737d93762c55b14bdc6129e763f31be264078,cls:-ve/Skewed Label#7,val,skewed_label,skewed_label,1,,,,0,none,,
cls:-ve/Skewed Label/snap_125.jpg,classification,projects/om_bottle/images/-ve/Skewed Label/snap_125.jpg,2537,1927,e623bddaf95f2da7df28559461d80f2e487f28fc9353f05e9975e06a9dc7803e,cls:-ve/Skewed Label#7,val,skewed_label,skewed_label,1,,,,0,none,,
cls:-ve/Skewed Label/snap_126.jpg,classification,projects/om_bottle/images/-ve/Skewed Label/snap_126.jpg,2537,1927,af7deadc22db475f1450094297cc0b694a4fde890daba861cdf371df613bd91b,cls:-ve/Skewed Label#7,val,skewed_label,skewed_label,1,,,,0,none,,
cls:-ve/Skewed Label/snap_127.jpg,classification,projects/om_bottle/images/-ve/Skewed Label/snap_127.jpg,2537,1927,1101bd7f6613355e7ce48dddda2c84de775fe46753972fac0f0d12ae06dfe275,cls:-ve/Skewed Label#7,val,skewed_label,skewed_label,1,,,,0,none,,
cls:-ve/Skewed Label/snap_128.jpg,classification,projects/om_bottle/images/-ve/Skewed Label/snap_128.jpg,2537,1927,51c698161dd1ceee1bc73d0f4e2920dc26316ab70d88870d4355b77bd50aaf67,cls:-ve/Skewed Label#7,val,skewed_label,skewed_label,1,,,,0,none,,
cls:-ve/Skewed Label/snap_129.jpg,classification,projects/om_bottle/images/-ve/Skewed Label/snap_129.jpg,2537,1927,ab2924536cb417945763a770b81678e4f75e27d275def2e531645a0784a63844,cls:-ve/Skewed Label#7,val,skewed_label,skewed_label,1,,,,0,none,,
cls:-ve/Skewed Label/snap_130.jpg,classification,projects/om_bottle/images/-ve/Skewed Label/snap_130.jpg,2537,1927,ed035096d732044de52669ccfd2b1fc680eea8e353641889a84330486b86cd4f,cls:-ve/Skewed Label#7,val,skewed_label,skewed_label,1,,,,0,none,,
cls:-ve/Skewed Label/snap_131.jpg,classification,projects/om_bottle/images/-ve/Skewed Label/snap_131.jpg,2537,1927,23b12d8a0e3af8992c3a522b6fc5d82cfcc1dd2ee1daf371d10118c0ef707826,cls:-ve/Skewed Label#7,val,skewed_label,skewed_label,1,,,,0,none,,
cls:-ve/Skewed Label/snap_132.jpg,classification,projects/om_bottle/images/-ve/Skewed Label/snap_132.jpg,2537,1927,1ddd731a241226c439a10650d6ff546c3f1bc255311c36b3dd172282b5d395d5,cls:-ve/Damaged Label#1,train,skewed_label,skewed_label,1,,,,0,none,,
cls:-ve/Skewed Label/snap_133.jpg,classification,projects/om_bottle/images/-ve/Skewed Label/snap_133.jpg,2537,1927,e096a9a36502e7587d45eb086b3002ef7e108919194d356bbef7c137b12c9ced,cls:-ve/Damaged Label#1,train,skewed_label,skewed_label,1,,,,0,none,,
cls:-ve/Skewed Label/snap_134.jpg,classification,projects/om_bottle/images/-ve/Skewed Label/snap_134.jpg,2537,1927,9a060df9023e69d7a8987a2307396b59acd4ed47682dbe85df685eddbd503e96,cls:-ve/Damaged Label#1,train,skewed_label,skewed_label,1,,,,0,none,,
cls:-ve/Skewed Label/snap_135.jpg,classification,projects/om_bottle/images/-ve/Skewed Label/snap_135.jpg,2537,1927,7fa658156eae2d5e29af6cd693612d20a317559f140bbeed00ed0b22058c202c,cls:-ve/Damaged Label#1,train,skewed_label,skewed_label,1,,,,0,none,,
cls:-ve/Skewed Label/snap_136.jpg,classification,projects/om_bottle/images/-ve/Skewed Label/snap_136.jpg,2537,1927,035afcc29f2e2d4a522e6cea4e98d52713d2cd317ee034f0158a5c1e5d65eba4,cls:-ve/Damaged Label#1,train,skewed_label,skewed_label,1,,,,0,none,,
cls:-ve/Skewed Label/snap_137.jpg,classification,projects/om_bottle/images/-ve/Skewed Label/snap_137.jpg,2537,1927,65309f15f141eeab9be87e59b38415dff7cded370d1b300dc64baaa2f6219f69,cls:-ve/Damaged Label#1,train,skewed_label,skewed_label,1,,,,0,none,,
cls:-ve/Skewed Label/snap_138.jpg,classification,projects/om_bottle/images/-ve/Skewed Label/snap_138.jpg,2537,1927,016d721d9f7d8c8987afb6611fea536cf0718d1f8fb77c5554d81fdc3360877c,cls:-ve/Damaged Label#1,train,skewed_label,skewed_label,1,,,,0,none,,
cls:-ve/Skewed Label/snap_139.jpg,classification,projects/om_bottle/images/-ve/Skewed Label/snap_139.jpg,2537,1927,8240b23e50876f6223aa04d39e58f645209bb068a486454f72eea60ad4036efe,cls:-ve/Damaged Label#1,train,skewed_label,skewed_label,1,,,,0,none,,
cls:-ve/Skewed Label/snap_140.jpg,classification,projects/om_bottle/images/-ve/Skewed Label/snap_140.jpg,2537,1927,551ae6ae425368e1407a7b0b4486b25a955b16397454d472b8fa988523008b33,cls:-ve/Damaged Label#1,train,skewed_label,skewed_label,1,,,,0,none,,
cls:-ve/Skewed Label/snap_141.jpg,classification,projects/om_bottle/images/-ve/Skewed Label/snap_141.jpg,2537,1927,3d720e6a851ad650acf7f8bbe276c327a85e2e4ed702eb828752cb93edeb2e1e,cls:-ve/Damaged Label#1,train,skewed_label,skewed_label,1,,,,0,none,,
cls:-ve/Skewed Label/snap_142.jpg,classification,projects/om_bottle/images/-ve/Skewed Label/snap_142.jpg,2537,1927,b86809164dbd86e627fc5ec1635df72d6eae7f864822d346dddd2e0afb75c688,cls:-ve/Damaged Label#1,train,skewed_label,skewed_label,1,,,,0,none,,
cls:-ve/Skewed Label/snap_143.jpg,classification,projects/om_bottle/images/-ve/Skewed Label/snap_143.jpg,2537,1927,1b839d8e94e39395cbfdb158a3f8b0b9de01d5e709bc0db4e1bea49c999d2733,cls:-ve/Damaged Label#1,train,skewed_label,skewed_label,1,,,,0,none,,
cls:-ve/Tilt Cap/snap_145.jpg,classification,projects/om_bottle/images/-ve/Tilt Cap/snap_145.jpg,2537,1927,f2442bef67073ecd3b3537b5132c1be76377ca083cbf87961e5eb7736e30ce66,cls:-ve/Tilt Cap#1,train,tilt_cap,tilt_cap,1,,,,0,none,,
cls:-ve/Tilt Cap/snap_146.jpg,classification,projects/om_bottle/images/-ve/Tilt Cap/snap_146.jpg,2537,1927,4a1377ca6e84a21b77cd5361b24c0a2d9d84dbd372ca204c3622940b1d84d5aa,cls:-ve/Tilt Cap#1,train,tilt_cap,tilt_cap,1,,,,0,none,,
cls:-ve/Tilt Cap/snap_147.jpg,classification,projects/om_bottle/images/-ve/Tilt Cap/snap_147.jpg,2537,1927,e09e5ccfe22f0ec06d6d06b6a15adef0ff6458e78a2d7b4700e7c0efa19dbc1d,cls:-ve/Tilt Cap#1,train,tilt_cap,tilt_cap,1,,,,0,none,,
cls:-ve/Tilt Cap/snap_148.jpg,classification,projects/om_bottle/images/-ve/Tilt Cap/snap_148.jpg,2537,1927,8c90504c173efb21aa2922ca5dcc11f41b064a33c43e3863c6b32260b047985e,cls:-ve/Tilt Cap#1,train,tilt_cap,tilt_cap,1,,,,0,none,,
cls:-ve/Tilt Cap/snap_149.jpg,classification,projects/om_bottle/images/-ve/Tilt Cap/snap_149.jpg,2537,1927,8fa8b374444b23318b66e9dd2ca4d3e6207cf246bbe366fae232e15b10b19467,cls:-ve/Tilt Cap#1,train,tilt_cap,tilt_cap,1,,,,0,none,,
cls:-ve/Tilt Cap/snap_150.jpg,classification,projects/om_bottle/images/-ve/Tilt Cap/snap_150.jpg,2537,1927,e540f430f9c542130634d26d6159b70868485d2618f95e96bc7a91b60716404c,cls:-ve/Tilt Cap#1,train,tilt_cap,tilt_cap,1,,,,0,none,,
cls:-ve/Tilt Cap/snap_151.jpg,classification,projects/om_bottle/images/-ve/Tilt Cap/snap_151.jpg,2537,1927,0e63f657f1538f6c65858fab2eb237908301b9481a26685584392ad9936a3e6a,cls:-ve/Tilt Cap#1,train,tilt_cap,tilt_cap,1,,,,0,none,,
cls:-ve/Tilt Cap/snap_152.jpg,classification,projects/om_bottle/images/-ve/Tilt Cap/snap_152.jpg,2537,1927,d22b7d9a121da39f681d85fdf472012fdb369dd6f65675dd31a5ba9a7dd2e479,cls:-ve/Tilt Cap#1,train,tilt_cap,tilt_cap,1,,,,0,none,,
cls:-ve/Tilt Cap/snap_153.jpg,classification,projects/om_bottle/images/-ve/Tilt Cap/snap_153.jpg,2537,1927,1ea11ec8b04b09280c1a623499506fd42721af8097f0c326e0b6baf8f5701403,cls:-ve/Tilt Cap#1,train,tilt_cap,tilt_cap,1,,,,0,none,,
cls:-ve/Tilt Cap/snap_154.jpg,classification,projects/om_bottle/images/-ve/Tilt Cap/snap_154.jpg,2537,1927,27a0e62adf4806b1406316e7c22f4087129f9b07d9b6f3c6b146c766719e345b,cls:-ve/Tilt Cap#2,train,tilt_cap,tilt_cap,1,,,,0,none,,
cls:-ve/Tilt Cap/snap_155.jpg,classification,projects/om_bottle/images/-ve/Tilt Cap/snap_155.jpg,2537,1927,ab81954cb78e0f768d117d68d0865fb312d5db486f65e179b8b31b2560d8d125,cls:-ve/Tilt Cap#2,train,tilt_cap,tilt_cap,1,,,,0,none,,
cls:-ve/Tilt Cap/snap_156.jpg,classification,projects/om_bottle/images/-ve/Tilt Cap/snap_156.jpg,2537,1927,0546c8efd0864b47d804c08237c7cb0cd9d3f06e3d5dc8672848cc718a0100ae,cls:-ve/Tilt Cap#2,train,tilt_cap,tilt_cap,1,,,,0,none,,
cls:-ve/Tilt Cap/snap_157.jpg,classification,projects/om_bottle/images/-ve/Tilt Cap/snap_157.jpg,2537,1927,7c9d2ad7929150b25344db487f687f3c7a1f3dca1b18649e98e897f53e6261ae,cls:-ve/Tilt Cap#2,train,tilt_cap,tilt_cap,1,,,,0,none,,
cls:-ve/Tilt Cap/snap_158.jpg,classification,projects/om_bottle/images/-ve/Tilt Cap/snap_158.jpg,2537,1927,c6e050da9881c4d12af2e9b91dabf4ee341821429145a6e1b1cc97c386b85ef6,cls:-ve/Tilt Cap#2,train,tilt_cap,tilt_cap,1,,,,0,none,,
cls:-ve/Tilt Cap/snap_159.jpg,classification,projects/om_bottle/images/-ve/Tilt Cap/snap_159.jpg,2537,1927,138e5418b6a6d357863792c36df87d7de3603a101ad03ba7ad3ec4f39f10402c,cls:-ve/Tilt Cap#2,train,tilt_cap,tilt_cap,1,,,,0,none,,
cls:-ve/Tilt Cap/snap_160.jpg,classification,projects/om_bottle/images/-ve/Tilt Cap/snap_160.jpg,2537,1927,05e5e69ab7b06ffd5e9779d80ab4ad5e9d6ce23ea5f6e198f10ed927ac85f003,cls:-ve/Damaged Label#1,train,tilt_cap,tilt_cap,1,,,,0,none,,
cls:-ve/Tilt Cap/snap_161.jpg,classification,projects/om_bottle/images/-ve/Tilt Cap/snap_161.jpg,2537,1927,4f2ad4790ff30bc023d6f22375d1b2b623e675e4f266a423a35f17c288637c5d,cls:-ve/Damaged Label#1,train,tilt_cap,tilt_cap,1,,,,0,none,,
cls:-ve/Tilt Cap/snap_162.jpg,classification,projects/om_bottle/images/-ve/Tilt Cap/snap_162.jpg,2537,1927,bfd97ec5d17396e8f45d974e81b175bcbec370dc017c4765292d972ae2369391,cls:-ve/Damaged Label#1,train,tilt_cap,tilt_cap,1,,,,0,none,,
cls:-ve/Tilt Cap/snap_163.jpg,classification,projects/om_bottle/images/-ve/Tilt Cap/snap_163.jpg,2537,1927,c9adb51d62b29960f955a2a18058225e24fd1abb240352e9cbd6b7a5ee89eeef,cls:-ve/Damaged Label#1,train,tilt_cap,tilt_cap,1,,,,0,none,,
cls:-ve/Tilt Cap/snap_164.jpg,classification,projects/om_bottle/images/-ve/Tilt Cap/snap_164.jpg,2537,1927,10da169a6eb5c0bea8b5d8ba2e8e94e43475f1cc0f2c637222b419544eb30218,cls:-ve/Damaged Label#1,train,tilt_cap,tilt_cap,1,,,,0,none,,
cls:-ve/Tilt Cap/snap_165.jpg,classification,projects/om_bottle/images/-ve/Tilt Cap/snap_165.jpg,2537,1927,4545cdfdedcc7864e331a302e08f8a86e1d63f907a8a62e07a2f3132714dfabc,cls:-ve/Damaged Label#1,train,tilt_cap,tilt_cap,1,,,,0,none,,
cls:-ve/Tilt Cap/snap_166.jpg,classification,projects/om_bottle/images/-ve/Tilt Cap/snap_166.jpg,2537,1927,d6c9d893ff0aa2d4489b54efafc79eebcf68d29d847a58318249bc61a006a235,cls:-ve/Damaged Label#1,train,tilt_cap,tilt_cap,1,,,,0,none,,
cls:-ve/Tilt Cap/snap_167.jpg,classification,projects/om_bottle/images/-ve/Tilt Cap/snap_167.jpg,2537,1927,4cf7baa769d8ff02b68e096c7adcd211afce0af22552065c63de2440ce4fb8b0,cls:-ve/Tilt Cap#4,train,tilt_cap,tilt_cap,1,,,,0,none,,
cls:-ve/Tilt Cap/snap_168.jpg,classification,projects/om_bottle/images/-ve/Tilt Cap/snap_168.jpg,2537,1927,24b307d027c39253138606a76d36b2ab445b86f55dfa801578fceef817cdbb8e,cls:-ve/Tilt Cap#5,train,tilt_cap,tilt_cap,1,,,,0,none,,
cls:-ve/Tilt Cap/snap_169.jpg,classification,projects/om_bottle/images/-ve/Tilt Cap/snap_169.jpg,2537,1927,c88b81d5078cd0ed7fafb7744d99ccb0941b636e55d930908bee015f3966cbea,cls:-ve/Tilt Cap#5,train,tilt_cap,tilt_cap,1,,,,0,none,,
cls:-ve/Tilt Cap/snap_170.jpg,classification,projects/om_bottle/images/-ve/Tilt Cap/snap_170.jpg,2537,1927,1c8f4688755c257f98593a138f6f47bb6d7a2d8b01f9d8bf6b81235fe868bee2,cls:-ve/Tilt Cap#5,train,tilt_cap,tilt_cap,1,,,,0,none,,
cls:-ve/Tilt Cap/snap_171.jpg,classification,projects/om_bottle/images/-ve/Tilt Cap/snap_171.jpg,2537,1927,86bc13640504041e542dcb67eec5196fe4ea711aff6219be43a675f9552476ca,cls:-ve/Tilt Cap#5,train,tilt_cap,tilt_cap,1,,,,0,none,,
cls:-ve/Tilt Cap/snap_172.jpg,classification,projects/om_bottle/images/-ve/Tilt Cap/snap_172.jpg,2537,1927,2f5cce594a2ceebefba93f11835beb9c9c545d67707149956250aa7a21c3e916,cls:-ve/Tilt Cap#5,train,tilt_cap,tilt_cap,1,,,,0,none,,
cls:-ve/Tilt Cap/snap_173.jpg,classification,projects/om_bottle/images/-ve/Tilt Cap/snap_173.jpg,2537,1927,6b7f15ba36a9a5ab87526f3703bb58c1dbb269cad40841fc35f8e54ad54f7a3d,cls:-ve/Tilt Cap#6,train,tilt_cap,tilt_cap,1,,,,0,none,,
cls:-ve/Tilt Cap/snap_174.jpg,classification,projects/om_bottle/images/-ve/Tilt Cap/snap_174.jpg,2537,1927,be32ace4a85083434721ea85118e4044b52d904c0de33784fd053462c8543e79,cls:-ve/Tilt Cap#6,train,tilt_cap,tilt_cap,1,,,,0,none,,
cls:-ve/Tilt Cap/snap_175.jpg,classification,projects/om_bottle/images/-ve/Tilt Cap/snap_175.jpg,2537,1927,c18f69f84106a31d6501d78c31dde548179138f0e05542faecca2588370956a9,cls:-ve/Tilt Cap#6,train,tilt_cap,tilt_cap,1,,,,0,none,,
cls:-ve/Tilt Cap/snap_176.jpg,classification,projects/om_bottle/images/-ve/Tilt Cap/snap_176.jpg,2537,1927,a369235f88ebc66a99d5d7475923084bc30b11ea564213f969020ae4fdf7aa28,cls:-ve/Tilt Cap#6,train,tilt_cap,tilt_cap,1,,,,0,none,,
cls:-ve/Tilt Cap/snap_177.jpg,classification,projects/om_bottle/images/-ve/Tilt Cap/snap_177.jpg,2537,1927,b155a824a7a8abce3e5c67325b9e7facd77a29742e2f3ccaa4629b080dd0f670,cls:-ve/Tilt Cap#6,train,tilt_cap,tilt_cap,1,,,,0,none,,
cls:-ve/Tilt Cap/snap_178.jpg,classification,projects/om_bottle/images/-ve/Tilt Cap/snap_178.jpg,2537,1927,5d1bb211ee639fa021a4dd7daaf2fc663a2887185a81ab93406b1cb2dd7e0463,cls:-ve/Tilt Cap#6,train,tilt_cap,tilt_cap,1,,,,0,none,,
cls:-ve/Tilt Cap/snap_179.jpg,classification,projects/om_bottle/images/-ve/Tilt Cap/snap_179.jpg,2537,1927,60296f267c023d15be61d0de693fb81b55eab5d88e5f33dee8488cdedcd555d6,cls:-ve/Tilt Cap#6,train,tilt_cap,tilt_cap,1,,,,0,none,,
cls:-ve/Tilt Cap/snap_180.jpg,classification,projects/om_bottle/images/-ve/Tilt Cap/snap_180.jpg,2537,1927,fbc6b3bfaf2d72f4e426c88c7e78bf79c3405f3771a3d720fd48175e41403111,cls:-ve/Tilt Cap#6,train,tilt_cap,tilt_cap,1,,,,0,none,,
cls:-ve/Tilt Cap/snap_181.jpg,classification,projects/om_bottle/images/-ve/Tilt Cap/snap_181.jpg,2537,1927,a20ae49695ee891bcc71cab187d1e4f8c0c3fd9013e898e51aaf57511725baf0,cls:-ve/Tilt Cap#6,train,tilt_cap,tilt_cap,1,,,,0,none,,
cls:-ve/Tilt Cap/snap_182.jpg,classification,projects/om_bottle/images/-ve/Tilt Cap/snap_182.jpg,2537,1927,e277616c83fec2049e2d4992e4619b975e3ecb2583d0d253faf77d41fe579e93,cls:-ve/Tilt Cap#6,train,tilt_cap,tilt_cap,1,,,,0,none,,
cls:-ve/Tilt Cap/snap_183.jpg,classification,projects/om_bottle/images/-ve/Tilt Cap/snap_183.jpg,2537,1927,727b5c8e5b90b8565eb6951ad201225c7689022c8b296d21f6091acecd91c663,cls:-ve/Tilt Cap#7,train,tilt_cap,tilt_cap,1,,,,0,none,,
cls:-ve/Tilt Cap/snap_184.jpg,classification,projects/om_bottle/images/-ve/Tilt Cap/snap_184.jpg,2537,1927,318abe036f477c014e637af02e7a004aee4b4eab895be6c97c90c94c6cc4ac38,cls:-ve/Tilt Cap#7,train,tilt_cap,tilt_cap,1,,,,0,none,,
cls:-ve/Tilt Cap/snap_185.jpg,classification,projects/om_bottle/images/-ve/Tilt Cap/snap_185.jpg,2537,1927,d60214612b9cfbe8d078aa53ea5ce62e38ad5ae3980af13d8bac6c4a7a296c0e,cls:-ve/Tilt Cap#7,train,tilt_cap,tilt_cap,1,,,,0,none,,
cls:-ve/Tilt Cap/snap_186.jpg,classification,projects/om_bottle/images/-ve/Tilt Cap/snap_186.jpg,2537,1927,4dfee22c9b3ee94d6688a5444a6a0d61b7195665c7b59344d33c2247efe6f31c,cls:-ve/Tilt Cap#7,train,tilt_cap,tilt_cap,1,,,,0,none,,
cls:-ve/Tilt Cap/snap_187.jpg,classification,projects/om_bottle/images/-ve/Tilt Cap/snap_187.jpg,2537,1927,3b7a88264ddcd4b56d5d76b3a3b02f4a47bc97af892ce08440fa39f43ab6730a,cls:-ve/Tilt Cap#7,train,tilt_cap,tilt_cap,1,,,,0,none,,
cls:-ve/Tilt Cap/snap_188.jpg,classification,projects/om_bottle/images/-ve/Tilt Cap/snap_188.jpg,2537,1927,acf451a96bfd33421d367200a638e7820506f94a5b8c6a2f14822aecd362e7a6,cls:-ve/Tilt Cap#7,train,tilt_cap,tilt_cap,1,,,,0,none,,
cls:-ve/Tilt Cap/snap_189.jpg,classification,projects/om_bottle/images/-ve/Tilt Cap/snap_189.jpg,2537,1927,62248822144454054a5d5c1fe191d95d3e654950ce53026601b9473739c2b5d1,cls:-ve/Tilt Cap#7,train,tilt_cap,tilt_cap,1,,,,0,none,,
cls:-ve/Tilt Cap/snap_190.jpg,classification,projects/om_bottle/images/-ve/Tilt Cap/snap_190.jpg,2537,1927,fdd32318f22b8c56897c6d4236be38899ffa7bd98455040c7e5dfb1b07709bc0,cls:-ve/Tilt Cap#7,train,tilt_cap,tilt_cap,1,,,,0,none,,
cls:-ve/Tilt Cap/snap_191.jpg,classification,projects/om_bottle/images/-ve/Tilt Cap/snap_191.jpg,2537,1927,1d64ecc92724207c97f4c3a79a409455baf02eae4c96fa24698fa20c0fc8fdb8,cls:-ve/Tilt Cap#8,train,tilt_cap,tilt_cap,1,,,,0,none,,
cls:-ve/Tilt Cap/snap_192.jpg,classification,projects/om_bottle/images/-ve/Tilt Cap/snap_192.jpg,2537,1927,10a710cf0076a3e44d692af29f0dc281410a4729f117c4c05a65238b05351d12,cls:-ve/Tilt Cap#8,train,tilt_cap,tilt_cap,1,,,,0,none,,
cls:-ve/Tilt Cap/snap_193.jpg,classification,projects/om_bottle/images/-ve/Tilt Cap/snap_193.jpg,2537,1927,c89da3815aec62ebcb886abe64122ac1645f25534632049f1a8fc63a523b25c6,cls:-ve/Tilt Cap#8,train,tilt_cap,tilt_cap,1,,,,0,none,,
cls:-ve/Tilt Cap/snap_194.jpg,classification,projects/om_bottle/images/-ve/Tilt Cap/snap_194.jpg,2537,1927,825f92b56b309c39c6a49cecbe5ee92acf2a6550a12638b44f4c779f960215a4,cls:-ve/Tilt Cap#8,train,tilt_cap,tilt_cap,1,,,,0,none,,
cls:-ve/Tilt Cap/snap_195.jpg,classification,projects/om_bottle/images/-ve/Tilt Cap/snap_195.jpg,2537,1927,9171f26af82f3bb6895dd4c97625bcc0bd588a9b50d33bb45d6e9d1002118ae1,cls:-ve/Tilt Cap#8,train,tilt_cap,tilt_cap,1,,,,0,none,,
cls:-ve/Tilt Cap/snap_196.jpg,classification,projects/om_bottle/images/-ve/Tilt Cap/snap_196.jpg,2537,1927,f91d19f87feaa1fd08c490a5a03f3bedc370234e4725985b0ea66036a2f909cb,cls:-ve/Tilt Cap#8,train,tilt_cap,tilt_cap,1,,,,0,none,,
cls:-ve/Tilt Cap/snap_197.jpg,classification,projects/om_bottle/images/-ve/Tilt Cap/snap_197.jpg,2537,1927,713523806e1f6d0c7b8f09df4e8d693ae10c90830b86c66e23d45a7deb912b5a,cls:-ve/Tilt Cap#8,train,tilt_cap,tilt_cap,1,,,,0,none,,
cls:-ve/Tilt Cap/snap_198.jpg,classification,projects/om_bottle/images/-ve/Tilt Cap/snap_198.jpg,2537,1927,096f7845f39fa5a83aa31b0d94ce2f59b7c40a67abbf0be0cfc2a70256b21a58,cls:-ve/Tilt Cap#8,train,tilt_cap,tilt_cap,1,,,,0,none,,
cls:-ve/Tilt Cap/snap_199.jpg,classification,projects/om_bottle/images/-ve/Tilt Cap/snap_199.jpg,2537,1927,a53a693dc6694e41c2feb002bf12c48650f4cb4f3a97d31c9494f80e1378e09a,cls:-ve/Tilt Cap#8,train,tilt_cap,tilt_cap,1,,,,0,none,,
cls:-ve/Tilt Cap/snap_200.jpg,classification,projects/om_bottle/images/-ve/Tilt Cap/snap_200.jpg,2537,1927,7551ccfc403ce951b890de1ff0daeb04949413e2d9f10b53df1d9cca23a9b825,cls:-ve/Tilt Cap#8,train,tilt_cap,tilt_cap,1,,,,0,none,,
cls:-ve/Tilt Cap/snap_201.jpg,classification,projects/om_bottle/images/-ve/Tilt Cap/snap_201.jpg,2537,1927,63963b07333fe11368a0032db5122abda0dad8ddb11690bcc44d5538f8841c03,cls:-ve/Tilt Cap#8,train,tilt_cap,tilt_cap,1,,,,0,none,,
cls:-ve/Tilt Cap/snap_202.jpg,classification,projects/om_bottle/images/-ve/Tilt Cap/snap_202.jpg,2537,1927,7f9e6fa9671b97a1b912998ad5182fe97364e675a27187fa0c73b303d951ebc6,cls:-ve/Tilt Cap#8,train,tilt_cap,tilt_cap,1,,,,0,none,,
cls:-ve/Tilt Cap/snap_203.jpg,classification,projects/om_bottle/images/-ve/Tilt Cap/snap_203.jpg,2537,1927,5f535f43c83e012f6cd8acc8af5c6d1eb4916d93d6e2a4af3f283138c8e6ec18,cls:-ve/Tilt Cap#8,train,tilt_cap,tilt_cap,1,,,,0,none,,
cls:-ve/Tilt Cap/snap_204.jpg,classification,projects/om_bottle/images/-ve/Tilt Cap/snap_204.jpg,2537,1927,0e3acfad4eaff4c88aa5d99a52a2cc6b47fa0bec30d8d3d08868cecf0cc759b0,cls:-ve/Tilt Cap#8,train,tilt_cap,tilt_cap,1,,,,0,none,,
cls:-ve/Tilt Cap/snap_205.jpg,classification,projects/om_bottle/images/-ve/Tilt Cap/snap_205.jpg,2537,1927,cb37001121701479a50740f765fa4bc4ac31ada23e8cef03d2359be3b641d4e2,cls:-ve/Tilt Cap#8,train,tilt_cap,tilt_cap,1,,,,0,none,,
cls:-ve/Tilt Cap/snap_206.jpg,classification,projects/om_bottle/images/-ve/Tilt Cap/snap_206.jpg,2537,1927,44391e7fa7c2a7b6d4dd64fca4fdf59121233d11dc073c71ba81bb42530b52fb,cls:-ve/Tilt Cap#9,val,tilt_cap,tilt_cap,1,,,,0,none,,
cls:-ve/Tilt Cap/snap_207.jpg,classification,projects/om_bottle/images/-ve/Tilt Cap/snap_207.jpg,2537,1927,3852db86e4dc73d4cfe20fc4ccad11d23dd8e89299830dc61d68e7f0f348b636,cls:-ve/Tilt Cap#9,val,tilt_cap,tilt_cap,1,,,,0,none,,
cls:-ve/Tilt Cap/snap_208.jpg,classification,projects/om_bottle/images/-ve/Tilt Cap/snap_208.jpg,2537,1927,90a3b6c86404eac1233077e781477eaa2434caa3ffebe61a6e473def4a3935b4,cls:-ve/Tilt Cap#9,val,tilt_cap,tilt_cap,1,,,,0,none,,
cls:-ve/Tilt Cap/snap_209.jpg,classification,projects/om_bottle/images/-ve/Tilt Cap/snap_209.jpg,2537,1927,a8669f77af31330ea23fec3d0c7cd1b416172a4f303e3e2bd7bbaf15bfe4b1bf,cls:-ve/Tilt Cap#9,val,tilt_cap,tilt_cap,1,,,,0,none,,
cls:-ve/Tilt Cap/snap_210.jpg,classification,projects/om_bottle/images/-ve/Tilt Cap/snap_210.jpg,2537,1927,0e61fe4538412f78131b4d0988f3b944dfe803a69a47976c3d356616b2ab6ef7,cls:-ve/Tilt Cap#9,val,tilt_cap,tilt_cap,1,,,,0,none,,
cls:-ve/Tilt Cap/snap_211.jpg,classification,projects/om_bottle/images/-ve/Tilt Cap/snap_211.jpg,2537,1927,fb6aca8b2a72962362326e50c0fd14e0f381036f33445e6304801b28d885f04b,cls:-ve/Tilt Cap#9,val,tilt_cap,tilt_cap,1,,,,0,none,,
cls:-ve/Tilt Cap/snap_212.jpg,classification,projects/om_bottle/images/-ve/Tilt Cap/snap_212.jpg,2537,1927,07cf54bcf105a91c33b0171852a1e247676556171a4afefae5c383989a64d4f6,cls:-ve/Tilt Cap#9,val,tilt_cap,tilt_cap,1,,,,0,none,,
cls:-ve/Tilt Cap/snap_213.jpg,classification,projects/om_bottle/images/-ve/Tilt Cap/snap_213.jpg,2537,1927,ca2410b35ce9522d3a3dccf780fb9206af2941f29abec288caf81f19801384d7,cls:-ve/Tilt Cap#9,val,tilt_cap,tilt_cap,1,,,,0,none,,
cls:-ve/Tilt Cap/snap_214.jpg,classification,projects/om_bottle/images/-ve/Tilt Cap/snap_214.jpg,2537,1927,2941700b2f78a19c0640e93b6a43ddf6c9d4093499b88267d898d151cfad74f8,cls:-ve/Tilt Cap#9,val,tilt_cap,tilt_cap,1,,,,0,none,,
cls:-ve/Tilt Cap/snap_215.jpg,classification,projects/om_bottle/images/-ve/Tilt Cap/snap_215.jpg,2537,1927,86ece6332fdbb66e1ef56abbbb98e1a27df437bab143659dd71c0ff70bde6740,cls:-ve/Tilt Cap#9,val,tilt_cap,tilt_cap,1,,,,0,none,,
cls:-ve/Tilt Cap/snap_216.jpg,classification,projects/om_bottle/images/-ve/Tilt Cap/snap_216.jpg,2537,1927,f3f323dc834a7340ebdfd1322bec10394cdd352e5b7a158c992b2ae292b7e440,cls:-ve/Tilt Cap#9,val,tilt_cap,tilt_cap,1,,,,0,none,,
cls:-ve/Tilt Cap/snap_217.jpg,classification,projects/om_bottle/images/-ve/Tilt Cap/snap_217.jpg,2537,1927,8e1bbd72e77e9662948b8fbd87f8dfabf3f838e793bb6c8b7be5ada90810f7e0,cls:-ve/Tilt Cap#9,val,tilt_cap,tilt_cap,1,,,,0,none,,
cls:-ve/Tilt Cap/snap_218.jpg,classification,projects/om_bottle/images/-ve/Tilt Cap/snap_218.jpg,2537,1927,739b67b0b8d153eefd78797fab76cb6cd8d7ad76f6d74745525ff5c229ceddf0,cls:-ve/Tilt Cap#9,val,tilt_cap,tilt_cap,1,,,,0,none,,
cls:-ve/Tilt Cap/snap_219.jpg,classification,projects/om_bottle/images/-ve/Tilt Cap/snap_219.jpg,2537,1927,e226cc89427f1f3f69797b0163623655f0dca507c17a9c4b70eb7da8049b5c29,cls:-ve/Tilt Cap#9,val,tilt_cap,tilt_cap,1,,,,0,none,,
cls:-ve/Tilt Cap/snap_220.jpg,classification,projects/om_bottle/images/-ve/Tilt Cap/snap_220.jpg,2537,1927,11740be0d7b53509a70d5ff057fddc7a5bba433a50c14a601c2c07d0e123a600,cls:-ve/Tilt Cap#9,val,tilt_cap,tilt_cap,1,,,,0,none,,
cls:-ve/Tilt Cap/snap_221.jpg,classification,projects/om_bottle/images/-ve/Tilt Cap/snap_221.jpg,2537,1927,3a06799bb4cc83baa32a8e1f40923be52cc6474062ccad4fc7c3aaf883697cba,cls:-ve/Tilt Cap#9,val,tilt_cap,tilt_cap,1,,,,0,none,,
cls:-ve/Tilt Cap/snap_222.jpg,classification,projects/om_bottle/images/-ve/Tilt Cap/snap_222.jpg,2537,1927,28fc9b9b9fa591a511b550b80dabab60f01c37de2591299cbee8c59c49fee76a,cls:-ve/Tilt Cap#9,val,tilt_cap,tilt_cap,1,,,,0,none,,
cls:-ve/Tilt Cap/snap_223.jpg,classification,projects/om_bottle/images/-ve/Tilt Cap/snap_223.jpg,2537,1927,ad007ae343fa609d1b273c9981ade27a31a0d3570df1a40e313c83250d897c64,cls:-ve/Tilt Cap#9,val,tilt_cap,tilt_cap,1,,,,0,none,,
cls:-ve/Tilt Cap/snap_224.jpg,classification,projects/om_bottle/images/-ve/Tilt Cap/snap_224.jpg,2537,1927,14ea18955c914aa2b5e78cc8a43e0424ebc53c6454f5bd1f200f29cba0b947af,cls:-ve/Tilt Cap#10,test,tilt_cap,tilt_cap,1,,,,0,none,,
cls:-ve/Tilt Cap/snap_225.jpg,classification,projects/om_bottle/images/-ve/Tilt Cap/snap_225.jpg,2537,1927,7a7951cbfaddb8dbc5b67c33bd93a3cc920dda2d548fc34f8e04c8471ee99e37,cls:-ve/Tilt Cap#10,test,tilt_cap,tilt_cap,1,,,,0,none,,
cls:-ve/Tilt Cap/snap_226.jpg,classification,projects/om_bottle/images/-ve/Tilt Cap/snap_226.jpg,2537,1927,eb614c4498f186b3d4f899acadd48f790d68c0a114d1e053336676c7b73c236b,cls:-ve/Tilt Cap#10,test,tilt_cap,tilt_cap,1,,,,0,none,,
cls:-ve/Tilt Cap/snap_227.jpg,classification,projects/om_bottle/images/-ve/Tilt Cap/snap_227.jpg,2537,1927,a5484650bdb2cdd0937ba6a87af768bd36102a7821aeb17489dc5bcb4067f238,cls:-ve/Tilt Cap#10,test,tilt_cap,tilt_cap,1,,,,0,none,,
cls:-ve/Tilt Cap/snap_228.jpg,classification,projects/om_bottle/images/-ve/Tilt Cap/snap_228.jpg,2537,1927,1bef9b8baff7c02aaff32992c79e70fbe84a189517084a423c984a953df8c691,cls:-ve/Tilt Cap#10,test,tilt_cap,tilt_cap,1,,,,0,none,,
cls:-ve/Tilt Cap/snap_229.jpg,classification,projects/om_bottle/images/-ve/Tilt Cap/snap_229.jpg,2537,1927,2581e68d61540eca321b652ab7c4ee188416e0735c9a7194354686532728cc41,cls:-ve/Tilt Cap#10,test,tilt_cap,tilt_cap,1,,,,0,none,,
cls:-ve/Tilt Cap/snap_230.jpg,classification,projects/om_bottle/images/-ve/Tilt Cap/snap_230.jpg,2537,1927,16d520dfd14492655aa9b72049fb927f00ef268c74c968874500c69a99ca16df,cls:-ve/Tilt Cap#10,test,tilt_cap,tilt_cap,1,,,,0,none,,
cls:-ve/Tilt Cap/snap_231.jpg,classification,projects/om_bottle/images/-ve/Tilt Cap/snap_231.jpg,2537,1927,0045107ac10c245e2e34a0ba061b172840883d3d0acdda086573d9c2e0b4e52b,cls:-ve/Tilt Cap#10,test,tilt_cap,tilt_cap,1,,,,0,none,,
cls:-ve/Tilt Cap/snap_232.jpg,classification,projects/om_bottle/images/-ve/Tilt Cap/snap_232.jpg,2537,1927,cef9267065d5d273cdf56e2962f1d473f5bf8be035016e70f68ce4a6193495cc,cls:-ve/Tilt Cap#10,test,tilt_cap,tilt_cap,1,,,,0,none,,
cls:-ve/Tilt Cap/snap_233.jpg,classification,projects/om_bottle/images/-ve/Tilt Cap/snap_233.jpg,2537,1927,3b5403c6874c865d1f32a280aeb40c5e47a0f3164a0fecf927214792d0b1c9ad,cls:-ve/Tilt Cap#10,test,tilt_cap,tilt_cap,1,,,,0,none,,
cls:-ve/Tilt Cap/snap_234.jpg,classification,projects/om_bottle/images/-ve/Tilt Cap/snap_234.jpg,2537,1927,461645edb52b8c8df6888412834e170480976ba5e1d4884331d827cb04b1adfd,cls:-ve/Tilt Cap#10,test,tilt_cap,tilt_cap,1,,,,0,none,,
cls:-ve/Tilt Cap/snap_235.jpg,classification,projects/om_bottle/images/-ve/Tilt Cap/snap_235.jpg,2537,1927,4d04436cbe27a135f525d06837e8f675eefb4513f794b8fde72599ef1211e334,cls:-ve/Tilt Cap#10,test,tilt_cap,tilt_cap,1,,,,0,none,,
cls:-ve/Tilt Cap/snap_236.jpg,classification,projects/om_bottle/images/-ve/Tilt Cap/snap_236.jpg,2537,1927,01fe8bbba96561e3de6b01b5af84a1e94dcb6baaf7703b8eba6dc4d87e06614c,cls:-ve/Tilt Cap#10,test,tilt_cap,tilt_cap,1,,,,0,none,,
cls:-ve/Tilt Cap/snap_237.jpg,classification,projects/om_bottle/images/-ve/Tilt Cap/snap_237.jpg,2537,1927,bbc4a319353e1287c6123347da896e593f7b598d99e180f275b45e2347601a51,cls:-ve/Tilt Cap#10,test,tilt_cap,tilt_cap,1,,,,0,none,,
cls:-ve/Tilt Cap/snap_238.jpg,classification,projects/om_bottle/images/-ve/Tilt Cap/snap_238.jpg,2537,1927,3fcaedf866d7b7ef2baeaacb3f2f94a4bc1aad1cbdd4bc77aa36e093739c3092,cls:-ve/Tilt Cap#10,test,tilt_cap,tilt_cap,1,,,,0,none,,
cls:-ve/Tilt Cap/snap_239.jpg,classification,projects/om_bottle/images/-ve/Tilt Cap/snap_239.jpg,2537,1927,3d4b7666fa26ecc2b443bd648cea1abe485f26f00f0d6c2dccc2e72edbe2ce49,cls:-ve/Tilt Cap#10,test,tilt_cap,tilt_cap,1,,,,0,none,,
cls:-ve/Tilt Cap/snap_240.jpg,classification,projects/om_bottle/images/-ve/Tilt Cap/snap_240.jpg,2537,1927,c9a1176fcde18aec8e8261289bb19855ae93e4d22df4a35672cacf9584317436,cls:-ve/Tilt Cap#10,test,tilt_cap,tilt_cap,1,,,,0,none,,
cls:-ve/Tilt Cap/snap_241.jpg,classification,projects/om_bottle/images/-ve/Tilt Cap/snap_241.jpg,2537,1927,d64696d2fcbb94b17c061346fd341b3646ae4913b42e5b7ac4d4ee1bc9eefc25,cls:-ve/Tilt Cap#10,test,tilt_cap,tilt_cap,1,,,,0,none,,
cls:-ve/Tilt Cap/snap_242.jpg,classification,projects/om_bottle/images/-ve/Tilt Cap/snap_242.jpg,2537,1927,1eeedca25513817c7ff919a17a0af62e8a3cd85e8935fdba5eff25e34175f7e7,cls:-ve/Tilt Cap#11,val,tilt_cap,tilt_cap,1,,,,0,none,,
cls:-ve/Tilt Cap/snap_243.jpg,classification,projects/om_bottle/images/-ve/Tilt Cap/snap_243.jpg,2537,1927,dc106a33c82e1e52e33d28be24b20f9b6d14ac347ed6b2bb72dbb956fa1b97fd,cls:-ve/Tilt Cap#11,val,tilt_cap,tilt_cap,1,,,,0,none,,
cls:-ve/Tilt Cap/snap_244.jpg,classification,projects/om_bottle/images/-ve/Tilt Cap/snap_244.jpg,2537,1927,20ea59b4bcb24cc928bb0a3008eaf746fbce76b73fc256676e67453899899b5e,cls:-ve/Tilt Cap#11,val,tilt_cap,tilt_cap,1,,,,0,none,,
cls:-ve/Tilt Cap/snap_245.jpg,classification,projects/om_bottle/images/-ve/Tilt Cap/snap_245.jpg,2537,1927,5ea3fc225950d185b2192c531cea692bec0ba4d9e33db848318ae0ce988030a3,cls:-ve/Tilt Cap#11,val,tilt_cap,tilt_cap,1,,,,0,none,,
cls:-ve/Tilt Cap/snap_246.jpg,classification,projects/om_bottle/images/-ve/Tilt Cap/snap_246.jpg,2537,1927,32da652d70cf11b9253603ccebf734055e5797af752efb8311d68809ae335923,cls:-ve/Tilt Cap#11,val,tilt_cap,tilt_cap,1,,,,0,none,,
cls:-ve/Tilt Cap/snap_247.jpg,classification,projects/om_bottle/images/-ve/Tilt Cap/snap_247.jpg,2537,1927,7f1675e2e34a054501d0414251868b2b86178c5a727250b6f04b5d0d5e7a060c,cls:-ve/Tilt Cap#11,val,tilt_cap,tilt_cap,1,,,,0,none,,
cls:-ve/Tilt Cap/snap_248.jpg,classification,projects/om_bottle/images/-ve/Tilt Cap/snap_248.jpg,2537,1927,cb1a20bc5790aeb60a4fd05f695b6a88859ad69377c873597dfae36f49501f16,cls:-ve/Tilt Cap#11,val,tilt_cap,tilt_cap,1,,,,0,none,,
cls:-ve/Tilt Cap/snap_249.jpg,classification,projects/om_bottle/images/-ve/Tilt Cap/snap_249.jpg,2537,1927,d2b292f1302b0cfc7346070c74ba969969f77cbf7911d89049e15fd3bc2ddce8,cls:-ve/Tilt Cap#11,val,tilt_cap,tilt_cap,1,,,,0,none,,
cls:-ve/Tilt Cap/snap_250.jpg,classification,projects/om_bottle/images/-ve/Tilt Cap/snap_250.jpg,2537,1927,ca583b9220e43f9f348bfe8e5d3c613714c0db53c562fdecc81817acc9e67075,cls:-ve/Tilt Cap#11,val,tilt_cap,tilt_cap,1,,,,0,none,,
cls:-ve/Tilt Cap/snap_251.jpg,classification,projects/om_bottle/images/-ve/Tilt Cap/snap_251.jpg,2537,1927,8922c1be24b98e147ff188f9d4db34883ca0eb4e21b1aa0e82a6bc5bde5df50d,cls:-ve/Tilt Cap#11,val,tilt_cap,tilt_cap,1,,,,0,none,,
cls:-ve/Tilt Cap/snap_252.jpg,classification,projects/om_bottle/images/-ve/Tilt Cap/snap_252.jpg,2537,1927,158d2348d9def7eabf29c581c88b547471aa74258fae22821314d84fe4248c38,cls:-ve/Tilt Cap#11,val,tilt_cap,tilt_cap,1,,,,0,none,,
cls:-ve/Tilt Cap/snap_253.jpg,classification,projects/om_bottle/images/-ve/Tilt Cap/snap_253.jpg,2537,1927,a0a30d5531e7ee3a8d85554662e4e0bc92a3b08803dfcf335c89e9e8e3f08592,cls:-ve/Tilt Cap#11,val,tilt_cap,tilt_cap,1,,,,0,none,,
cls:-ve/Tilt Cap/snap_254.jpg,classification,projects/om_bottle/images/-ve/Tilt Cap/snap_254.jpg,2537,1927,208bc2797b312e4fd5a0b2f6ddef24e0262560f42b5647ffaed20749a208b46e,cls:-ve/Tilt Cap#11,val,tilt_cap,tilt_cap,1,,,,0,none,,
cls:-ve/Tilt Cap/snap_255.jpg,classification,projects/om_bottle/images/-ve/Tilt Cap/snap_255.jpg,2537,1927,742aaee3be56ff20b8b2e5087a0ecba949fc5595a40b795cff9eb38a21d93eb3,cls:-ve/Tilt Cap#12,train,tilt_cap,tilt_cap,1,,,,0,none,,
cls:-ve/Tilt Cap/snap_256.jpg,classification,projects/om_bottle/images/-ve/Tilt Cap/snap_256.jpg,2537,1927,2c72a7aed47767c8996213bf264c8dd533f171bbe6b0e5dc8548a26facfc8d95,cls:-ve/Tilt Cap#12,train,tilt_cap,tilt_cap,1,,,,0,none,,
cls:-ve/Tilt Cap/snap_257.jpg,classification,projects/om_bottle/images/-ve/Tilt Cap/snap_257.jpg,2537,1927,10b0b1c76d1c9564bb3ee82b821105811e3f59ea1f2b41dd10bb9a9014abea6d,cls:-ve/Tilt Cap#12,train,tilt_cap,tilt_cap,1,,,,0,none,,
cls:-ve/Tilt Cap/snap_258.jpg,classification,projects/om_bottle/images/-ve/Tilt Cap/snap_258.jpg,2537,1927,0453470ceb2157fb08bd99480f04d6560209bfd3cb14d2d7b638d0a3ef21f892,cls:-ve/Tilt Cap#12,train,tilt_cap,tilt_cap,1,,,,0,none,,
cls:-ve/Tilt Cap/snap_259.jpg,classification,projects/om_bottle/images/-ve/Tilt Cap/snap_259.jpg,2537,1927,15cc2b88084a305796e4a20e06065505e6ab8a327f890efb32cc601d659e296b,cls:-ve/Tilt Cap#12,train,tilt_cap,tilt_cap,1,,,,0,none,,
cls:-ve/Tilt Cap/snap_260.jpg,classification,projects/om_bottle/images/-ve/Tilt Cap/snap_260.jpg,2537,1927,534fcbc6beda79b94a2a78a2d6aa5a825e0114d53cf8c7c97890398ee22d69cd,cls:-ve/Tilt Cap#12,train,tilt_cap,tilt_cap,1,,,,0,none,,
cls:-ve/Tilt Cap/snap_261.jpg,classification,projects/om_bottle/images/-ve/Tilt Cap/snap_261.jpg,2537,1927,4933b71a76ead797546159d5495c5f6456380de7444d15be035317fe17e9cbec,cls:-ve/Tilt Cap#12,train,tilt_cap,tilt_cap,1,,,,0,none,,
cls:-ve/Tilt Cap/snap_262.jpg,classification,projects/om_bottle/images/-ve/Tilt Cap/snap_262.jpg,2537,1927,54cc25826416c57542215d9224fed6ebb1e4c019e08a6b8d4c75ec0f263b3337,cls:-ve/Tilt Cap#12,train,tilt_cap,tilt_cap,1,,,,0,none,,
cls:-ve/Tilt Cap/snap_263.jpg,classification,projects/om_bottle/images/-ve/Tilt Cap/snap_263.jpg,2537,1927,50dcce57216d72be7158d2163cdc4cd494c0c1032500645521aed453897be489,cls:-ve/Tilt Cap#12,train,tilt_cap,tilt_cap,1,,,,0,none,,
cls:-ve/Tilt Cap/snap_264.jpg,classification,projects/om_bottle/images/-ve/Tilt Cap/snap_264.jpg,2537,1927,37f41f989cd54694d518256fb1e4abcf2d5aba783f6a5ec104363d6c8fbcd839,cls:-ve/Tilt Cap#12,train,tilt_cap,tilt_cap,1,,,,0,none,,
cls:-ve/Tilt Cap/snap_265.jpg,classification,projects/om_bottle/images/-ve/Tilt Cap/snap_265.jpg,2537,1927,30ad177b61ea79260138e1154af8693da4c6d700010957dc17511b7586d63de7,cls:-ve/Tilt Cap#12,train,tilt_cap,tilt_cap,1,,,,0,none,,
cls:-ve/Tilt Cap/snap_266.jpg,classification,projects/om_bottle/images/-ve/Tilt Cap/snap_266.jpg,2537,1927,03288ed4610c0a02ba29fa61bba7f3448122528514a2a70120330bb081dd2060,cls:-ve/Tilt Cap#12,train,tilt_cap,tilt_cap,1,,,,0,none,,
cls:-ve/Tilt Cap/snap_267.jpg,classification,projects/om_bottle/images/-ve/Tilt Cap/snap_267.jpg,2537,1927,785e9b45a43ffe3d7913cd821f60d20096e9af54026f9a8775d3051c7b4bb77a,cls:-ve/Tilt Cap#12,train,tilt_cap,tilt_cap,1,,,,0,none,,
cls:-ve/Tilt Cap/snap_268.jpg,classification,projects/om_bottle/images/-ve/Tilt Cap/snap_268.jpg,2537,1927,e355f57192f61b6eead933f6f9ee9105756338b714d771936bee1195fbabc877,cls:-ve/Tilt Cap#12,train,tilt_cap,tilt_cap,1,,,,0,none,,
cls:-ve/Tilt Cap/snap_269.jpg,classification,projects/om_bottle/images/-ve/Tilt Cap/snap_269.jpg,2537,1927,32d5d7d3d6d114569c9106b7ba48c67ab03efd9926cfa5df1546c195595c4170,cls:-ve/Tilt Cap#12,train,tilt_cap,tilt_cap,1,,,,0,none,,
cls:-ve/Tilt Cap/snap_270.jpg,classification,projects/om_bottle/images/-ve/Tilt Cap/snap_270.jpg,2537,1927,05008f2bbf8fffe058ae61e2d327907d7df2a725aee30f041c55b68a83f50e34,cls:-ve/Tilt Cap#13,train,tilt_cap,tilt_cap,1,,,,0,none,,
cls:-ve/Tilt Cap/snap_271.jpg,classification,projects/om_bottle/images/-ve/Tilt Cap/snap_271.jpg,2537,1927,d79b4c9208ac9fd1c200d9855fd2e2fb278f36979e3b428f2bed830b560cdabe,cls:-ve/Tilt Cap#13,train,tilt_cap,tilt_cap,1,,,,0,none,,
cls:-ve/Tilt Cap/snap_272.jpg,classification,projects/om_bottle/images/-ve/Tilt Cap/snap_272.jpg,2537,1927,c1e3b5885b0a69aa5040baac2418c69b9363e65ba1e63382156ba790261170b4,cls:-ve/Tilt Cap#13,train,tilt_cap,tilt_cap,1,,,,0,none,,
cls:-ve/Tilt Cap/snap_273.jpg,classification,projects/om_bottle/images/-ve/Tilt Cap/snap_273.jpg,2537,1927,6cfb1f67fc5b2263b081806b74e47fb1adefa47161941a5689762c85ab24c9b0,cls:-ve/Tilt Cap#13,train,tilt_cap,tilt_cap,1,,,,0,none,,
cls:-ve/Tilt Cap/snap_274.jpg,classification,projects/om_bottle/images/-ve/Tilt Cap/snap_274.jpg,2537,1927,120a5444a25155a3068c52304506df261f57f8cb08c72a3e9d2fed9fcfafae35,cls:-ve/Tilt Cap#14,train,tilt_cap,tilt_cap,1,,,,0,none,,
cls:-ve/Tilt Cap/snap_275.jpg,classification,projects/om_bottle/images/-ve/Tilt Cap/snap_275.jpg,2537,1927,ab25bf64a2799186a751583b63f4558fb20295666eacd2f89fa981b3f537b01a,cls:-ve/Tilt Cap#15,val,tilt_cap,tilt_cap,1,,,,0,none,,
cls:-ve/Tilt Cap/snap_276.jpg,classification,projects/om_bottle/images/-ve/Tilt Cap/snap_276.jpg,2537,1927,3c760d867adb72ebd23927d6bb4a20fe50c2539eb6619773570302322e0cb931,cls:-ve/Tilt Cap#16,train,tilt_cap,tilt_cap,1,,,,0,none,,
cls:-ve/Tilt Cap/snap_277.jpg,classification,projects/om_bottle/images/-ve/Tilt Cap/snap_277.jpg,2537,1927,a9ee7e8751d2a44107489a0cfb8a2b37130ea1c86d19ebf23e07298b665844bf,cls:-ve/Tilt Cap#16,train,tilt_cap,tilt_cap,1,,,,0,none,,
cls:-ve/Tilt Cap/snap_278.jpg,classification,projects/om_bottle/images/-ve/Tilt Cap/snap_278.jpg,2537,1927,36e3388eebdbfbcfd094df8223b8d6640e6c35ceb18c0d873f469f8ea7c1c211,cls:-ve/Tilt Cap#16,train,tilt_cap,tilt_cap,1,,,,0,none,,
cls:-ve/Tilt Cap/snap_279.jpg,classification,projects/om_bottle/images/-ve/Tilt Cap/snap_279.jpg,2537,1927,7a96addde84fbd5c0e53d1d8fd110b50bd21c5bc72aeeddaa28d4da0b8826df6,cls:-ve/Tilt Cap#16,train,tilt_cap,tilt_cap,1,,,,0,none,,
cls:-ve/Tilt Cap/snap_280.jpg,classification,projects/om_bottle/images/-ve/Tilt Cap/snap_280.jpg,2537,1927,81c8ba00189eb0fb5c3155b44eb0ce7bcdc2c485ab5c5747361f206da8bd8fc7,cls:-ve/Tilt Cap#16,train,tilt_cap,tilt_cap,1,,,,0,none,,
cls:-ve/Tilt Cap/snap_281.jpg,classification,projects/om_bottle/images/-ve/Tilt Cap/snap_281.jpg,2537,1927,215d586d8919957c741c0751d994aab5c654ffa5e0fe793f792058e57ed61fb5,cls:-ve/Tilt Cap#17,test,tilt_cap,tilt_cap,1,,,,0,none,,
cls:-ve/Tilt Cap/snap_282.jpg,classification,projects/om_bottle/images/-ve/Tilt Cap/snap_282.jpg,2537,1927,ca329e04d70589e35bf2074baf9427e9d7e5760987f44b03576dc222c3e5c40c,cls:-ve/Tilt Cap#17,test,tilt_cap,tilt_cap,1,,,,0,none,,
cls:-ve/Tilt Cap/snap_283.jpg,classification,projects/om_bottle/images/-ve/Tilt Cap/snap_283.jpg,2537,1927,24fcfab318ed3b2d9fcc8ab670f5566b4bed42ae9fb809052be515bab3b1a3e8,cls:-ve/Tilt Cap#17,test,tilt_cap,tilt_cap,1,,,,0,none,,
cls:-ve/Tilt Cap/snap_284.jpg,classification,projects/om_bottle/images/-ve/Tilt Cap/snap_284.jpg,2537,1927,620e25edf28f88ab6de6733e395a31808cae6313ae78b07f4b90bf92a2c0f218,cls:-ve/Tilt Cap#17,test,tilt_cap,tilt_cap,1,,,,0,none,,
cls:-ve/Tilt Cap/snap_285.jpg,classification,projects/om_bottle/images/-ve/Tilt Cap/snap_285.jpg,2537,1927,d5ad310c82286552dcd34b07eb363b188328e8774e421be57a37b6436a5e081c,cls:-ve/Tilt Cap#18,train,tilt_cap,tilt_cap,1,,,,0,none,,
cls:-ve/Tilt Cap/snap_286.jpg,classification,projects/om_bottle/images/-ve/Tilt Cap/snap_286.jpg,2537,1927,7699de55bde2b468582c7d2de9676711fd27c372a69a5a9027d367ef724aac62,cls:-ve/Tilt Cap#18,train,tilt_cap,tilt_cap,1,,,,0,none,,
cls:-ve/Tilt Cap/snap_287.jpg,classification,projects/om_bottle/images/-ve/Tilt Cap/snap_287.jpg,2537,1927,b98e740e86899271b0fe11d34bdc78663fa9034a7d55795c04a33bb3b9568059,cls:-ve/Tilt Cap#18,train,tilt_cap,tilt_cap,1,,,,0,none,,
cls:-ve/Tilt Cap/snap_288.jpg,classification,projects/om_bottle/images/-ve/Tilt Cap/snap_288.jpg,2537,1927,b9e2d0363ad1cb70837e90b1779fc162dfc24e28cbc6c62b1607f4c4faaedbda,cls:-ve/Tilt Cap#18,train,tilt_cap,tilt_cap,1,,,,0,none,,
cls:-ve/Tilt Cap/snap_289.jpg,classification,projects/om_bottle/images/-ve/Tilt Cap/snap_289.jpg,2537,1927,c213c004730648b81e6acc875066e2b1cd49060cd36f79dcc3877cc71e04f251,cls:-ve/Tilt Cap#18,train,tilt_cap,tilt_cap,1,,,,0,none,,
cls:-ve/Water Level/snap_290.jpg,classification,projects/om_bottle/images/-ve/Water Level/snap_290.jpg,2537,1927,272484324f9a09679fd0f1e6ecc61ad664689fa82f392641725fa1204c6ed03f,cls:-ve/Tilt Cap#18,train,water_level,water_level,1,,,,0,none,,
cls:-ve/Water Level/snap_291.jpg,classification,projects/om_bottle/images/-ve/Water Level/snap_291.jpg,2537,1927,0f845da43df0962673cd6abd9df0bc30fb9e44906192124c7e9e82d4ef91fffb,cls:-ve/Tilt Cap#18,train,water_level,water_level,1,,,,0,none,,
cls:-ve/Water Level/snap_292.jpg,classification,projects/om_bottle/images/-ve/Water Level/snap_292.jpg,2537,1927,d5a1712251956fadea49fa44bd29bd1cf971b4798523c2e8f03462dd57738fde,cls:-ve/Tilt Cap#18,train,water_level,water_level,1,,,,0,none,,
cls:-ve/Water Level/snap_293.jpg,classification,projects/om_bottle/images/-ve/Water Level/snap_293.jpg,2537,1927,778596de703dd553c9e871d004b87a856e8eae7aff756a45975a889fa32766c9,cls:-ve/Tilt Cap#18,train,water_level,water_level,1,,,,0,none,,
cls:-ve/Water Level/snap_294.jpg,classification,projects/om_bottle/images/-ve/Water Level/snap_294.jpg,2537,1927,9d383b48f14388bf992bd2cd38adccb7142fb8d612095361dfb84e2452eef2a6,cls:-ve/Tilt Cap#18,train,water_level,water_level,1,,,,0,none,,
cls:-ve/Water Level/snap_295.jpg,classification,projects/om_bottle/images/-ve/Water Level/snap_295.jpg,2537,1927,bbec1fc447eb47ddc97b4637ed4ca14bbcf855c00f3d06a9fd7b711f8d0d7b15,cls:-ve/Tilt Cap#18,train,water_level,water_level,1,,,,0,none,,
cls:-ve/Water Level/snap_296.jpg,classification,projects/om_bottle/images/-ve/Water Level/snap_296.jpg,2537,1927,4eece053596566a976449b5d5dd36207fe129016aca1d6d571832acf6bb4fd72,cls:-ve/Tilt Cap#18,train,water_level,water_level,1,,,,0,none,,
cls:-ve/Water Level/snap_297.jpg,classification,projects/om_bottle/images/-ve/Water Level/snap_297.jpg,2537,1927,6949763489ad750c50a06067ef715abc43fdb62376bd7a8f9bf26516b6e2c9b1,cls:-ve/Tilt Cap#18,train,water_level,water_level,1,,,,0,none,,
cls:-ve/Water Level/snap_298.jpg,classification,projects/om_bottle/images/-ve/Water Level/snap_298.jpg,2537,1927,56b96b3562ea6fb90ccf710cbf8fb320aab3e1303f9167849e38598d97a27d15,cls:-ve/Tilt Cap#18,train,water_level,water_level,1,,,,0,none,,
cls:-ve/Water Level/snap_299.jpg,classification,projects/om_bottle/images/-ve/Water Level/snap_299.jpg,2537,1927,7e40c3659777342ebbc7da435337d8800b118ca7d852158a43d1b4946e929b1e,cls:-ve/Tilt Cap#18,train,water_level,water_level,1,,,,0,none,,
cls:-ve/Water Level/snap_300.jpg,classification,projects/om_bottle/images/-ve/Water Level/snap_300.jpg,2537,1927,735fc7fe7119f7e206605d0cf5d9811700135dc7d20fae56b7ca94d3b6796764,cls:-ve/Tilt Cap#18,train,water_level,water_level,1,,,,0,none,,
cls:-ve/Water Level/snap_301.jpg,classification,projects/om_bottle/images/-ve/Water Level/snap_301.jpg,2537,1927,13a7f91bfccd514cbdda09ae37e536a6c0d4348879a1f35d8821391b3d167c24,cls:-ve/Tilt Cap#18,train,water_level,water_level,1,,,,0,none,,
cls:-ve/Water Level/snap_302.jpg,classification,projects/om_bottle/images/-ve/Water Level/snap_302.jpg,2537,1927,87fc322e049610b6b49b15f949daabb773e3ba998372ad1b6ade88d29f1c1747,cls:-ve/Tilt Cap#18,train,water_level,water_level,1,,,,0,none,,
cls:-ve/Water Level/snap_303.jpg,classification,projects/om_bottle/images/-ve/Water Level/snap_303.jpg,2537,1927,3ae538d5dc275fc27fea555bd0b93d27951b602c56827ec0eb179de4ea6900b4,cls:-ve/Tilt Cap#18,train,water_level,water_level,1,,,,0,none,,
cls:-ve/Water Level/snap_304.jpg,classification,projects/om_bottle/images/-ve/Water Level/snap_304.jpg,2537,1927,0fbc2fcdeef84fd21d286b0f182ce34cf4b3dba6f6a729cc7995072ba99f4d2a,cls:-ve/Tilt Cap#18,train,water_level,water_level,1,,,,0,none,,
cls:-ve/Water Level/snap_305.jpg,classification,projects/om_bottle/images/-ve/Water Level/snap_305.jpg,2537,1927,323eda50c2c4a3866f901c2d9870e093e2808afc2633d467a33a56551d54601c,cls:-ve/Tilt Cap#18,train,water_level,water_level,1,,,,0,none,,
cls:-ve/Water Level/snap_306.jpg,classification,projects/om_bottle/images/-ve/Water Level/snap_306.jpg,2537,1927,48d86b9c114ca1eb30690b4060a4c38600efffe60662d32a7facc5d56fa33dae,cls:-ve/Tilt Cap#18,train,water_level,water_level,1,,,,0,none,,
cls:-ve/Water Level/snap_307.jpg,classification,projects/om_bottle/images/-ve/Water Level/snap_307.jpg,2537,1927,eab557b8b068a68bea7b4623949c3b9d3790f05453179532b4e05b6b952f9a1b,cls:-ve/Tilt Cap#18,train,water_level,water_level,1,,,,0,none,,
cls:-ve/Water Level/snap_308.jpg,classification,projects/om_bottle/images/-ve/Water Level/snap_308.jpg,2537,1927,3bc8224a56816ee6292e90e79f7784579f5a3027817a0ae10214d205448aaf67,cls:-ve/Tilt Cap#18,train,water_level,water_level,1,,,,0,none,,
cls:-ve/Water Level/snap_309.jpg,classification,projects/om_bottle/images/-ve/Water Level/snap_309.jpg,2537,1927,8e269081e4486efbf05c09b4fe0f783c36ea46e38c680c8f15eb13607f37fd7c,cls:-ve/Tilt Cap#18,train,water_level,water_level,1,,,,0,none,,
cls:-ve/Water Level/snap_310.jpg,classification,projects/om_bottle/images/-ve/Water Level/snap_310.jpg,2537,1927,83bf4880b719babb13740b3674b4adf156496ba4d7853c28b104c4b597421907,cls:-ve/Tilt Cap#18,train,water_level,water_level,1,,,,0,none,,
cls:-ve/Water Level/snap_311.jpg,classification,projects/om_bottle/images/-ve/Water Level/snap_311.jpg,2537,1927,1fedaea9fbe6847bb6e872776a3ebb58059dba4b4b97d9bdf51a91512a54f20a,cls:-ve/Tilt Cap#18,train,water_level,water_level,1,,,,0,none,,
cls:-ve/Water Level/snap_312.jpg,classification,projects/om_bottle/images/-ve/Water Level/snap_312.jpg,2537,1927,44bfa374da44877d989ad20f4ebd93d8fc06fd0ccda25f09ac6fa918b5f19bfc,cls:-ve/Tilt Cap#18,train,water_level,water_level,1,,,,0,none,,
cls:-ve/Water Level/snap_313.jpg,classification,projects/om_bottle/images/-ve/Water Level/snap_313.jpg,2537,1927,727daf35413aeefafccf2ba3700d9289f4d126be2b75b65d2fa532ecbc178f66,cls:-ve/Tilt Cap#18,train,water_level,water_level,1,,,,0,none,,
cls:-ve/Water Level/snap_314.jpg,classification,projects/om_bottle/images/-ve/Water Level/snap_314.jpg,2537,1927,abd7a27dedbe87779b7b8378735ab3ee34076930cb9824d092768c7869f1da95,cls:-ve/Tilt Cap#18,train,water_level,water_level,1,,,,0,none,,
cls:-ve/Water Level/snap_315.jpg,classification,projects/om_bottle/images/-ve/Water Level/snap_315.jpg,2537,1927,d4d2d057104e7327afd36810af79019244e7fbea507a37871bfde24f2a47d1f7,cls:-ve/Tilt Cap#18,train,water_level,water_level,1,,,,0,none,,
cls:-ve/Water Level/snap_316.jpg,classification,projects/om_bottle/images/-ve/Water Level/snap_316.jpg,2537,1927,f1524fa7286aec276bd2735daa15329347f83f2353f926f51a415d354c0eb07b,cls:-ve/Tilt Cap#18,train,water_level,water_level,1,,,,0,none,,
cls:-ve/Water Level/snap_317.jpg,classification,projects/om_bottle/images/-ve/Water Level/snap_317.jpg,2537,1927,fb54795d83e6d2e8123e2a5871aa8c3fe49c0f33d4c3c90fbf834569b0e2afd6,cls:-ve/Tilt Cap#18,train,water_level,water_level,1,,,,0,none,,
cls:-ve/Water Level/snap_318.jpg,classification,projects/om_bottle/images/-ve/Water Level/snap_318.jpg,2537,1927,514b484a4901413c8f818879cdf3d2e3c0fdf5775d4b60e6f93925efe4dffec0,cls:-ve/Tilt Cap#18,train,water_level,water_level,1,,,,0,none,,
cls:-ve/Water Level/snap_319.jpg,classification,projects/om_bottle/images/-ve/Water Level/snap_319.jpg,2537,1927,c935095306d58949d3a9fd2493745a939c0c4eedc90bd19271944e6b16c232bd,cls:-ve/Tilt Cap#18,train,water_level,water_level,1,,,,0,none,,
cls:-ve/Water Level/snap_320.jpg,classification,projects/om_bottle/images/-ve/Water Level/snap_320.jpg,2537,1927,c740392154d2a9052cc1c7c7ddff14e04a67058912bf4f25b99b46f39dffd061,cls:-ve/Tilt Cap#18,train,water_level,water_level,1,,,,0,none,,
cls:-ve/Water Level/snap_321.jpg,classification,projects/om_bottle/images/-ve/Water Level/snap_321.jpg,2537,1927,dfbb7dbe923097ebbd78194a6b95f616e3cd423ae30b76d218427689cc705d5d,cls:-ve/Water Level#2,val,water_level,water_level,1,,,,0,none,,
cls:-ve/Water Level/snap_322.jpg,classification,projects/om_bottle/images/-ve/Water Level/snap_322.jpg,2537,1927,a9afd05931bf090ec000eadc3722784626e035cde4cbb2b7bb6fcb6fad4ca836,cls:-ve/Water Level#2,val,water_level,water_level,1,,,,0,none,,
cls:-ve/Water Level/snap_323.jpg,classification,projects/om_bottle/images/-ve/Water Level/snap_323.jpg,2537,1927,c28a9f16c9458f31494f76105f99db8b3768acf9dd02beb96beb78ccedd3ebf0,cls:-ve/Water Level#2,val,water_level,water_level,1,,,,0,none,,
cls:-ve/Water Level/snap_324.jpg,classification,projects/om_bottle/images/-ve/Water Level/snap_324.jpg,2537,1927,8c42d94225cc515e15096f001b34f72ce64aafa7d7ebb608b8ad2df9bac3eefe,cls:-ve/Water Level#2,val,water_level,water_level,1,,,,0,none,,
cls:-ve/Water Level/snap_325.jpg,classification,projects/om_bottle/images/-ve/Water Level/snap_325.jpg,2537,1927,dd23b5b74fc1c7ead704c85d96155f09581b2e4cdd140303c4c30493086af3e0,cls:-ve/Water Level#2,val,water_level,water_level,1,,,,0,none,,
cls:-ve/Water Level/snap_326.jpg,classification,projects/om_bottle/images/-ve/Water Level/snap_326.jpg,2537,1927,7e611f247ace5090c3918bfc331ca2ce087feffeb2a24f3a208803cbf2743686,cls:-ve/Water Level#2,val,water_level,water_level,1,,,,0,none,,
cls:-ve/Water Level/snap_327.jpg,classification,projects/om_bottle/images/-ve/Water Level/snap_327.jpg,2537,1927,6cc1aaf80d103855fcb3042a578450f807058534df7284403a38b6e72d92a197,cls:-ve/Water Level#2,val,water_level,water_level,1,,,,0,none,,
cls:-ve/Water Level/snap_328.jpg,classification,projects/om_bottle/images/-ve/Water Level/snap_328.jpg,2537,1927,d3893ba87022e5b6126508751412b73748763d6dd0bcabb019e2aa60276b61bd,cls:-ve/Water Level#3,test,water_level,water_level,1,,,,0,none,,
cls:-ve/Water Level/snap_329.jpg,classification,projects/om_bottle/images/-ve/Water Level/snap_329.jpg,2537,1927,0d158a975b1668623bde3b03ca261aa3095b6ef526afd8fe04507a78d53c2cff,cls:-ve/Water Level#3,test,water_level,water_level,1,,,,0,none,,
cls:-ve/Water Level/snap_330.jpg,classification,projects/om_bottle/images/-ve/Water Level/snap_330.jpg,2537,1927,fa675a37740d72756ec8f85907e9b677cedac7d72813dc92ef6d0a681b0ebc61,cls:-ve/Water Level#3,test,water_level,water_level,1,,,,0,none,,
cls:-ve/Water Level/snap_331.jpg,classification,projects/om_bottle/images/-ve/Water Level/snap_331.jpg,2537,1927,e4c902f2ad7f570ab97e024e8f97b1cbaa4b28e242ef014b40d3e2c5d448d454,cls:-ve/Water Level#3,test,water_level,water_level,1,,,,0,none,,
cls:-ve/Water Level/snap_332.jpg,classification,projects/om_bottle/images/-ve/Water Level/snap_332.jpg,2537,1927,a3c93b16a21f2e1654d30e2a7010585f1ed9ef71102b6b0d774d5bb5117804d4,cls:-ve/Water Level#3,test,water_level,water_level,1,,,,0,none,,
cls:-ve/Water Level/snap_333.jpg,classification,projects/om_bottle/images/-ve/Water Level/snap_333.jpg,2537,1927,2955abc54f58387f5394add9720d1100c57d512e0edd57614a04ca93f0001c89,cls:-ve/Water Level#3,test,water_level,water_level,1,,,,0,none,,
cls:-ve/Water Level/snap_334.jpg,classification,projects/om_bottle/images/-ve/Water Level/snap_334.jpg,2537,1927,44bff9357f242babddf006654d3c6cfe3a366ca25a1869db2f6b88937ae3a692,cls:-ve/Water Level#3,test,water_level,water_level,1,,,,0,none,,
cls:-ve/Water Level/snap_335.jpg,classification,projects/om_bottle/images/-ve/Water Level/snap_335.jpg,2537,1927,e630e50140914ba2938d383b40c3f0f674df3025aaae40ec61bdc43af0c84bea,cls:-ve/Water Level#4,train,water_level,water_level,1,,,,0,none,,
cls:-ve/Water Level/snap_336.jpg,classification,projects/om_bottle/images/-ve/Water Level/snap_336.jpg,2537,1927,2ad4ce19a62f13ebab9ab064469a0ab3ec70d8fbdd0c06ffbf4a195866a98211,cls:-ve/Water Level#4,train,water_level,water_level,1,,,,0,none,,
cls:-ve/Water Level/snap_337.jpg,classification,projects/om_bottle/images/-ve/Water Level/snap_337.jpg,2537,1927,fadb7aaf9ec7d9399b135618d34adb7fe8cd4498bd8cc5be29b6650679b3c30c,cls:-ve/Water Level#4,train,water_level,water_level,1,,,,0,none,,
cls:-ve/Water Level/snap_338.jpg,classification,projects/om_bottle/images/-ve/Water Level/snap_338.jpg,2537,1927,31c854aa89780f10d15a3dce37fe9a8e7e642fd183b3c97f885d87e0679f34ec,cls:-ve/Water Level#4,train,water_level,water_level,1,,,,0,none,,
cls:-ve/Water Level/snap_339.jpg,classification,projects/om_bottle/images/-ve/Water Level/snap_339.jpg,2537,1927,9481efa171b22bde728394117b5ec0f67e0ffda6cb28d95b2b1de553c461225d,cls:-ve/Water Level#4,train,water_level,water_level,1,,,,0,none,,
cls:-ve/Water Level/snap_340.jpg,classification,projects/om_bottle/images/-ve/Water Level/snap_340.jpg,2537,1927,cadf54442435ea1338c81e6a237a2a7e88915b2d6cd037863c7f59e66c76a0ca,cls:-ve/Water Level#4,train,water_level,water_level,1,,,,0,none,,
cls:-ve/Water Level/snap_341.jpg,classification,projects/om_bottle/images/-ve/Water Level/snap_341.jpg,2537,1927,a46346e3e89163ba357e17a4cc0dec86e6c08b6df173803498526018167d6502,cls:-ve/Water Level#4,train,water_level,water_level,1,,,,0,none,,
cls:-ve/Water Level/snap_342.jpg,classification,projects/om_bottle/images/-ve/Water Level/snap_342.jpg,2537,1927,a12fc14d8d151c54a9f8b8911d2b960fce5ab0aa7bd3c79912b20a9857e2d61e,cls:-ve/Water Level#4,train,water_level,water_level,1,,,,0,none,,
cls:-ve/Water Level/snap_343.jpg,classification,projects/om_bottle/images/-ve/Water Level/snap_343.jpg,2537,1927,376fa8b403b25cc5fd36d2d502e3bca921e4b9ee7d3fb6a4dcb976a210b86426,cls:-ve/Water Level#4,train,water_level,water_level,1,,,,0,none,,
cls:-ve/Water Level/snap_344.jpg,classification,projects/om_bottle/images/-ve/Water Level/snap_344.jpg,2537,1927,2c5f181c2456df2306eee72a1e20cf2e2c31f4d4ebbad85ee871ade2f2efd34a,cls:-ve/Water Level#4,train,water_level,water_level,1,,,,0,none,,
cls:-ve/Water Level/snap_345.jpg,classification,projects/om_bottle/images/-ve/Water Level/snap_345.jpg,2537,1927,233edf7565ea67960a39f43888b69a61d9ce219add2daceddc77f7dd55cba561,cls:-ve/Water Level#5,train,water_level,water_level,1,,,,0,none,,
cls:-ve/Water Level/snap_346.jpg,classification,projects/om_bottle/images/-ve/Water Level/snap_346.jpg,2537,1927,8a33d20b565981737f3be43e8f26946e4118cc6d95ec2a2f26d9ca3001b7eb8c,cls:-ve/Water Level#5,train,water_level,water_level,1,,,,0,none,,
cls:-ve/Water Level/snap_347.jpg,classification,projects/om_bottle/images/-ve/Water Level/snap_347.jpg,2537,1927,1cc46e368fc80f3a7c835ec1570a7c480257d03db531e9ccee63a15c0af5abd5,cls:-ve/Water Level#5,train,water_level,water_level,1,,,,0,none,,
cls:-ve/Water Level/snap_348.jpg,classification,projects/om_bottle/images/-ve/Water Level/snap_348.jpg,2537,1927,5de9230ea2c47cfe27852f72554d7cb6aa968d075c28dd0fc3372674d9924226,cls:-ve/Water Level#5,train,water_level,water_level,1,,,,0,none,,
cls:-ve/Water Level/snap_349.jpg,classification,projects/om_bottle/images/-ve/Water Level/snap_349.jpg,2537,1927,28cba21b9b5792c20bfef6326d2badebacbb712055fefb9690cc60da1c53d4cf,cls:-ve/Water Level#5,train,water_level,water_level,1,,,,0,none,,
cls:-ve/Water Level/snap_350.jpg,classification,projects/om_bottle/images/-ve/Water Level/snap_350.jpg,2537,1927,f3e7de65f6f5fe0870e49d58faabe8f3db6528a02b9f364c21e8b173f0da24de,cls:-ve/Water Level#5,train,water_level,water_level,1,,,,0,none,,
cls:-ve/Water Level/snap_351.jpg,classification,projects/om_bottle/images/-ve/Water Level/snap_351.jpg,2537,1927,3a464e40ae380c724621ace268bfd8925491e29d5c05e4e86179527889da1e88,cls:-ve/Water Level#5,train,water_level,water_level,1,,,,0,none,,
cls:-ve/Water Level/snap_352.jpg,classification,projects/om_bottle/images/-ve/Water Level/snap_352.jpg,2537,1927,e13373ed55bce9297b5cf08cffdfbca922a891ef51d1e2849e2bbbea7adf2a74,cls:-ve/Water Level#5,train,water_level,water_level,1,,,,0,none,,
cls:-ve/Water Level/snap_353.jpg,classification,projects/om_bottle/images/-ve/Water Level/snap_353.jpg,2537,1927,b099811b2092eba641f9f81fecf8a2d2fdb065e83997b7132153b6bc1b98d54e,cls:-ve/Water Level#6,val,water_level,water_level,1,,,,0,none,,
cls:-ve/Water Level/snap_354.jpg,classification,projects/om_bottle/images/-ve/Water Level/snap_354.jpg,2537,1927,478c717801f853b31d540b5f8b49d07945ba54b26d1d6c95008f83143fd684d1,cls:-ve/Water Level#6,val,water_level,water_level,1,,,,0,none,,
cls:-ve/Water Level/snap_355.jpg,classification,projects/om_bottle/images/-ve/Water Level/snap_355.jpg,2537,1927,ca200b1c8d5b14ef8ac39e3f56fbe7afd9324dd2274dedb6e2a0801f83b7b1cf,cls:-ve/Water Level#6,val,water_level,water_level,1,,,,0,none,,
cls:-ve/Water Level/snap_356.jpg,classification,projects/om_bottle/images/-ve/Water Level/snap_356.jpg,2537,1927,2edc088cc4427b0bde855301261fc547e4a5da2d6bd166ae559fefc2f1b7448f,cls:-ve/Water Level#6,val,water_level,water_level,1,,,,0,none,,
cls:-ve/Water Level/snap_357.jpg,classification,projects/om_bottle/images/-ve/Water Level/snap_357.jpg,2537,1927,f9a562d961691bdf36d48bf6d729dad6b7e829705897f683e1c791ae4ea70abf,cls:-ve/Water Level#6,val,water_level,water_level,1,,,,0,none,,
cls:-ve/Water Level/snap_358.jpg,classification,projects/om_bottle/images/-ve/Water Level/snap_358.jpg,2537,1927,175f2936eba3e777519f4482509f556df090317af7de25cb9d597e605e23c80a,cls:-ve/Water Level#6,val,water_level,water_level,1,,,,0,none,,
cls:-ve/Water Level/snap_359.jpg,classification,projects/om_bottle/images/-ve/Water Level/snap_359.jpg,2537,1927,1b6480404c8ba76a12aa7d08fa1d0f1583a605c102b7d2f7600f37a3422e0839,cls:-ve/Water Level#6,val,water_level,water_level,1,,,,0,none,,
cls:-ve/Water Level/snap_360.jpg,classification,projects/om_bottle/images/-ve/Water Level/snap_360.jpg,2537,1927,d40df00ddd02a03d64cbbe658007831c3f480faefe05f9d4e29a8fac10b210e0,cls:-ve/Water Level#6,val,water_level,water_level,1,,,,0,none,,
cls:-ve/Water Level/snap_361.jpg,classification,projects/om_bottle/images/-ve/Water Level/snap_361.jpg,2537,1927,52b627e583d3b76f84b1445d7ab5383ad15c721d541f275a4489bb1dad4fba19,cls:-ve/Water Level#6,val,water_level,water_level,1,,,,0,none,,
cls:-ve/Water Level/snap_362.jpg,classification,projects/om_bottle/images/-ve/Water Level/snap_362.jpg,2537,1927,92c7ae2655fd38706b49ace88508ef9a9ae3f8905f87c3cde8bd049d8b967f22,cls:-ve/Water Level#6,val,water_level,water_level,1,,,,0,none,,
cls:-ve/Water Level/snap_363.jpg,classification,projects/om_bottle/images/-ve/Water Level/snap_363.jpg,2537,1927,f59cbdbd89ce54f1e0f9312b355682c3dff59374b02095a86c791f1a77058723,cls:-ve/Water Level#7,train,water_level,water_level,1,,,,0,none,,
cls:-ve/Water Level/snap_364.jpg,classification,projects/om_bottle/images/-ve/Water Level/snap_364.jpg,2537,1927,ce7f2accf4b64eec5f6d54ade713640817aaaa3bd46adb371040106177036c1a,cls:-ve/Water Level#7,train,water_level,water_level,1,,,,0,none,,
cls:-ve/Water Level/snap_365.jpg,classification,projects/om_bottle/images/-ve/Water Level/snap_365.jpg,2537,1927,587f05f7a4d1c85c3ca94f2ee2499567046d15a9eb1d2459e5a3a4aae621c47a,cls:-ve/Water Level#7,train,water_level,water_level,1,,,,0,none,,
cls:-ve/Water Level/snap_366.jpg,classification,projects/om_bottle/images/-ve/Water Level/snap_366.jpg,2537,1927,8437cce1d16d69604ce842370d46010e3e09d4391eb90c6cc9d7b340f2726444,cls:-ve/Water Level#7,train,water_level,water_level,1,,,,0,none,,
cls:-ve/Water Level/snap_367.jpg,classification,projects/om_bottle/images/-ve/Water Level/snap_367.jpg,2537,1927,d42cb1c2c43f3cf4757fcb2cdccec72566b7d8ed02f82d2df5738ac9be9acae0,cls:-ve/Water Level#8,train,water_level,water_level,1,,,,0,none,,
cls:-ve/Water Level/snap_368.jpg,classification,projects/om_bottle/images/-ve/Water Level/snap_368.jpg,2537,1927,9059dfa6110b062eae6de189cd5159ee5106f3162f155640be18fa72c15d3296,cls:-ve/Water Level#8,train,water_level,water_level,1,,,,0,none,,
cls:-ve/Water Level/snap_369.jpg,classification,projects/om_bottle/images/-ve/Water Level/snap_369.jpg,2537,1927,0e5a07fdda2b1fce37ea10bcc246a3dddd4c5d9c510424b6a334e886db9e61e0,cls:-ve/Water Level#8,train,water_level,water_level,1,,,,0,none,,
cls:-ve/Water Level/snap_370.jpg,classification,projects/om_bottle/images/-ve/Water Level/snap_370.jpg,2537,1927,71c215227829491eb7d1622525cb30494f3a6cab6bc461b7eaa20b6e2e6601a5,cls:-ve/Water Level#8,train,water_level,water_level,1,,,,0,none,,
cls:-ve/Water Level/snap_371.jpg,classification,projects/om_bottle/images/-ve/Water Level/snap_371.jpg,2537,1927,d87959c99f84e4b0fc830a4890b346081d4356ec235f8c3fd833bdac65465472,cls:-ve/Water Level#8,train,water_level,water_level,1,,,,0,none,,
cls:-ve/Water Level/snap_372.jpg,classification,projects/om_bottle/images/-ve/Water Level/snap_372.jpg,2537,1927,d8801fc3e8406c8dbb5429af1bd063384706d64d44d3f5304e5f78db7aaee2c6,cls:-ve/Water Level#8,train,water_level,water_level,1,,,,0,none,,
cls:-ve/Water Level/snap_373.jpg,classification,projects/om_bottle/images/-ve/Water Level/snap_373.jpg,2537,1927,422989da91ede54ce188bc3e4262457425f9038c9c0b46359d7fd2c6dfe9f5ef,cls:-ve/Water Level#8,train,water_level,water_level,1,,,,0,none,,
cls:-ve/Water Level/snap_374.jpg,classification,projects/om_bottle/images/-ve/Water Level/snap_374.jpg,2537,1927,e1572710ff9868973f2cfc6d974c1e6bbbbc5949af963f267d2c8242df96752c,cls:-ve/Water Level#9,test,water_level,water_level,1,,,,0,none,,
cls:-ve/Water Level/snap_375.jpg,classification,projects/om_bottle/images/-ve/Water Level/snap_375.jpg,2537,1927,9d681877b38591579c24c7dccf6dc91c43b0afdf2cb99945ccc19cf7fd17cafd,cls:-ve/Water Level#9,test,water_level,water_level,1,,,,0,none,,
cls:-ve/Water Level/snap_376.jpg,classification,projects/om_bottle/images/-ve/Water Level/snap_376.jpg,2537,1927,4cb6adf0c932125ff7095fd90b4d45023dbdbc787da30cb959e28d29ffc7dc43,cls:-ve/Water Level#9,test,water_level,water_level,1,,,,0,none,,
cls:-ve/Water Level/snap_377.jpg,classification,projects/om_bottle/images/-ve/Water Level/snap_377.jpg,2537,1927,d0186fdeb4bee3600c86f3503d3158e95920b56b51cc30df330bf1a46ff6f380,cls:-ve/Water Level#9,test,water_level,water_level,1,,,,0,none,,
cls:-ve/Water Level/snap_378.jpg,classification,projects/om_bottle/images/-ve/Water Level/snap_378.jpg,2537,1927,6441d7c1d63915735a3c191f1cf7d0d5dbb2ab60d42d9d1bfe34251b6fd559f7,cls:-ve/Water Level#9,test,water_level,water_level,1,,,,0,none,,
cls:-ve/Water Level/snap_379.jpg,classification,projects/om_bottle/images/-ve/Water Level/snap_379.jpg,2537,1927,3773f62fe15b266e7ccfe18958b7c306d2eb7ac7491726ce6b7d928f740b0d91,cls:-ve/Water Level#9,test,water_level,water_level,1,,,,0,none,,
cls:-ve/Water Level/snap_380.jpg,classification,projects/om_bottle/images/-ve/Water Level/snap_380.jpg,2537,1927,a0def419d89d4d660f348b5527b592daf5338a54b9a80714febc2e733b3c941f,cls:-ve/Water Level#9,test,water_level,water_level,1,,,,0,none,,
cls:-ve/Water Level/snap_381.jpg,classification,projects/om_bottle/images/-ve/Water Level/snap_381.jpg,2537,1927,cc2c2879e267f97bd05c05c032687447b3cd382d5792881fadf556aeb1c0264c,cls:-ve/Water Level#9,test,water_level,water_level,1,,,,0,none,,
cls:-ve/Water Level/snap_382.jpg,classification,projects/om_bottle/images/-ve/Water Level/snap_382.jpg,2537,1927,a4e3acdbee71dccc886e117b57187c00d3768d2692153a11d59abf0be69eb949,cls:-ve/Water Level#9,test,water_level,water_level,1,,,,0,none,,
cls:-ve/Water Level/snap_383.jpg,classification,projects/om_bottle/images/-ve/Water Level/snap_383.jpg,2537,1927,835cc3e46791ee2b6e4b1caf902324e2fd19b788b791920c8981a3b78709ba0c,cls:-ve/Water Level#9,test,water_level,water_level,1,,,,0,none,,
cls:-ve/Water Level/snap_384.jpg,classification,projects/om_bottle/images/-ve/Water Level/snap_384.jpg,2537,1927,06b5bda08c79c99b2013d2e0afdfaf50aacec37cafadae15eb4b5a5ae6af3727,cls:-ve/Water Level#9,test,water_level,water_level,1,,,,0,none,,
cls:-ve/Water Level/snap_385.jpg,classification,projects/om_bottle/images/-ve/Water Level/snap_385.jpg,2537,1927,7950e9f791065888eaf2b11875d44368650d280c26234d85ea9f864be7680d11,cls:-ve/Water Level#9,test,water_level,water_level,1,,,,0,none,,
cls:-ve/Water Level/snap_386.jpg,classification,projects/om_bottle/images/-ve/Water Level/snap_386.jpg,2537,1927,3e092df207da2ed4679b8c6fc26fc29cebf6d3373361d513111ebf265b5b43ed,cls:-ve/Water Level#10,test,water_level,water_level,1,,,,0,none,,
cls:-ve/Water Level/snap_387.jpg,classification,projects/om_bottle/images/-ve/Water Level/snap_387.jpg,2537,1927,49c0a665151e914835966b473be5f7eb4086c7a3159e22bc4785c80fa87d0407,cls:-ve/Water Level#10,test,water_level,water_level,1,,,,0,none,,
cls:-ve/Water Level/snap_388.jpg,classification,projects/om_bottle/images/-ve/Water Level/snap_388.jpg,2537,1927,3c193654da5ccda28b3edaac3e74c79a68dd4264b22ef5eff49dfd2f27935de4,cls:-ve/Water Level#10,test,water_level,water_level,1,,,,0,none,,
cls:-ve/Water Level/snap_389.jpg,classification,projects/om_bottle/images/-ve/Water Level/snap_389.jpg,2537,1927,c023deca940873d27d113175b79c0d0abcc96049b14df00651ca5e645dd379d9,cls:-ve/Water Level#10,test,water_level,water_level,1,,,,0,none,,
cls:-ve/Water Level/snap_390.jpg,classification,projects/om_bottle/images/-ve/Water Level/snap_390.jpg,2537,1927,9dadb4647089c1593ca0c533c372d2d7a1b939199465a731c82fc3e845806e5c,cls:-ve/Water Level#11,train,water_level,water_level,1,,,,0,none,,
cls:-ve/Water Level/snap_391.jpg,classification,projects/om_bottle/images/-ve/Water Level/snap_391.jpg,2537,1927,0ba7fc8231d69d067634ce4bb5590b160d6f7268c3c7b95917bfac61537114f8,cls:-ve/Water Level#11,train,water_level,water_level,1,,,,0,none,,
cls:-ve/Water Level/snap_392.jpg,classification,projects/om_bottle/images/-ve/Water Level/snap_392.jpg,2537,1927,92694d0a60ab2f328a34e380c727d242a287c3b219154c98e136f627c78a08d2,cls:-ve/Water Level#11,train,water_level,water_level,1,,,,0,none,,
cls:-ve/Water Level/snap_393.jpg,classification,projects/om_bottle/images/-ve/Water Level/snap_393.jpg,2537,1927,89e5935063b2a61828ab3602e5a25fe7a5cc27d938fe729b56dafe07cacee9aa,cls:-ve/Water Level#11,train,water_level,water_level,1,,,,0,none,,
cls:-ve/Water Level/snap_394.jpg,classification,projects/om_bottle/images/-ve/Water Level/snap_394.jpg,2537,1927,dbdb043935c574dc09e8e3b50a2cd6b9d952e975228916f973fef20dc975c7db,cls:-ve/Water Level#11,train,water_level,water_level,1,,,,0,none,,
cls:-ve/Water Level/snap_395.jpg,classification,projects/om_bottle/images/-ve/Water Level/snap_395.jpg,2537,1927,f977e16021d2b685355e2f99a0d92fd955357d75db66f505960c1db7a0fe72fa,cls:-ve/Water Level#11,train,water_level,water_level,1,,,,0,none,,
cls:-ve/Water Level/snap_396.jpg,classification,projects/om_bottle/images/-ve/Water Level/snap_396.jpg,2537,1927,080edf9db3b0a040e43f54cc7397417cb8be3c8ea314c1ef824e22852c107352,cls:-ve/Water Level#12,val,water_level,water_level,1,,,,0,none,,
cls:-ve/Water Level/snap_397.jpg,classification,projects/om_bottle/images/-ve/Water Level/snap_397.jpg,2537,1927,d2d7f1dcd65cd6f45d99387c131efb07f01028197d6a23139aeab2883637a511,cls:-ve/Water Level#12,val,water_level,water_level,1,,,,0,none,,
cls:-ve/Water Level/snap_398.jpg,classification,projects/om_bottle/images/-ve/Water Level/snap_398.jpg,2537,1927,356ba15c7f862f0d408537a21d52d120cf47b7ae3e14cddd80bce2e17003b550,cls:-ve/Water Level#12,val,water_level,water_level,1,,,,0,none,,
cls:-ve/Water Level/snap_399.jpg,classification,projects/om_bottle/images/-ve/Water Level/snap_399.jpg,2537,1927,743c6f81af4cacc61d62c4f17dc379c9f1aef5bed70ae1f832936f9cacdb1545,cls:-ve/Water Level#12,val,water_level,water_level,1,,,,0,none,,
cls:-ve/Water Level/snap_400.jpg,classification,projects/om_bottle/images/-ve/Water Level/snap_400.jpg,2537,1927,81cbab2ca933f20c097deca5b8179f8cad4b6c9e80df99d05d98b1c945ef0f62,cls:-ve/Water Level#12,val,water_level,water_level,1,,,,0,none,,
cls:-ve/Water Level/snap_401.jpg,classification,projects/om_bottle/images/-ve/Water Level/snap_401.jpg,2537,1927,9e993fe70219fc536fc0d1f7f8349d960d1ed87c7e423607257a81e3d214c341,cls:-ve/Water Level#12,val,water_level,water_level,1,,,,0,none,,
det:img_001.png,detection,stage2_dataset/clean/img_001.png,1780,1000,2cb9f06f478dc8d8532fa3be5615652969135836312ad8c2c443fbbfb4ae17b9,det:1,train,,,,1,3,bottle:1|cap:1|label:1,0,none,,heuristic flags (not labels): likely_good
det:img_002.png,detection,stage2_dataset/clean/img_002.png,1780,1000,234b8cf53880968ec079fc27fa116de676c2eb17eb19a2f24cbc61abd027363a,det:2,test,,,,1,3,bottle:1|cap:1|label:1,0,none,,heuristic flags (not labels): likely_good
det:img_003.png,detection,stage2_dataset/clean/img_003.png,1780,1000,15653885cbe405d03fcdcf007fc98779b6f4a1c6d208e788663241299ac5e05d,det:7,train,,,,1,3,bottle:1|cap:1|label:1,0,none,,heuristic flags (not labels): likely_good
det:img_004.png,detection,stage2_dataset/clean/img_004.png,1780,1000,23530a5ede8d692de986c5973de7d7ac3c0ac9a055ec64c082f3fcd9cd2dd8ff,det:7,train,,,,1,3,bottle:1|cap:1|label:1,0,none,,heuristic flags (not labels): likely_good
det:img_005.png,detection,stage2_dataset/clean/img_005.png,1780,1000,17284628e0e37abafeb74999a905b190e2082e53a172c01a39e7345ce9e76b42,det:7,train,,,,1,3,bottle:1|cap:1|label:1,0,none,,heuristic flags (not labels): likely_good
det:img_006.png,detection,stage2_dataset/clean/img_006.png,1780,1000,142f9e581a8e690584636bbca47921f1644549538ff45d6e3a5b0683eaffa500,det:7,train,,,,1,3,bottle:1|cap:1|label:1,0,none,,heuristic flags (not labels): likely_good
det:img_007.png,detection,stage2_dataset/clean/img_007.png,1780,1000,bd0984d60bda4e540db0faebc0f764da4e98217735a2302e4bda0300a13cc2c8,det:7,train,,,,1,3,bottle:1|cap:1|label:1,0,none,,heuristic flags (not labels): likely_good
det:img_008.png,detection,stage2_dataset/clean/img_008.png,1780,1000,d7043e88d3e87a65e46846e34baffdcc0c9a46fd7e489653815cac8dad99bc5e,det:7,train,,,,1,3,bottle:1|cap:1|label:1,0,none,,heuristic flags (not labels): likely_good
det:img_009.png,detection,stage2_dataset/clean/img_009.png,1780,1000,11cc23529cbb2f773d440fd9136847577dbf0454f01dc909857c18c2b044d186,det:7,train,,,,1,3,bottle:1|cap:1|label:1,0,none,,heuristic flags (not labels): likely_good
det:img_010.png,detection,stage2_dataset/clean/img_010.png,1780,1000,c90a9a1b2dc910cf796522524f588a7f003c28f6504abca9c474201363924e40,det:7,train,,,,1,3,bottle:1|cap:1|label:1,0,none,,heuristic flags (not labels): likely_good
det:img_011.png,detection,stage2_dataset/clean/img_011.png,1780,1000,3bd83a7c2c846b818102398bb5579f779b7667d423be804a42cccdf2f47f0051,det:7,train,,,,1,3,bottle:1|cap:1|label:1,0,none,,heuristic flags (not labels): likely_good
det:img_012.png,detection,stage2_dataset/clean/img_012.png,1780,1000,2efb1418e5ac17a83a3ea24367e1a81938fa5d5bc1ad954cd63175c2fc242425,det:7,train,,,,1,3,bottle:1|cap:1|label:1,0,none,,heuristic flags (not labels): likely_good
det:img_013.png,detection,stage2_dataset/clean/img_013.png,1780,1000,d13ddd8e6d8bbbc312ef238f5ca22db1046c61ff3b875b357dd4e862555bbe85,det:2,test,,,,1,3,bottle:1|cap:1|label:1,0,none,,heuristic flags (not labels): likely_good
det:img_014.png,detection,stage2_dataset/clean/img_014.png,1780,1000,5d90ea7d459c62784f39e41f0c38fd24d0fe06dde8a8f812feeb89def1147472,det:7,train,,,,1,3,bottle:1|cap:1|label:1,0,none,,heuristic flags (not labels): likely_good
det:img_015.png,detection,stage2_dataset/clean/img_015.png,1780,1000,7a7fd8796428dad9371c26b236ac547e0ab55fa3e0dff64a9927e5a453908079,det:7,train,,,,1,3,bottle:1|cap:1|label:1,0,none,,heuristic flags (not labels): likely_good
det:img_016.png,detection,stage2_dataset/clean/img_016.png,1780,1000,bf72779b7c54564c178e55a1afa8b9f014d36504fcab673675224514dcee4d02,det:7,train,,,,1,3,bottle:1|cap:1|label:1,0,none,,heuristic flags (not labels): likely_good
det:img_017.png,detection,stage2_dataset/clean/img_017.png,1780,1000,22b83e1d312b74f9f74bb2d1eb3e25f4b5df2fa511e7a001dcc56685307eafa5,det:7,train,,,,1,3,bottle:1|cap:1|label:1,0,none,,heuristic flags (not labels): likely_good
det:img_018.png,detection,stage2_dataset/clean/img_018.png,1780,1000,c99613d4fd7dd47872887ef80c831f76caf52dd109bcc09699824ae79c36f263,det:7,train,,,,1,3,bottle:1|cap:1|label:1,0,none,,heuristic flags (not labels): likely_good
det:img_019.png,detection,stage2_dataset/clean/img_019.png,1780,1000,b6d990ca1405b68934e1e2763ee0d88812806a05b9f057f954e3e5e24f4acdbd,det:7,train,,,,1,3,bottle:1|cap:1|label:1,0,none,,heuristic flags (not labels): likely_good
det:img_020.png,detection,stage2_dataset/clean/img_020.png,1780,1000,430b250c481eac2f6a88079612a2dc64a631c366b6dfad50c87b663cd9ea01ae,det:7,train,,,,1,3,bottle:1|cap:1|label:1,0,none,,heuristic flags (not labels): likely_good
det:img_021.png,detection,stage2_dataset/clean/img_021.png,1780,1000,27f279600104b289ab2b73af817787aa9d8317d3fbed56beaf710ab021d914b0,det:7,train,,,,1,3,bottle:1|cap:1|label:1,0,none,,heuristic flags (not labels): likely_good
det:img_022.png,detection,stage2_dataset/clean/img_022.png,1780,1000,c43f6b58888f2f5fe2fd203d994c86850724d66b8340aed5f81ab2ab8c9321d8,det:7,train,,,,1,3,bottle:1|cap:1|label:1,0,none,,heuristic flags (not labels): likely_good
det:img_023.png,detection,stage2_dataset/clean/img_023.png,1780,1000,5c7e16a0ffc80fd9be10221b28f97b355a4d3bc423da2c01945708fb82868b04,det:7,train,,,,1,3,bottle:1|cap:1|label:1,0,none,,heuristic flags (not labels): likely_good
det:img_024.png,detection,stage2_dataset/clean/img_024.png,1780,1000,a60b5b92fa9d366fc1bc67c538e4abac9773f421e6cb93625f0da16ee86568a1,det:2,test,,,,1,3,bottle:1|cap:1|label:1,0,none,,heuristic flags (not labels): likely_good
det:img_025.png,detection,stage2_dataset/clean/img_025.png,1780,1000,a4bdda97e8214a33175c13c7aa23d570f61c04121ca23e5b49c542ac499096b8,det:7,train,,,,1,3,bottle:1|cap:1|label:1,0,none,,heuristic flags (not labels): likely_good
det:img_026.png,detection,stage2_dataset/clean/img_026.png,1780,1000,2e1d070547eccfbf91c130f5da5e79caf43e815fe6f3aed4056c807bafbb0b9e,det:7,train,,,,1,3,bottle:1|cap:1|label:1,0,none,,heuristic flags (not labels): likely_good
det:img_027.png,detection,stage2_dataset/clean/img_027.png,1780,1000,b7d55e6d3c79e94278ed0f5c7e974288536bc9ace3d856bbf52c00bf4bec211c,det:7,train,,,,1,3,bottle:1|cap:1|label:1,0,none,,heuristic flags (not labels): likely_good
det:img_028.png,detection,stage2_dataset/clean/img_028.png,1780,1000,033661aca8013662f50e2cd28438b3685766bac8829fd1502c82f6a0fd25d62c,det:7,train,,,,1,3,bottle:1|cap:1|label:1,0,none,,heuristic flags (not labels): likely_good
det:img_029.png,detection,stage2_dataset/clean/img_029.png,1780,1000,d020df0ef7c6c278f38166be8bc6eba7c6a773dda2bf0f8837156dab355e31de,det:7,train,,,,1,3,bottle:1|cap:1|label:1,0,none,,heuristic flags (not labels): likely_good
det:img_030.png,detection,stage2_dataset/clean/img_030.png,1780,1000,76dda50b2976e6f25ab84ead9863259c24275e846dd4b3f4614a752ee723f16d,det:7,train,,,,1,3,bottle:1|cap:1|label:1,0,none,,heuristic flags (not labels): likely_good
det:img_031.png,detection,stage2_dataset/clean/img_031.png,1780,1000,ffd9b8e4d58d4d84d74ef0159d61ff090700ad5b64323e32b90d7a35bc87f19b,det:7,train,,,,1,3,bottle:1|cap:1|label:1,0,none,,heuristic flags (not labels): likely_good
det:img_032.png,detection,stage2_dataset/clean/img_032.png,1780,1000,736026f338e1122298d8d426509237cd30798475fd35adf08b4143ae9acb9271,det:7,train,,,,1,3,bottle:1|cap:1|label:1,0,none,,heuristic flags (not labels): likely_good
det:img_033.png,detection,stage2_dataset/clean/img_033.png,1780,1000,776a847da6830a8dea6c1e8627e054c429f0eaf55870a25cafb1de7a6054dc8e,det:7,train,,,,1,3,bottle:1|cap:1|label:1,0,none,,heuristic flags (not labels): likely_good
det:img_034.png,detection,stage2_dataset/clean/img_034.png,1780,1000,f2d333ff6fa1c48cce695f1a6436992a81a10a50a8f77f754707acf7eee2fcda,det:7,train,,,,1,3,bottle:1|cap:1|label:1,0,none,,heuristic flags (not labels): likely_good
det:img_035.png,detection,stage2_dataset/clean/img_035.png,1780,1000,c4300e9efa4512c42ec1bf6bfb0bfb5eb34d0ffa5729116a97678c93fff6e05f,det:2,test,,,,1,3,bottle:1|cap:1|label:1,0,none,,heuristic flags (not labels): likely_good
det:img_036.png,detection,stage2_dataset/clean/img_036.png,1780,1000,0d8a6a5be1dd21f9e594acc12e4afc9991fc800e6edf26b5ea27e2d3e5704cca,det:7,train,,,,1,3,bottle:1|cap:1|label:1,0,none,,heuristic flags (not labels): likely_good
det:img_037.png,detection,stage2_dataset/clean/img_037.png,1780,1000,8be9d07c87a7ec74fa4971510f51a732f18e9b34d801f6fa736b957f161d660b,det:7,train,,,,1,3,bottle:1|cap:1|label:1,0,none,,heuristic flags (not labels): likely_good
det:img_038.png,detection,stage2_dataset/clean/img_038.png,1780,1000,9594f08107d00928a9be98ca52c1e5aa33f2bd1247af8ad347c8826f704d7ec2,det:7,train,,,,1,3,bottle:1|cap:1|label:1,0,none,,heuristic flags (not labels): likely_good
det:img_039.png,detection,stage2_dataset/clean/img_039.png,1780,1000,2e00e31475e5f9701927cbc8efc81bb933db295ed86f3e1b26746889e11dbdbd,det:7,train,,,,1,3,bottle:1|cap:1|label:1,0,none,,heuristic flags (not labels): likely_good
det:img_040.png,detection,stage2_dataset/clean/img_040.png,1780,1000,4d213a5ea1678817d77be8495d86a0c127e19c82d02d402e37af22d896ad72a4,det:7,train,,,,1,3,bottle:1|cap:1|label:1,0,none,,heuristic flags (not labels): likely_good
det:img_041.png,detection,stage2_dataset/clean/img_041.png,1780,1000,613aa3e5f7fe57514b4f11dbc3540360d7286e56e83e63a043cebb7f4ee74f47,det:7,train,,,,1,3,bottle:1|cap:1|label:1,0,none,,heuristic flags (not labels): likely_good
det:img_042.png,detection,stage2_dataset/clean/img_042.png,1780,1000,85624288ea4277ac3d2e997ae4a3a6f21683ff9658224e8069cb7aa1e30b1983,det:7,train,,,,1,3,bottle:1|cap:1|label:1,0,none,,heuristic flags (not labels): likely_good
det:img_043.png,detection,stage2_dataset/clean/img_043.png,1780,1000,35743d188743482f232a173d036e6215437685ff66d0d7286e594b179b2fbabd,det:7,train,,,,1,3,bottle:1|cap:1|label:1,0,none,,heuristic flags (not labels): likely_good
det:img_044.png,detection,stage2_dataset/clean/img_044.png,1780,1000,8a4bc7e5bde1ead047daca909d65d5ed3d72a181004be3c5ec38ef07e3aea8de,det:7,train,,,,1,3,bottle:1|cap:1|label:1,0,none,,heuristic flags (not labels): likely_good
det:img_045.png,detection,stage2_dataset/clean/img_045.png,1780,1000,1e8ca17e86695e47f855b601ede2b54113cb1a0f1831aaa20f98e945825da98f,det:8,val,,,,1,3,bottle:1|cap:1|label:1,0,none,,"heuristic flags (not labels): likely_tilted_cap,likely_label_defect"
det:img_046.png,detection,stage2_dataset/clean/img_046.png,1780,1000,6524f808fbae192d3619c9d334b43bf5a27d03e4385661832d27bc1d068cdec3,det:2,test,,,,1,3,bottle:1|cap:1|label:1,0,none,,heuristic flags (not labels): likely_good
det:img_047.png,detection,stage2_dataset/clean/img_047.png,1780,1000,1830a9da409bb83f0ccdca68094c2c30b1010b059b8f64cd70749e6ab06a8d25,det:8,val,,,,1,3,bottle:1|cap:1|label:1,0,none,,heuristic flags (not labels): likely_tilted_cap
det:img_048.png,detection,stage2_dataset/clean/img_048.png,1780,1000,7f581ae3ba8b07e84da1d24c70f2543677e8f7ed867f6aad96cbd23a0f620eb9,det:8,val,,,,1,3,bottle:1|cap:1|label:1,0,none,,heuristic flags (not labels): likely_tilted_cap
det:img_049.png,detection,stage2_dataset/clean/img_049.png,1780,1000,ebe35eac35e6fd2d50c047d3ca7eb6fa414bf1e8f8dab612abe76e6d8cc9c533,det:8,val,,,,1,3,bottle:1|cap:1|label:1,0,none,,heuristic flags (not labels): likely_tilted_cap
det:img_050.png,detection,stage2_dataset/clean/img_050.png,1780,1000,3c28598862901c9b5b23a2e602f99578c0aee10de63dc1bbf3fac5f7b75e2289,det:8,val,,,,1,3,bottle:1|cap:1|label:1,0,none,,heuristic flags (not labels): likely_good
det:img_051.png,detection,stage2_dataset/clean/img_051.png,1780,1000,571f9b9b419892b97ada14db50528f07ee617d25c50fe57ee635b20100784251,det:8,val,,,,1,3,bottle:1|cap:1|label:1,0,none,,heuristic flags (not labels): likely_good
det:img_052.png,detection,stage2_dataset/clean/img_052.png,1780,1000,e7ec6707596a60ddccd5f98870074a2776c1ba00617df9ff35a9bbfa24f65679,det:8,val,,,,1,3,bottle:1|cap:1|label:1,0,none,,heuristic flags (not labels): likely_good
det:img_053.png,detection,stage2_dataset/clean/img_053.png,1780,1000,5f133eb282742fbfcef591a6e27c6c8fc638b6359fa60927fd019fba2add110b,det:8,val,,,,1,3,bottle:1|cap:1|label:1,0,none,,heuristic flags (not labels): likely_good
det:img_054.png,detection,stage2_dataset/clean/img_054.png,1780,1000,7b50d7648a9ee17bd99b9da443bea4e41d19b4bb374f09fcc43dc3b972f7259d,det:8,val,,,,1,3,bottle:1|cap:1|label:1,0,none,,heuristic flags (not labels): likely_good
det:img_055.png,detection,stage2_dataset/clean/img_055.png,1780,1000,c5e3b34a88b729e71f01f688608254501cde10363a75386d9fbafb7e7b9f3edf,det:8,val,,,,1,3,bottle:1|cap:1|label:1,0,none,,heuristic flags (not labels): likely_good
det:img_056.png,detection,stage2_dataset/clean/img_056.png,1780,1000,f154eeb4f99b9d32336468ced15f598321eaeba404ed17ff82164e7b1e82b98f,det:8,val,,,,1,3,bottle:1|cap:1|label:1,0,none,,heuristic flags (not labels): likely_good
det:img_057.png,detection,stage2_dataset/clean/img_057.png,1780,1000,2eeab45f7f36a4496e29fc13568c0dd826c21c2c688b070a1ace33792733c9a6,det:2,test,,,,1,3,bottle:1|cap:1|label:1,0,none,,heuristic flags (not labels): likely_good
det:img_058.png,detection,stage2_dataset/clean/img_058.png,1780,1000,8d61919c4c10d67027e47acb32fc2f29ccd8bec1e5e47d0eb98f72a632ed741f,det:8,val,,,,1,3,bottle:1|cap:1|label:1,0,none,,heuristic flags (not labels): likely_good
det:img_059.png,detection,stage2_dataset/clean/img_059.png,1780,1000,9fb2983d638907f7357ca5c29648d15dbad1eab74e7bda0a589541532687d07f,det:8,val,,,,1,3,bottle:1|cap:1|label:1,0,none,,heuristic flags (not labels): likely_good
det:img_060.png,detection,stage2_dataset/clean/img_060.png,1780,1000,e3dbeb2b07262b0d9d2581dff4c6815cc2aad67e420b36341798cdb83018ce9f,det:8,val,,,,1,3,bottle:1|cap:1|label:1,0,none,,heuristic flags (not labels): likely_good
det:img_061.png,detection,stage2_dataset/clean/img_061.png,1780,1000,35ee3823a9c9097472a9424555c19928181663eed557052a635b62d866db03dc,det:8,val,,,,1,3,bottle:1|cap:1|label:1,0,none,,heuristic flags (not labels): likely_good
det:img_062.png,detection,stage2_dataset/clean/img_062.png,1780,1000,732e62af1b4ddc41fe85bdc53cd4db05c2dbf64a0a9191a5b302b7e90e51b563,det:8,val,,,,1,3,bottle:1|cap:1|label:1,0,none,,heuristic flags (not labels): likely_good
det:img_063.png,detection,stage2_dataset/clean/img_063.png,1780,1000,bd5f8cf07d6e163d6aa1bed78a42b2a2637cf65dfd5a6b8a87bba1c08299e44f,det:8,val,,,,1,3,bottle:1|cap:1|label:1,0,none,,heuristic flags (not labels): likely_good
det:img_064.png,detection,stage2_dataset/clean/img_064.png,1780,1000,de3ab9aa2255b94c3c3800a990e88b52a6ef9b33ffe881899a6438e360dc28fa,det:8,val,,,,1,3,bottle:1|cap:1|label:1,0,none,,heuristic flags (not labels): likely_good
det:img_065.png,detection,stage2_dataset/clean/img_065.png,1780,1000,90ca40e3de02347fec7379dde230b6a32505435d53016ca9dfb70111025ba608,det:8,val,,,,1,3,bottle:1|cap:1|label:1,0,none,,heuristic flags (not labels): likely_good
det:img_066.png,detection,stage2_dataset/clean/img_066.png,1780,1000,515f89f51198821693c3bd0b41b8078a87af9b3ac81ec35bdb41c788342a211e,det:8,val,,,,1,3,bottle:1|cap:1|label:1,0,none,,heuristic flags (not labels): likely_tilted_cap
det:img_067.png,detection,stage2_dataset/clean/img_067.png,1780,1000,f378a39b6ccbf29490c70d5b81a8470734770d4e691e663b1f58be4002549991,det:8,val,,,,1,3,bottle:1|cap:1|label:1,0,none,,heuristic flags (not labels): likely_tilted_cap
det:img_068.png,detection,stage2_dataset/clean/img_068.png,1780,1000,5b3ee2f62ba293332959c8a04f837be9e9d5c28608981b8af89f712d499b1ece,det:3,train,,,,1,3,bottle:1|cap:1|label:1,0,none,,heuristic flags (not labels): likely_good
det:img_069.png,detection,stage2_dataset/clean/img_069.png,1780,1000,b53d5286a1ec7add67d02325ae741c743419410bee8d37c763589e725a91cfda,det:8,val,,,,1,3,bottle:1|cap:1|label:1,0,none,,heuristic flags (not labels): likely_tilted_cap
det:img_070.png,detection,stage2_dataset/clean/img_070.png,1780,1000,1df6299bf6191142006de4b1b4d66262cc9f5a8515bec1c3097d9af2993354ca,det:8,val,,,,1,3,bottle:1|cap:1|label:1,0,none,,heuristic flags (not labels): likely_tilted_cap
det:img_071.png,detection,stage2_dataset/clean/img_071.png,1780,1000,bd7d6afe1325be032844a336aceb41d7fcb3786ceeb668068d3a807a1f68ecd0,det:9,val,,,,1,3,bottle:1|cap:1|label:1,0,none,,heuristic flags (not labels): likely_label_defect
det:img_072.png,detection,stage2_dataset/clean/img_072.png,1780,1000,079d0319df62a78b52527b0c27caf5cc8358fa5914fb8d9196c540bc74a60230,det:9,val,,,,1,3,bottle:1|cap:1|label:1,0,none,,heuristic flags (not labels): likely_label_defect
det:img_073.png,detection,stage2_dataset/clean/img_073.png,1780,1000,cecb44bd2885be233a3b4ded8712c01c028f572d9ef052909a24c2a9151c3713,det:9,val,,,,1,3,bottle:1|cap:1|label:1,0,none,,heuristic flags (not labels): likely_label_defect
det:img_074.png,detection,stage2_dataset/clean/img_074.png,1780,1000,2fdb2dc3c8bccdda86c9cd8af136a8921c9534211fabb6999320edf7b1e47586,det:9,val,,,,1,3,bottle:1|cap:1|label:1,0,none,,heuristic flags (not labels): likely_label_defect
det:img_075.png,detection,stage2_dataset/clean/img_075.png,1780,1000,21a138c33d376c5b7421af5f728bfa5bc0174a8a807d1e0fadfc892bb5756ac9,det:9,val,,,,1,3,bottle:1|cap:1|label:1,0,none,,heuristic flags (not labels): likely_label_defect
det:img_076.png,detection,stage2_dataset/clean/img_076.png,1780,1000,5d3db27584f2be7c591ed8360b297a5b40d70b4301861b58fef8b74ed1ed7488,det:9,val,,,,1,3,bottle:1|cap:1|label:1,0,none,,heuristic flags (not labels): likely_label_defect
det:img_077.png,detection,stage2_dataset/clean/img_077.png,1780,1000,e414e722f920a9901d3a40469ada1421ea570cd7f94a43e6f7733e7f0289a4de,det:9,val,,,,1,3,bottle:1|cap:1|label:1,0,none,,heuristic flags (not labels): likely_good
det:img_078.png,detection,stage2_dataset/clean/img_078.png,1780,1000,72bc741ba411ef4d05837d3eb355227a4716e82c9d9e0eeb953f14d02fcc75a8,det:9,,,,,,,,0,none,,review decision REJECT; heuristic flags (not labels): likely_good
det:img_079.png,detection,stage2_dataset/clean/img_079.png,1780,1000,1ed3beae2d16fd6e3436e7ff61a57809e607cd68100e674545c6ce831cdf38dd,det:3,train,,,,1,3,bottle:1|cap:1|label:1,0,none,,heuristic flags (not labels): likely_good
det:img_080.png,detection,stage2_dataset/clean/img_080.png,1780,1000,8c0cc41f249ba9c53732599c125644605539845656d312cac841f195df0956a4,det:9,val,,,,1,3,bottle:1|cap:1|label:1,0,none,,heuristic flags (not labels): likely_good
det:img_081.png,detection,stage2_dataset/clean/img_081.png,1780,1000,b0e6700718787e726cf0a0b9bf8ab8f128b18d718516192049158c647e58db23,det:9,val,,,,1,3,bottle:1|cap:1|label:1,0,none,,heuristic flags (not labels): likely_good
det:img_082.png,detection,stage2_dataset/clean/img_082.png,1780,1000,2696105e55884a9991cb37264650b398af1ad6125cfceb2d4f3f929fce9c0068,det:9,val,,,,1,3,bottle:1|cap:1|label:1,0,none,,heuristic flags (not labels): likely_good
det:img_083.png,detection,stage2_dataset/clean/img_083.png,1780,1000,012abe9f422bc69b461cdf9ad53a18a0b8fac9bd57c5bce190d61ed9426fd292,det:9,val,,,,1,3,bottle:1|cap:1|label:1,0,none,,heuristic flags (not labels): likely_good
det:img_084.png,detection,stage2_dataset/clean/img_084.png,1780,1000,84a7a467817bd71ba8b561bb853dc5c07ee050e429d54f3b506f9c47fedc7806,det:9,val,,,,1,3,bottle:1|cap:1|label:1,0,none,,heuristic flags (not labels): likely_good
det:img_085.png,detection,stage2_dataset/clean/img_085.png,1780,1000,7e55d8fb43313e0b98690601acc8abc2554094625c988fc315c5c253fde865e0,det:9,val,,,,1,3,bottle:1|cap:1|label:1,0,none,,heuristic flags (not labels): likely_good
det:img_086.png,detection,stage2_dataset/clean/img_086.png,1780,1000,5e2646cad0bedcbcf1a90abc8d059a100c1802eb67305397455c6340de61bd46,det:9,val,,,,1,3,bottle:1|cap:1|label:1,0,none,,heuristic flags (not labels): likely_good
det:img_087.png,detection,stage2_dataset/clean/img_087.png,1780,1000,602366dbdbccbaaf8adc133e270e7744730ecdc47e4c8caa49542ab30bbd73a0,det:9,val,,,,1,3,bottle:1|cap:1|label:1,0,none,,heuristic flags (not labels): likely_good
det:img_088.png,detection,stage2_dataset/clean/img_088.png,1780,1000,06d56653606156a1786c4d00c7499fde5056736957e26f8157b38fd0a65cb0a6,det:9,val,,,,1,3,bottle:1|cap:1|label:1,0,none,,heuristic flags (not labels): likely_good
det:img_089.png,detection,stage2_dataset/clean/img_089.png,1780,1000,ea62aac4510d7fcde79e00c04affa23d810f25dbc11948c05847a98bd3254672,det:9,val,,,,1,3,bottle:1|cap:1|label:1,0,none,,heuristic flags (not labels): likely_good
det:img_090.png,detection,stage2_dataset/clean/img_090.png,1780,1000,e7986d96abda6abe0ce2dc4d2864b04a68ec6abfedf75cb493df1802e47a9a55,det:3,train,,,,1,3,bottle:1|cap:1|label:1,0,none,,heuristic flags (not labels): likely_good
det:img_091.png,detection,stage2_dataset/clean/img_091.png,1780,1000,9f5690f17a6534c8f551b4dcaadf990da5b52ac0401f05f833c9ddaa9c868727,det:10,train,,,,1,3,bottle:1|cap:1|label:1,0,none,,heuristic flags (not labels): likely_good
det:img_092.png,detection,stage2_dataset/clean/img_092.png,1780,1000,027819b1bd8abf658dc01b78fa34a4b9dcf9e82a3da4488c2fb1a1f7af7e8361,det:10,train,,,,1,3,bottle:1|cap:1|label:1,0,none,,heuristic flags (not labels): likely_good
det:img_093.png,detection,stage2_dataset/clean/img_093.png,1780,1000,a08a33ab3d412000d01949111162ea04ec312861a1ce7a7227baccfad15c3552,det:10,train,,,,1,3,bottle:1|cap:1|label:1,0,none,,heuristic flags (not labels): likely_good
det:img_094.png,detection,stage2_dataset/clean/img_094.png,1780,1000,346a02c46180334bbd44f54cdc28d01b97846cb05f379a9f0e55693c06fee0a1,det:10,train,,,,1,3,bottle:1|cap:1|label:1,0,none,,heuristic flags (not labels): likely_good
det:img_095.png,detection,stage2_dataset/clean/img_095.png,1780,1000,f613e616dcae3642f73240cb46b913938d95322b013ea265e575c60dfbecf94e,det:10,train,,,,1,3,bottle:1|cap:1|label:1,0,none,,heuristic flags (not labels): likely_good
det:img_096.png,detection,stage2_dataset/clean/img_096.png,1780,1000,833ed1bc34e91fe3450a5c2c7fdd6ba9ffe2761d64b2b582e01baa93402eab1c,det:10,train,,,,1,3,bottle:1|cap:1|label:1,0,none,,heuristic flags (not labels): likely_good
det:img_097.png,detection,stage2_dataset/clean/img_097.png,1780,1000,472a478edc14eac9c234dc7c56a1d85658f12085fba0be86d835544171a4dbbb,det:10,train,,,,1,3,bottle:1|cap:1|label:1,0,none,,heuristic flags (not labels): likely_good
det:img_098.png,detection,stage2_dataset/clean/img_098.png,1780,1000,f231b4438636b235ad997f22d7c3b20721341f59c385e950d1e8e3d519c49924,det:10,train,,,,1,3,bottle:1|cap:1|label:1,0,none,,heuristic flags (not labels): likely_good
det:img_099.png,detection,stage2_dataset/clean/img_099.png,1780,1000,e3096e66a2b794350fea996c2f6195feaeabc10aba8e347eba88cb4d28ecfbf1,det:10,train,,,,1,3,bottle:1|cap:1|label:1,0,none,,heuristic flags (not labels): likely_tilted_cap
det:img_100.png,detection,stage2_dataset/clean/img_100.png,1780,1000,7b6d5181e3eaa36640059de3a3e7f3aaa85268b6dca12083fcbad10f22b0cf21,det:10,train,,,,1,3,bottle:1|cap:1|label:1,0,none,,heuristic flags (not labels): likely_tilted_cap
det:img_101.png,detection,stage2_dataset/clean/img_101.png,1780,1000,7b0e0f4708f5cdf78a87aab510bc3cbb23d261e43fc00c274d6843082f9d893e,det:3,train,,,,1,3,bottle:1|cap:1|label:1,0,none,,heuristic flags (not labels): likely_good
det:img_102.png,detection,stage2_dataset/clean/img_102.png,1780,1000,7916866828b435fada7a302765be205484e2bf48c36d40d9aa0ac0f9e612b0a8,det:10,train,,,,1,3,bottle:1|cap:1|label:1,0,none,,heuristic flags (not labels): likely_tilted_cap
det:img_103.png,detection,stage2_dataset/clean/img_103.png,1780,1000,d707c55f352ed44b92432a364bb61c7107a9c7f994004e1f91073a4080f3c3f1,det:10,train,,,,1,3,bottle:1|cap:1|label:1,0,none,,heuristic flags (not labels): likely_tilted_cap
det:img_104.png,detection,stage2_dataset/clean/img_104.png,1780,1000,35d109ea38767c67593d93dbe0c1f8c1ceaf489c4c061b2a71637a3c5f475710,det:10,train,,,,1,3,bottle:1|cap:1|label:1,0,none,,heuristic flags (not labels): likely_good
det:img_105.png,detection,stage2_dataset/clean/img_105.png,1780,1000,6f9e3533637ff6d3386ca5b74f929f404c4341847aca4bc76f5cc458a67a9f1e,det:10,train,,,,1,3,bottle:1|cap:1|label:1,0,none,,heuristic flags (not labels): likely_tilted_cap
det:img_106.png,detection,stage2_dataset/clean/img_106.png,1780,1000,140eaf5eb418a5240b4cae334ece8f8a06846451dc46632084c60f57c883d9a7,det:10,train,,,,1,3,bottle:1|cap:1|label:1,0,none,,heuristic flags (not labels): likely_good
det:img_107.png,detection,stage2_dataset/clean/img_107.png,1780,1000,8ea2a1a568d499faddc072bf60b31a716f3003990192865600214b9ede75ee48,det:10,train,,,,1,3,bottle:1|cap:1|label:1,0,none,,heuristic flags (not labels): likely_good
det:img_108.png,detection,stage2_dataset/clean/img_108.png,1780,1000,ca6dbc67f0b0b45ce06790166db8548b6331e8624b195fcb4544f330356fdf0b,det:10,train,,,,1,3,bottle:1|cap:1|label:1,0,none,,heuristic flags (not labels): likely_good
det:img_109.png,detection,stage2_dataset/clean/img_109.png,1780,1000,4ae3644710a225e4917b8ceecce7ddc53ff6aee55b85e3030cca2883d7c6b41e,det:10,train,,,,1,3,bottle:1|cap:1|label:1,0,none,,heuristic flags (not labels): likely_good
det:img_110.png,detection,stage2_dataset/clean/img_110.png,1780,1000,929c991fc61c936d09ec117933f80710991c74347fc44e3f54106554124f0bef,det:10,train,,,,1,3,bottle:1|cap:1|label:1,0,none,,heuristic flags (not labels): likely_good
det:img_111.png,detection,stage2_dataset/clean/img_111.png,1780,1000,6c16c31db4b8d4d58327bbc7fd44e5d4f815936b160d929af7879c8be2213164,det:11,train,,,,1,2,bottle:1|cap:1,0,none,,heuristic flags (not labels): likely_tilted_cap
det:img_112.png,detection,stage2_dataset/clean/img_112.png,1780,1000,a735425c3540ce29085c1f2582f0c7765fde614cf0bfdb1d91b62e8a54dde509,det:1,train,,,,1,3,bottle:1|cap:1|label:1,0,none,,heuristic flags (not labels): likely_good
det:img_113.png,detection,stage2_dataset/clean/img_113.png,1780,1000,c94a4107eeb10474eb96df7145f43ddbe31f8f4f6c91534b7eb40fe28544ea08,det:3,train,,,,1,3,bottle:1|cap:1|label:1,0,none,,heuristic flags (not labels): likely_good
det:img_114.png,detection,stage2_dataset/clean/img_114.png,1780,1000,6a6b6381d748bcebcb8c896722e7ba7290b0ad4749c6728f17c635f0903101fe,det:11,train,,,,1,2,bottle:1|cap:1,0,none,,heuristic flags (not labels): likely_good
det:img_115.png,detection,stage2_dataset/clean/img_115.png,1780,1000,c807bd712dc9268ddf3ded9617de9ae3e391174cd073a1cbc6e6d61872acd1fe,det:11,train,,,,1,2,bottle:1|cap:1,0,none,,heuristic flags (not labels): likely_good
det:img_116.png,detection,stage2_dataset/clean/img_116.png,1780,1000,639904e61adacdecaeb4e4a9e7be0eab2ab8ddf7d4cd32173ed1d71d3cc9a756,det:11,train,,,,1,2,bottle:1|cap:1,0,none,,heuristic flags (not labels): likely_good
det:img_117.png,detection,stage2_dataset/clean/img_117.png,1780,1000,50b6ba97ef4ac6b8d902126a4faf6fd9e054ea84947e5f8720ff637cc5cd7e63,det:11,train,,,,1,2,bottle:1|cap:1,0,none,,heuristic flags (not labels): likely_good
det:img_118.png,detection,stage2_dataset/clean/img_118.png,1780,1000,bce4405385d6a4075b03e146a336b738550fb1428803840cd3e5cb94aaa11768,det:11,train,,,,1,2,bottle:1|cap:1,0,none,,heuristic flags (not labels): likely_good
det:img_119.png,detection,stage2_dataset/clean/img_119.png,1780,1000,2190fd7f0923b8c5177121433c1837029609389140163a2efc91c0b79ee91403,det:11,train,,,,1,2,bottle:1|cap:1,0,none,,heuristic flags (not labels): likely_good
det:img_120.png,detection,stage2_dataset/clean/img_120.png,1780,1000,89be30df440e228e27c9ca17744b1a6378bb97fda84e7df2e5dfed7778b79a44,det:11,train,,,,1,2,bottle:1|cap:1,0,none,,heuristic flags (not labels): likely_good
det:img_121.png,detection,stage2_dataset/clean/img_121.png,1780,1000,06f404697fca52ae76871fdd2797e40031f4f1814cf6bd9153be2a28c1f03c2c,det:11,train,,,,1,2,bottle:1|cap:1,0,none,,heuristic flags (not labels): likely_good
det:img_122.png,detection,stage2_dataset/clean/img_122.png,1780,1000,81dc62e59ee6ee482bfbc28f0d8b80374db04e47657ec9448ad6eda8bc74ad27,det:11,train,,,,1,2,bottle:1|cap:1,0,none,,heuristic flags (not labels): likely_good
det:img_123.png,detection,stage2_dataset/clean/img_123.png,1780,1000,e5d7b4914378fb6cf1249d70dd964cc1ab3b3b55830cdb32968f9987752cb212,det:11,train,,,,1,2,bottle:1|cap:1,0,none,,heuristic flags (not labels): likely_good
det:img_124.png,detection,stage2_dataset/clean/img_124.png,1780,1000,3f4681751f9b83db282e5e756a96722be7eff7222febfe8b5541a369c881556c,det:3,train,,,,1,3,bottle:1|cap:1|label:1,0,none,,heuristic flags (not labels): likely_good
det:img_125.png,detection,stage2_dataset/clean/img_125.png,1780,1000,3104eb5b1485cf5dfd6430b6177340d2f51a31ede3e335ecdef52c2c67c58988,det:11,train,,,,1,2,bottle:1|cap:1,0,none,,heuristic flags (not labels): likely_good
det:img_126.png,detection,stage2_dataset/clean/img_126.png,1780,1000,8a820727c0b3d2c47258b88f68117ad9148864797736a2aae2fa04aeb9c37f23,det:11,train,,,,1,2,bottle:1|cap:1,0,none,,heuristic flags (not labels): likely_good
det:img_127.png,detection,stage2_dataset/clean/img_127.png,1780,1000,e069554ced8e065d5ee8d6c47e19acac6af37c1428c6707d21ab57db03a91310,det:11,train,,,,1,2,bottle:1|cap:1,0,none,,heuristic flags (not labels): likely_tilted_cap
det:img_128.png,detection,stage2_dataset/clean/img_128.png,1780,1000,55e36db2e3b2a79417723c33d314886d4fcf47a61db8c3c1b58491959daffe00,det:11,train,,,,1,2,bottle:1|cap:1,0,none,,heuristic flags (not labels): likely_tilted_cap
det:img_129.png,detection,stage2_dataset/clean/img_129.png,1780,1000,9b7f0bd0137aa7dc7b5f242da75ef34fc815b16976d44c6758a3065dea0dc8fb,det:11,train,,,,1,2,bottle:1|cap:1,0,none,,heuristic flags (not labels): likely_tilted_cap
det:img_130.png,detection,stage2_dataset/clean/img_130.png,1780,1000,6c83b8af41e6b3d177426ce24cd78c1be96a8c1b3abac1f781578effdfcd939b,det:11,train,,,,1,2,bottle:1|cap:1,0,none,,heuristic flags (not labels): likely_good
det:img_131.png,detection,stage2_dataset/clean/img_131.png,1780,1000,5f12901fae967e8cffedbbfa1183bbc47d82484c8e19eafbcbaf42f47dc806e1,det:11,train,,,,1,2,bottle:1|cap:1,0,none,,heuristic flags (not labels): likely_good
det:img_132.png,detection,stage2_dataset/clean/img_132.png,1780,1000,8f4706e2fb36ef957132f5feaeeca326a6513ebebf37babe69fda773378461fd,det:11,train,,,,1,2,bottle:1|cap:1,0,none,,heuristic flags (not labels): likely_good
det:img_133.png,detection,stage2_dataset/clean/img_133.png,1780,1000,7a4c201cbed846fed914bda4a9c6e8848ea7f3cdb05256aa258325dbd21c51f0,det:11,train,,,,1,2,bottle:1|cap:1,0,none,,heuristic flags (not labels): likely_label_defect
det:img_134.png,detection,stage2_dataset/clean/img_134.png,1780,1000,515924c0d4336d0136db6075c9f8a168002b9cdba8b7a5cff836cf7361cbf280,det:11,train,,,,1,2,bottle:1|cap:1,0,none,,heuristic flags (not labels): likely_good
det:img_135.png,detection,stage2_dataset/clean/img_135.png,1780,1000,b0ecca95551c3cf963f531bd97339ba2da55ca44a980590868d420942c064b8f,det:3,train,,,,1,3,bottle:1|cap:1|label:1,0,none,,heuristic flags (not labels): likely_good
det:img_136.png,detection,stage2_dataset/clean/img_136.png,1780,1000,f0faef459038cd933ab1bd4f366d05946e87ad08d3ed143570bfab6a97639ae6,det:11,train,,,,1,2,bottle:1|cap:1,0,none,,heuristic flags (not labels): likely_good
det:img_137.png,detection,stage2_dataset/clean/img_137.png,1780,1000,05cbce884c2f2bbaaa1e0385b983a63ba1f4b85fe13df4b799a8e72045fd93a6,det:11,train,,,,1,2,bottle:1|cap:1,0,none,,heuristic flags (not labels): likely_good
det:img_138.png,detection,stage2_dataset/clean/img_138.png,1780,1000,9a05b328f6cfe364aee483f4db9e6842246d1ae17ca3508b8a2665744658618e,det:11,train,,,,1,2,bottle:1|cap:1,0,none,,heuristic flags (not labels): likely_good
det:img_139.png,detection,stage2_dataset/clean/img_139.png,1780,1000,520b144576fe3525f954f9e950a9ee06c6ce997d35255cfbdb7eba535975ae25,det:11,train,,,,1,2,bottle:1|cap:1,0,none,,heuristic flags (not labels): likely_good
det:img_140.png,detection,stage2_dataset/clean/img_140.png,1780,1000,455d64256ba5e7f54f59a8163ca6e4b5a9499a2533aaf5c811ff40c18884b931,det:11,train,,,,1,2,bottle:1|cap:1,0,none,,heuristic flags (not labels): likely_good
det:img_141.png,detection,stage2_dataset/clean/img_141.png,1780,1000,24ceb73cdeb7f6a470def2ec38a66e8398c1e7aa021942c468c39e67bf14ef82,det:12,train,,,,1,3,bottle:1|cap:1|label:1,0,none,,heuristic flags (not labels): likely_label_defect
det:img_142.png,detection,stage2_dataset/clean/img_142.png,1780,1000,f469d3114c2a831b82d16fba33b73cd066282f30be907b9dc8be29c9c5ab1d43,det:12,train,,,,1,3,bottle:1|cap:1|label:1,0,none,,heuristic flags (not labels): likely_label_defect
det:img_143.png,detection,stage2_dataset/clean/img_143.png,1780,1000,97b48277797f3a090c59744f7dbf0702e9d552d363ac2c3a08998d47380a92ff,det:12,train,,,,1,3,bottle:1|cap:1|label:1,0,none,,heuristic flags (not labels): likely_label_defect
det:img_144.png,detection,stage2_dataset/clean/img_144.png,1780,1000,1e074414e167ff8ba444910191d7c4d3c33351390204a1375ac2cb053b7f9a33,det:12,train,,,,1,3,bottle:1|cap:1|label:1,0,none,,heuristic flags (not labels): likely_label_defect
det:img_145.png,detection,stage2_dataset/clean/img_145.png,1780,1000,88442c0376125a7d4ff42a07500e381690bc5deff1378cbff1bcfd8f07008e40,det:12,train,,,,1,3,bottle:1|cap:1|label:1,0,none,,heuristic flags (not labels): likely_good
det:img_146.png,detection,stage2_dataset/clean/img_146.png,1780,1000,12347e0174d1d6f7554b0824b8c0fc1cacdf8599c48561331f539a0eb5b79b6e,det:3,train,,,,1,3,bottle:1|cap:1|label:1,0,none,,heuristic flags (not labels): likely_good
det:img_147.png,detection,stage2_dataset/clean/img_147.png,1780,1000,440faa52cee9d55d6a643d8a33b4d5c5ba06b546d7a67bf0175f0658ab84d69b,det:12,train,,,,1,3,bottle:1|cap:1|label:1,0,none,,heuristic flags (not labels): likely_good
det:img_148.png,detection,stage2_dataset/clean/img_148.png,1780,1000,5a76e2b388ec140f8d5e6c7454445509f709ff41dcb8a80176ae20274ce6a7c4,det:12,train,,,,1,3,bottle:1|cap:1|label:1,0,none,,heuristic flags (not labels): likely_good
det:img_149.png,detection,stage2_dataset/clean/img_149.png,1780,1000,d967d024f8d996bc848e1c115080b15b6fb536f350d527a3520276f9bc676884,det:12,train,,,,1,3,bottle:1|cap:1|label:1,0,none,,heuristic flags (not labels): likely_good
det:img_150.png,detection,stage2_dataset/clean/img_150.png,1780,1000,39aa87ac278f4b2083d08c7d9c685e9458224f15a1bd06b802c1bc7cd3aad27d,det:12,train,,,,1,3,bottle:1|cap:1|label:1,0,none,,heuristic flags (not labels): likely_good
det:img_151.png,detection,stage2_dataset/clean/img_151.png,1780,1000,7634b9a34fbf46561d0627b3d61c2c02b052536fe0442aa359b7080306a220a8,det:12,train,,,,1,3,bottle:1|cap:1|label:1,0,none,,heuristic flags (not labels): likely_good
det:img_152.png,detection,stage2_dataset/clean/img_152.png,1780,1000,e6c4df1758304f0348441e85f89c82634f6cc5555ad5792f56c351c804627280,det:13,test,,,,1,3,bottle:1|cap:1|label:1,0,none,,heuristic flags (not labels): likely_label_defect
det:img_153.png,detection,stage2_dataset/clean/img_153.png,1780,1000,7233e2cd7ea075482106896ad2bb60407d874ca6e2977d346dbbb34397b9504d,det:13,test,,,,1,3,bottle:1|cap:1|label:1,0,none,,heuristic flags (not labels): likely_label_defect
det:img_154.png,detection,stage2_dataset/clean/img_154.png,1780,1000,d38ccab321c2bf5b5fc8f049add3f3722b4f2023f9b7b9d994d396f78e13297a,det:13,test,,,,1,3,bottle:1|cap:1|label:1,0,none,,heuristic flags (not labels): likely_label_defect
det:img_155.png,detection,stage2_dataset/clean/img_155.png,1780,1000,1f3b168037d71e7f2effd9d18069c9e898d2f5511436aa6114a77fe4c45983d5,det:13,test,,,,1,3,bottle:1|cap:1|label:1,0,none,,heuristic flags (not labels): likely_label_defect
det:img_156.png,detection,stage2_dataset/clean/img_156.png,1780,1000,9c4e594a5c330cad3c6089afbc6f2cb23bd1cda4135d81a3c6eef6d40ba5bf3a,det:13,test,,,,1,3,bottle:1|cap:1|label:1,0,none,,heuristic flags (not labels): likely_label_defect
det:img_157.png,detection,stage2_dataset/clean/img_157.png,1780,1000,7bbbedaea79f45ed05f0ac71111819c648f28afbd7abf636f838b50fc74f3719,det:3,train,,,,1,3,bottle:1|cap:1|label:1,0,none,,heuristic flags (not labels): likely_good
det:img_158.png,detection,stage2_dataset/clean/img_158.png,1780,1000,a901536b94260db5b922283035430b95a725ea923272072b183479ceacb857af,det:13,test,,,,1,3,bottle:1|cap:1|label:1,0,none,,heuristic flags (not labels): likely_label_defect
det:img_159.png,detection,stage2_dataset/clean/img_159.png,1780,1000,8edf6bcf83961dab7198c914a0c64d525261a8a2ce11778ec4c2f60bbd853268,det:13,test,,,,1,3,bottle:1|cap:1|label:1,0,none,,heuristic flags (not labels): likely_label_defect
det:img_160.png,detection,stage2_dataset/clean/img_160.png,1780,1000,cda4663ecad5455b9cdc57893a3d1f9cf015a3770cc87813e2c6465114c77e9b,det:13,test,,,,1,3,bottle:1|cap:1|label:1,0,none,,heuristic flags (not labels): likely_label_defect
det:img_161.png,detection,stage2_dataset/clean/img_161.png,1780,1000,36cba0c17d965a78117b4910a6a0dd3ef212fbcbbd9c30015b49ac25110448f6,det:13,test,,,,1,3,bottle:1|cap:1|label:1,0,none,,heuristic flags (not labels): likely_label_defect
det:img_162.png,detection,stage2_dataset/clean/img_162.png,1780,1000,90662ee008dbaabacc295291384fcba7e5006b889d52f27d01c959290353bba1,det:13,test,,,,1,3,bottle:1|cap:1|label:1,0,none,,heuristic flags (not labels): likely_label_defect
det:img_163.png,detection,stage2_dataset/clean/img_163.png,1780,1000,a1c33320a25e2b3f1a36334d3b1604f854ee0ae9bf5db1974b48ae92c2f427ac,det:13,test,,,,1,3,bottle:1|cap:1|label:1,0,none,,heuristic flags (not labels): likely_label_defect
det:img_164.png,detection,stage2_dataset/clean/img_164.png,1780,1000,d2bda5738c5e5f56735e459cf0199e5eb99b026b41ddd63dc955f0339b6e2f7d,det:13,test,,,,1,3,bottle:1|cap:1|label:1,0,none,,heuristic flags (not labels): likely_label_defect
det:img_165.png,detection,stage2_dataset/clean/img_165.png,1780,1000,086a87d935f44b25d793d8944bb02d53d9a1c8bab423942748048947164f5d43,det:13,test,,,,1,3,bottle:1|cap:1|label:1,0,none,,heuristic flags (not labels): likely_good
det:img_166.png,detection,stage2_dataset/clean/img_166.png,1780,1000,f43c5ebc1c8dfd0a1cbfb499bd042dd0459ead57e6c64f32b53b0a9d1e4a393c,det:13,test,,,,1,3,bottle:1|cap:1|label:1,0,none,,heuristic flags (not labels): likely_good
det:img_167.png,detection,stage2_dataset/clean/img_167.png,1780,1000,0603b334d154b7675f2df5c1a75834c4a0531e61768e7ad75b0e9067a9742d90,det:13,test,,,,1,3,bottle:1|cap:1|label:1,0,none,,heuristic flags (not labels): likely_good
det:img_168.png,detection,stage2_dataset/clean/img_168.png,1780,1000,82c1cf46a97eb4a52c540566601bee4b6b79f3859d1deb536da6f54a054a29d9,det:3,train,,,,1,3,bottle:1|cap:1|label:1,0,none,,heuristic flags (not labels): likely_good
det:img_169.png,detection,stage2_dataset/clean/img_169.png,1780,1000,83dbef65f47793ee9e8fce322db6654847345f3c1a3821970dfe34076c1a53a3,det:13,test,,,,1,3,bottle:1|cap:1|label:1,0,none,,heuristic flags (not labels): likely_good
det:img_170.png,detection,stage2_dataset/clean/img_170.png,1780,1000,640ada661edbf063f68fc1844b3f779104047d05d47072755dce78a31ce0ffdb,det:13,test,,,,1,3,bottle:1|cap:1|label:1,0,none,,heuristic flags (not labels): likely_good
det:img_171.png,detection,stage2_dataset/clean/img_171.png,1780,1000,a939b7f5730b7ca504d9d349c30b5ac015d91d640faab26b7c1137fc4710fba0,det:13,test,,,,1,3,bottle:1|cap:1|label:1,0,none,,heuristic flags (not labels): likely_good
det:img_172.png,detection,stage2_dataset/clean/img_172.png,1780,1000,e93116356788e7250aeabf52e3fe6d3515c001e5c38475532672d76dcadb6237,det:13,test,,,,1,3,bottle:1|cap:1|label:1,0,none,,heuristic flags (not labels): likely_good
det:img_173.png,detection,stage2_dataset/clean/img_173.png,1780,1000,b55b986dc00c52d7a5d5a979e8891989659be1a1f7c92ea34ade7e1c969cfbc0,det:14,train,,,,1,3,bottle:1|cap:1|label:1,0,none,,heuristic flags (not labels): likely_good
det:img_174.png,detection,stage2_dataset/clean/img_174.png,1780,1000,2bbdf58e4006035479461578eafdcd1162d3a81a6782c8a70d2e0b24bc83d72d,det:14,train,,,,1,3,bottle:1|cap:1|label:1,0,none,,heuristic flags (not labels): likely_good
det:img_175.png,detection,stage2_dataset/clean/img_175.png,1780,1000,57c58d3a378e6b8f4a4c51cedb2c333e4711e1e311cddefd88d4174abc20be58,det:14,train,,,,1,3,bottle:1|cap:1|label:1,0,none,,heuristic flags (not labels): likely_good
det:img_176.png,detection,stage2_dataset/clean/img_176.png,1780,1000,69dbe27beb6382ef9ee254cd48a1a22c8da714ad3831d7a8c68dca5b371d6f85,det:14,train,,,,1,3,bottle:1|cap:1|label:1,0,none,,heuristic flags (not labels): likely_good
det:img_177.png,detection,stage2_dataset/clean/img_177.png,1780,1000,10f0f7ac91e67e527020908b841342148a76b0c2ab4bd648a67679177bbfe85c,det:14,train,,,,1,3,bottle:1|cap:1|label:1,0,none,,heuristic flags (not labels): likely_good
det:img_178.png,detection,stage2_dataset/clean/img_178.png,1780,1000,d86b501a16846ab4965539526d76a93a528d574571ec1d6c7a9b413925abd9ac,det:14,train,,,,1,3,bottle:1|cap:1|label:1,0,none,,heuristic flags (not labels): likely_good
det:img_179.png,detection,stage2_dataset/clean/img_179.png,1780,1000,38242c717a127b86404eea3f121f7cf8ef89e143fb0615ad343fbe8d781afbcf,det:3,train,,,,1,3,bottle:1|cap:1|label:1,0,none,,heuristic flags (not labels): likely_good
det:img_180.png,detection,stage2_dataset/clean/img_180.png,1780,1000,eae501a6d527ef1d1c01ab629db34b5dfbfcf4680c03e734a5159667ab20b59e,det:14,train,,,,1,3,bottle:1|cap:1|label:1,0,none,,heuristic flags (not labels): likely_good
det:img_181.png,detection,stage2_dataset/clean/img_181.png,1780,1000,14fc639a049171582d77384de83b5242c6e74b2117b52bbe3379e25bc0b94da1,det:14,train,,,,1,3,bottle:1|cap:1|label:1,0,none,,heuristic flags (not labels): likely_good
det:img_182.png,detection,stage2_dataset/clean/img_182.png,1780,1000,cd46edd9f949d49f0a015eed8c3abd9932fc0f4de06bece1dd9f9c65291f21fc,det:14,train,,,,1,3,bottle:1|cap:1|label:1,0,none,,heuristic flags (not labels): likely_good
det:img_183.png,detection,stage2_dataset/clean/img_183.png,1780,1000,df5411e76e0a2dd4feecef5245ee8d6fea1f0a1e2a0ee3b6c89e6f48cbdf8338,det:14,train,,,,1,3,bottle:1|cap:1|label:1,0,none,,heuristic flags (not labels): likely_good
det:img_184.png,detection,stage2_dataset/clean/img_184.png,1780,1000,813bbf32c22509e4b7fdd1223aa22d27027829aaf65aaa56f9df7b45dea7bcb3,det:14,train,,,,1,3,bottle:1|cap:1|label:1,0,none,,heuristic flags (not labels): likely_good
det:img_185.png,detection,stage2_dataset/clean/img_185.png,1780,1000,7471c159b8d6abd7a55984cb6640910066db3ca636fc8a574633d13f6e936d7b,det:14,train,,,,1,3,bottle:1|cap:1|label:1,0,none,,heuristic flags (not labels): likely_good
det:img_186.png,detection,stage2_dataset/clean/img_186.png,1780,1000,cfc071013a2506d54bc66a90e0b8b49cb30243cf41f8fd4eab5cceb0580aaa91,det:14,train,,,,1,3,bottle:1|cap:1|label:1,0,none,,heuristic flags (not labels): likely_good
det:img_187.png,detection,stage2_dataset/clean/img_187.png,1780,1000,df1b88cbe62a1b233cae84cf5797fc6fd3de75f8226899c7d4c19805bf53350e,det:14,train,,,,1,3,bottle:1|cap:1|label:1,0,none,,heuristic flags (not labels): likely_good
det:img_188.png,detection,stage2_dataset/clean/img_188.png,1780,1000,385e452b5310f5031473c04ca2f362dd5cbea3f2da8cf5fc2f10cebf7c32ed86,det:14,train,,,,1,3,bottle:1|cap:1|label:1,0,none,,heuristic flags (not labels): likely_good
det:img_189.png,detection,stage2_dataset/clean/img_189.png,1780,1000,ba841784a5b90c6ed69c8b426a68a78c0bba14bc2483739ff3971a73bc8392d9,det:14,train,,,,1,3,bottle:1|cap:1|label:1,0,none,,heuristic flags (not labels): likely_good
det:img_190.png,detection,stage2_dataset/clean/img_190.png,1780,1000,b349670dadbb07f8655c73932a4ff99cbd4aea0e4dbb6e6e6f8291ac7ea0043d,det:3,train,,,,1,3,bottle:1|cap:1|label:1,0,none,,heuristic flags (not labels): likely_good
det:img_191.png,detection,stage2_dataset/clean/img_191.png,1780,1000,a2bdfb66be0041683774e8e9ba01faedd88237e2a513e20f39caf697a53d93d6,det:14,train,,,,1,3,bottle:1|cap:1|label:1,0,none,,heuristic flags (not labels): likely_good
det:img_192.png,detection,stage2_dataset/clean/img_192.png,1780,1000,4115faa59f6c3ff990d7211fe25767a5a297669f49dbfa4dd4446e407d69d596,det:14,train,,,,1,3,bottle:1|cap:1|label:1,0,none,,heuristic flags (not labels): likely_good
det:img_193.png,detection,stage2_dataset/clean/img_193.png,1780,1000,467ead4f29e30af5f08e1f39df5ca2a211aff3d57a6f921d4f100b957905fe20,det:14,train,,,,1,3,bottle:1|cap:1|label:1,0,none,,heuristic flags (not labels): likely_good
det:img_194.png,detection,stage2_dataset/clean/img_194.png,1780,1000,f718547ae405145221be132c58336a8d60c5e68e0a464fee8cb3c81bba4bbc28,det:14,train,,,,1,3,bottle:1|cap:1|label:1,0,none,,heuristic flags (not labels): likely_good
det:img_195.png,detection,stage2_dataset/clean/img_195.png,1780,1000,8890cac380c25e3dab8d1e5ec622b50d03dc563133fc4f984ecab95bac5ba284,det:14,train,,,,1,3,bottle:1|cap:1|label:1,0,none,,heuristic flags (not labels): likely_good
det:img_196.png,detection,stage2_dataset/clean/img_196.png,1780,1000,6a64353f0d73ab6f76520e374a4fbae0c4b25e6a666eb907bba73de1c9a6da5f,det:14,train,,,,1,3,bottle:1|cap:1|label:1,0,none,,heuristic flags (not labels): likely_good
det:img_197.png,detection,stage2_dataset/clean/img_197.png,1780,1000,b8cef2c86f756e28727e92bacd12550ce67829b1c986e9e6082b3d74400e5e60,det:14,train,,,,1,3,bottle:1|cap:1|label:1,0,none,,heuristic flags (not labels): likely_good
det:img_198.png,detection,stage2_dataset/clean/img_198.png,1780,1000,70a80738ec30e1a818bbb65efa1e92bea6350da218e267c40461f4a91914fa11,det:14,train,,,,1,3,bottle:1|cap:1|label:1,0,none,,heuristic flags (not labels): likely_good
det:img_199.png,detection,stage2_dataset/clean/img_199.png,1780,1000,03f5a478c56466dbd6828c0dad1360a9964f964924083a5a090159071e70a9bd,det:14,train,,,,1,3,bottle:1|cap:1|label:1,0,none,,heuristic flags (not labels): likely_good
det:img_200.png,detection,stage2_dataset/clean/img_200.png,1780,1000,fa3b360f6d713b2d4b859bf77e316bc818b34d6a49dafc234feae06663d7a2c4,det:14,train,,,,1,3,bottle:1|cap:1|label:1,0,none,,heuristic flags (not labels): likely_good
det:img_201.png,detection,stage2_dataset/clean/img_201.png,1780,1000,5158ebeb66d9b97b146601ae1b08935597c882252b85ce64b7e2516f5756e956,det:3,train,,,,1,3,bottle:1|cap:1|label:1,0,none,,heuristic flags (not labels): likely_good
det:img_202.png,detection,stage2_dataset/clean/img_202.png,1780,1000,3d2412b4b0772d5e1cea2bf9084001e99765f636b4d837eeb022b57df668c9f0,det:14,train,,,,1,3,bottle:1|cap:1|label:1,0,none,,heuristic flags (not labels): likely_good
det:img_203.png,detection,stage2_dataset/clean/img_203.png,1780,1000,1890c08e3295819cfc55868e3c34f826d4adc95284cf5bcce0cb904f6e9f07a3,det:14,train,,,,1,3,bottle:1|cap:1|label:1,0,none,,heuristic flags (not labels): likely_good
det:img_204.png,detection,stage2_dataset/clean/img_204.png,1780,1000,f5790c6bb44e16ed8d50f780af0947b0ae304b4e695eb4bb5186222f251e3846,det:14,train,,,,1,3,bottle:1|cap:1|label:1,0,none,,heuristic flags (not labels): likely_good
det:img_205.png,detection,stage2_dataset/clean/img_205.png,1780,1000,70ad63178dbcd120417906b124402400e14ba57e57ffd099d13df9ed2b980004,det:14,train,,,,1,3,bottle:1|cap:1|label:1,0,none,,heuristic flags (not labels): likely_good
det:img_206.png,detection,stage2_dataset/clean/img_206.png,1780,1000,cdeeec343ca3dbbfe63850525cff3f8b3c421219e1bf9a6530782d768e53620b,det:14,train,,,,1,3,bottle:1|cap:1|label:1,0,none,,heuristic flags (not labels): likely_good
det:img_207.png,detection,stage2_dataset/clean/img_207.png,1780,1000,325343733c86ba729e7bf250503f7da41e4fb9f482c8c3db646699c8eedc096c,det:14,train,,,,1,3,bottle:1|cap:1|label:1,0,none,,heuristic flags (not labels): likely_good
det:img_208.png,detection,stage2_dataset/clean/img_208.png,1780,1000,8a1dbf6a7dce74451e0329a68aa56249833ad1f4638559eaa393c09a6874b3f4,det:14,train,,,,1,3,bottle:1|cap:1|label:1,0,none,,heuristic flags (not labels): likely_good
det:img_209.png,detection,stage2_dataset/clean/img_209.png,1780,1000,f4c43b5c0c679e10b81342a61582aaf7e4e54ac82439e186b8e456fddb6b411a,det:14,train,,,,1,3,bottle:1|cap:1|label:1,0,none,,heuristic flags (not labels): likely_good
det:img_210.png,detection,stage2_dataset/clean/img_210.png,1780,1000,2f3e0a1d108a8625e9f8f173ac388985b134cb46d40c7cd30e0ab210846cdebf,det:14,train,,,,1,3,bottle:1|cap:1|label:1,0,none,,heuristic flags (not labels): likely_good
det:img_211.png,detection,stage2_dataset/clean/img_211.png,1780,1000,13b8f3b462f0730f79efe5074ca654548d1502329d8899c632bbed805edf5b33,det:14,train,,,,1,3,bottle:1|cap:1|label:1,0,none,,heuristic flags (not labels): likely_good
det:img_212.png,detection,stage2_dataset/clean/img_212.png,1780,1000,58a83bb6ba543de0d549e79e378cf3add7057ed2f238919a91e842526e1f2b83,det:3,train,,,,1,3,bottle:1|cap:1|label:1,0,none,,heuristic flags (not labels): likely_good
det:img_213.png,detection,stage2_dataset/clean/img_213.png,1780,1000,f72f0bffbfd7c005b2533c85af083ce82ccd1c0a65de8aa4d4c00caf1168b12b,det:14,train,,,,1,3,bottle:1|cap:1|label:1,0,none,,heuristic flags (not labels): likely_good
det:img_214.png,detection,stage2_dataset/clean/img_214.png,1780,1000,8c537de24b5fdf18099fc467ce3bf06c3045dbf33239219173c9ae8ae32d4e95,det:14,train,,,,1,3,bottle:1|cap:1|label:1,0,none,,heuristic flags (not labels): likely_good
det:img_215.png,detection,stage2_dataset/clean/img_215.png,1780,1000,36ea18bfa3d7a34e6a4704ec7456acb0540dc74f91031ab6e44108c4be97d2d2,det:14,train,,,,1,3,bottle:1|cap:1|label:1,0,none,,heuristic flags (not labels): likely_good
det:img_216.png,detection,stage2_dataset/clean/img_216.png,1780,1000,ba8c206a424744eb852555218636359d88c9a9f683d940ec18d7723ea850cac9,det:15,val,,,,1,3,bottle:1|cap:1|label:1,0,none,,heuristic flags (not labels): likely_good
det:img_217.png,detection,stage2_dataset/clean/img_217.png,1780,1000,345f1b8389ee7e10d28dbd8731798263c50e8711e777c2e13c68a7350399a763,det:15,val,,,,1,3,bottle:1|cap:1|label:1,0,none,,heuristic flags (not labels): likely_good
det:img_218.png,detection,stage2_dataset/clean/img_218.png,1780,1000,323b22df4d0cdab6b8193932b54838c53e1eb027ed8d82f529817fc830699619,det:15,val,,,,1,3,bottle:1|cap:1|label:1,0,none,,heuristic flags (not labels): likely_good
det:img_219.png,detection,stage2_dataset/clean/img_219.png,1780,1000,e9e72b0e56aaa297fcf617de1c4d6738502b41a643fc81a3595bf58156d8c28e,det:15,val,,,,1,3,bottle:1|cap:1|label:1,0,none,,heuristic flags (not labels): likely_good
det:img_220.png,detection,stage2_dataset/clean/img_220.png,1780,1000,57851844d5b83dbc4ae9effd7d94d49a4e320e76b32b295a1243a0806981b22a,det:15,val,,,,1,3,bottle:1|cap:1|label:1,0,none,,heuristic flags (not labels): likely_good
det:img_221.png,detection,stage2_dataset/clean/img_221.png,1780,1000,a324b46f860dee0b38432f7a43161d62dbd094545097d2f3532d51481e01bec4,det:15,val,,,,1,3,bottle:1|cap:1|label:1,0,none,,heuristic flags (not labels): likely_good
det:img_222.png,detection,stage2_dataset/clean/img_222.png,1780,1000,c55452d4f8d4f23f11274817bb54170b1f310aefdab8eb8f9794ffc4cafc8934,det:15,val,,,,1,3,bottle:1|cap:1|label:1,0,none,,heuristic flags (not labels): likely_good
det:img_223.png,detection,stage2_dataset/clean/img_223.png,1780,1000,c44564994f7a3ee5d8bae89665a229416fc42194e8d6dc2345b6acff3795426a,det:1,train,,,,1,3,bottle:1|cap:1|label:1,0,none,,heuristic flags (not labels): likely_good
det:img_224.png,detection,stage2_dataset/clean/img_224.png,1780,1000,768a91ad3dfa858a6f8f5a2d4ec089f0793b61a7f24e0a9390fa05f60cb6fbb6,det:3,train,,,,1,3,bottle:1|cap:1|label:1,0,none,,heuristic flags (not labels): likely_good
det:img_225.png,detection,stage2_dataset/clean/img_225.png,1780,1000,2aca618699fd34190d3fea59f41f6ca196eb43b8cacbb5a75c2d0c19d2ba15bf,det:15,val,,,,1,3,bottle:1|cap:1|label:1,0,none,,heuristic flags (not labels): likely_good
det:img_226.png,detection,stage2_dataset/clean/img_226.png,1780,1000,b4c221ce0f0c42bab3f62bc59d91f18c0e015f85a38e4536839b136b86213075,det:15,val,,,,1,3,bottle:1|cap:1|label:1,0,none,,heuristic flags (not labels): likely_good
det:img_227.png,detection,stage2_dataset/clean/img_227.png,1780,1000,6107881c868aca1c9a98ec7a7158d26372641b3e2f035aa5e1b5b0d27c710d6d,det:15,val,,,,1,3,bottle:1|cap:1|label:1,0,none,,heuristic flags (not labels): likely_good
det:img_228.png,detection,stage2_dataset/clean/img_228.png,1780,1000,dba4b6245533aca02f96e4bd6f35c1923e0fd353b757f77813c11c90e58be3ba,det:15,val,,,,1,3,bottle:1|cap:1|label:1,0,none,,heuristic flags (not labels): likely_good
det:img_229.png,detection,stage2_dataset/clean/img_229.png,1780,1000,5e54af8327309259a5d5b95bbc4829132c72ebab20758741c7b2ec2208813d0f,det:15,val,,,,1,3,bottle:1|cap:1|label:1,0,none,,heuristic flags (not labels): likely_good
det:img_230.png,detection,stage2_dataset/clean/img_230.png,1780,1000,8f32e44975d172d8e519e629e50b8de51d0f8fe70e7454c9fd455deee5127688,det:15,val,,,,1,3,bottle:1|cap:1|label:1,0,none,,heuristic flags (not labels): likely_good
det:img_231.png,detection,stage2_dataset/clean/img_231.png,1780,1000,03e7901d62101af7d4c201163f22103968da427a2be05ff66d249878398e19a8,det:15,val,,,,1,3,bottle:1|cap:1|label:1,0,none,,heuristic flags (not labels): likely_good
det:img_232.png,detection,stage2_dataset/clean/img_232.png,1780,1000,1734eee67ec1101a3a7be82fb5113f52eb0c54b8a6c0eed5e8b5e4f04501aec9,det:16,train,,,,1,3,bottle:1|cap:1|label:1,0,none,,heuristic flags (not labels): likely_good
det:img_233.png,detection,stage2_dataset/clean/img_233.png,1780,1000,eae265bdadcd877a419e7c0b2eb5263b5fde5f15c43e2bfc887f3b8b13d1544c,det:16,train,,,,1,3,bottle:1|cap:1|label:1,0,none,,heuristic flags (not labels): likely_good
det:img_234.png,detection,stage2_dataset/clean/img_234.png,1780,1000,9aa391329c6233925a7be05360e622affb484fd00fbe844c085f62d92c9822e1,det:16,train,,,,1,3,bottle:1|cap:1|label:1,0,none,,heuristic flags (not labels): likely_good
det:img_235.png,detection,stage2_dataset/clean/img_235.png,1780,1000,deffd34c945c6b24ef44d0b5066253e8938281c213c887d1205ac330fb626f44,det:3,train,,,,1,3,bottle:1|cap:1|label:1,0,none,,heuristic flags (not labels): likely_good
det:img_236.png,detection,stage2_dataset/clean/img_236.png,1780,1000,f10751c1d8d2df1d9a9811add29113ccc424bb84e747b9dd7dbba2282a1720a9,det:16,train,,,,1,3,bottle:1|cap:1|label:1,0,none,,heuristic flags (not labels): likely_good
det:img_237.png,detection,stage2_dataset/clean/img_237.png,1780,1000,c09880b7e8ac38b2857894e4c25a80a8273549907fe56c5f0671d628498f0300,det:16,train,,,,1,3,bottle:1|cap:1|label:1,0,none,,heuristic flags (not labels): likely_good
det:img_238.png,detection,stage2_dataset/clean/img_238.png,1780,1000,43c0d81b82690c89b5726a5603fc65cbafac9c65649cae4fdaf6adfed619a776,det:16,train,,,,1,3,bottle:1|cap:1|label:1,0,none,,heuristic flags (not labels): likely_good
det:img_239.png,detection,stage2_dataset/clean/img_239.png,1780,1000,ce0c0d919eebf82589599dbbafe12cf8919f354f85e4f6716fbb4b7623f87a37,det:17,train,,,,1,3,bottle:1|cap:1|label:1,0,none,,heuristic flags (not labels): likely_good
det:img_240.png,detection,stage2_dataset/clean/img_240.png,1780,1000,deda27ed93ef315b57a5219318b5008c0e29605abe2a08fb89ef9c949f386827,det:17,train,,,,1,3,bottle:1|cap:1|label:1,0,none,,heuristic flags (not labels): likely_good
det:img_241.png,detection,stage2_dataset/clean/img_241.png,1780,1000,3f6506630fa219560843cee70f1f61ea6003c91fffd3b5de5d0f56c4c3f5bcff,det:17,train,,,,1,3,bottle:1|cap:1|label:1,0,none,,heuristic flags (not labels): likely_good
det:img_242.png,detection,stage2_dataset/clean/img_242.png,1780,1000,48729cf1a44793d4cb665bb00c3f6b77b7a605ae89572831a4eca100da87696c,det:17,train,,,,1,3,bottle:1|cap:1|label:1,0,none,,heuristic flags (not labels): likely_good
det:img_243.png,detection,stage2_dataset/clean/img_243.png,1780,1000,176a5d31fe9337eae657d27a8d01468413bef1a46d5ab75509c1cd63af63fa52,det:17,train,,,,1,3,bottle:1|cap:1|label:1,0,none,,heuristic flags (not labels): likely_good
det:img_244.png,detection,stage2_dataset/clean/img_244.png,1780,1000,e6751815b11bd4e4667d2eac6a033d5eca225c6789448f9d0b3e2a3a98d0c1ba,det:17,train,,,,1,3,bottle:1|cap:1|label:1,0,none,,heuristic flags (not labels): likely_good
det:img_245.png,detection,stage2_dataset/clean/img_245.png,1780,1000,80ac630610c7a0f7732e6413fd7103715e0c71e39e8c1faad1f5654363b32230,det:17,train,,,,1,3,bottle:1|cap:1|label:1,0,none,,heuristic flags (not labels): likely_good
det:img_246.png,detection,stage2_dataset/clean/img_246.png,1780,1000,1da9e238b36a5bf8c53cd46cea83c6bf6e64330c31cafeda31381139171753d2,det:3,train,,,,1,3,bottle:1|cap:1|label:1,0,none,,heuristic flags (not labels): likely_good
det:img_247.png,detection,stage2_dataset/clean/img_247.png,1780,1000,1db5b531fb11cb35efd88e371f5c56490b90e3d338ac3d50346e2d3e118de169,det:18,train,,,,1,3,bottle:1|cap:1|label:1,0,none,,heuristic flags (not labels): likely_good
det:img_248.png,detection,stage2_dataset/clean/img_248.png,1780,1000,fc225602c5ec40025c5d34fc29a894ae59e94047abd4059024fbc2d549287c71,det:18,train,,,,1,3,bottle:1|cap:1|label:1,0,none,,heuristic flags (not labels): likely_good
det:img_249.png,detection,stage2_dataset/clean/img_249.png,1780,1000,01ac3d210bf791575f9d80f0824f9e0bb0bdc5eb5af8528c68550993b2eca306,det:18,train,,,,1,3,bottle:1|cap:1|label:1,0,none,,heuristic flags (not labels): likely_good
det:img_250.png,detection,stage2_dataset/clean/img_250.png,1780,1000,fa874c2dbdf79258a8012507a52670f5f9e85ad41aa766595b62b59787a60b6f,det:18,train,,,,1,3,bottle:1|cap:1|label:1,0,none,,heuristic flags (not labels): likely_good
det:img_251.png,detection,stage2_dataset/clean/img_251.png,1780,1000,ee653520adf2aa87d55791bcefbacf2127f6abed2c211fa619901e32d4b0ea03,det:18,train,,,,1,3,bottle:1|cap:1|label:1,0,none,,heuristic flags (not labels): likely_good
det:img_252.png,detection,stage2_dataset/clean/img_252.png,1780,1000,f190a52ffa0429466fdea38cc3af1cc7b2f5b87087c30b855456def72c71e566,det:18,train,,,,1,3,bottle:1|cap:1|label:1,0,none,,heuristic flags (not labels): likely_good
det:img_253.png,detection,stage2_dataset/clean/img_253.png,1780,1000,9df74d78a2dd426a84a3af438a63958679e9d87ad0f722d62bea163447ebbc17,det:18,train,,,,1,3,bottle:1|cap:1|label:1,0,none,,heuristic flags (not labels): likely_good
det:img_254.png,detection,stage2_dataset/clean/img_254.png,1780,1000,20dea610aaf0a911cbfa0630d1851bafd2a02bcc0b5a3cdafa12762027b2ba6f,det:18,train,,,,1,3,bottle:1|cap:1|label:1,0,none,,heuristic flags (not labels): likely_good
det:img_255.png,detection,stage2_dataset/clean/img_255.png,1780,1000,585ac09a3f6ed001a446ecac50669f065824b7549b7df89214d340243b111c72,det:18,train,,,,1,3,bottle:1|cap:1|label:1,0,none,,heuristic flags (not labels): likely_good
det:img_256.png,detection,stage2_dataset/clean/img_256.png,1780,1000,f8459aa230fb9e0a6866b4814b69968d11223374d210398dd7d0f6066dbe501b,det:18,train,,,,1,3,bottle:1|cap:1|label:1,0,none,,heuristic flags (not labels): likely_good
det:img_257.png,detection,stage2_dataset/clean/img_257.png,1780,1000,6eb7261b27f59efbf6e76e6d4449c4358d3fb633a787adfacaaf5a988f173835,det:4,train,,,,1,3,bottle:1|cap:1|label:1,0,none,,heuristic flags (not labels): likely_label_defect
det:img_258.png,detection,stage2_dataset/clean/img_258.png,1780,1000,5d4b323e52bc04e0cf5e0ee8cdda6ffa132f7daa395e36e89d5575964ec3d003,det:18,train,,,,1,3,bottle:1|cap:1|label:1,0,none,,heuristic flags (not labels): likely_good
det:img_259.png,detection,stage2_dataset/clean/img_259.png,1780,1000,481b251c43b7ffdff8eab66ceee80d560036e83825fddd3635b8cc643accce07,det:18,train,,,,1,3,bottle:1|cap:1|label:1,0,none,,heuristic flags (not labels): likely_label_defect
det:img_260.png,detection,stage2_dataset/clean/img_260.png,1780,1000,5dd82bba45d92f2e6ab6983f8d2d3c19d05a604caed83c28d340517a81f6ffff,det:18,train,,,,1,3,bottle:1|cap:1|label:1,0,none,,heuristic flags (not labels): likely_label_defect
det:img_261.png,detection,stage2_dataset/clean/img_261.png,1780,1000,e6b3c48c21e25d138594e4c75155676d6c789bd4951c17e1aad187581ad65797,det:18,train,,,,1,3,bottle:1|cap:1|label:1,0,none,,heuristic flags (not labels): likely_label_defect
det:img_262.png,detection,stage2_dataset/clean/img_262.png,1780,1000,5e80ea93afa3a3ca76c29700af87c8948663fa4fa4be4e774e8ba95aa50cc366,det:18,train,,,,1,3,bottle:1|cap:1|label:1,0,none,,heuristic flags (not labels): likely_label_defect
det:img_263.png,detection,stage2_dataset/clean/img_263.png,1780,1000,869d30bd0e8b1a83d32cfac721c672264ab625c984430f274b5c5d4bbc1c2002,det:18,train,,,,1,3,bottle:1|cap:1|label:1,0,none,,heuristic flags (not labels): likely_label_defect
det:img_264.png,detection,stage2_dataset/clean/img_264.png,1780,1000,5b533987af18a3362a75e3b3303f6240cf267d2b5988d2ef25f0aa734de705d8,det:18,train,,,,1,3,bottle:1|cap:1|label:1,0,none,,heuristic flags (not labels): likely_label_defect
det:img_265.png,detection,stage2_dataset/clean/img_265.png,1780,1000,ca4b1a6b70a687d966b416d000070d924927da8bf3c3abbe57cadb606cd262d2,det:18,train,,,,1,3,bottle:1|cap:1|label:1,0,none,,heuristic flags (not labels): likely_label_defect
det:img_266.png,detection,stage2_dataset/clean/img_266.png,1780,1000,1d5ecc34a2fb31d290ff21c4d67ee21e4d3959f1ed619f48d0c568207de426e9,det:18,train,,,,1,3,bottle:1|cap:1|label:1,0,none,,heuristic flags (not labels): likely_label_defect
det:img_267.png,detection,stage2_dataset/clean/img_267.png,1780,1000,de3bbd4e2990ee8b917a835ea2167f29d8c50c8340fcab44a8347fe04ea41e71,det:18,train,,,,1,3,bottle:1|cap:1|label:1,0,none,,heuristic flags (not labels): likely_label_defect
det:img_268.png,detection,stage2_dataset/clean/img_268.png,1780,1000,2c4853b7de3fbe52b08e052844073d489247d57e3b462f9117826554cfaf5104,det:4,train,,,,1,3,bottle:1|cap:1|label:1,0,none,,heuristic flags (not labels): likely_good
det:img_269.png,detection,stage2_dataset/clean/img_269.png,1780,1000,5123d49a3952b237f59465e19aaa41576745aebc18fda267eba44ffaa741827f,det:18,train,,,,1,3,bottle:1|cap:1|label:1,0,none,,heuristic flags (not labels): likely_label_defect
det:img_270.png,detection,stage2_dataset/clean/img_270.png,1780,1000,420c7c32f91f08e4f17960e62e28d0a51919831f36da63af80e14d941b84ba66,det:18,train,,,,1,3,bottle:1|cap:1|label:1,0,none,,heuristic flags (not labels): likely_label_defect
det:img_271.png,detection,stage2_dataset/clean/img_271.png,1780,1000,4d7b9cb3c1cec979689c1ace8fd15aabe055014a986aa26e8ce9278bd75956c9,det:18,train,,,,1,3,bottle:1|cap:1|label:1,0,none,,heuristic flags (not labels): likely_good
det:img_272.png,detection,stage2_dataset/clean/img_272.png,1780,1000,a63920ec5cc9a8cd1daa7711714b6db6a54966818a956ca4849570c2f20c1433,det:18,train,,,,1,3,bottle:1|cap:1|label:1,0,none,,heuristic flags (not labels): likely_label_defect
det:img_273.png,detection,stage2_dataset/clean/img_273.png,1780,1000,cdddb4f675b57be1c67151c1003ebab3ee91f9756a9b93cce094020e95c48315,det:18,train,,,,1,3,bottle:1|cap:1|label:1,0,none,,heuristic flags (not labels): likely_label_defect
det:img_274.png,detection,stage2_dataset/clean/img_274.png,1780,1000,4189d2a7ca16a7d3b58e164dd47417fd5cb46ab9d8e003769f9425b999b808ea,det:18,train,,,,1,3,bottle:1|cap:1|label:1,0,none,,heuristic flags (not labels): likely_good
det:img_275.png,detection,stage2_dataset/clean/img_275.png,1780,1000,295b5137014b17f397b958fa80a3481ede06f093fc41b913bb6a2d2739c4aa35,det:18,train,,,,1,3,bottle:1|cap:1|label:1,0,none,,heuristic flags (not labels): likely_label_defect
det:img_276.png,detection,stage2_dataset/clean/img_276.png,1780,1000,f072879a1eb9fa645c85c587a9d6d990102c5f7db1949c3a0f3f888ba63073d2,det:18,train,,,,1,3,bottle:1|cap:1|label:1,0,none,,heuristic flags (not labels): likely_label_defect
det:img_277.png,detection,stage2_dataset/clean/img_277.png,1780,1000,b13fbd181a79e09bfbb65faf58d3dc468b35f19a7a73a9fcbfc55686a0f1aa1f,det:19,train,,,,1,3,bottle:1|cap:1|label:1,0,none,,heuristic flags (not labels): likely_label_defect
det:img_278.png,detection,stage2_dataset/clean/img_278.png,1780,1000,cf4292469994e1ddbf77b1bbeab225a66f9e29ea475184aad6549a8281388bce,det:19,train,,,,1,3,bottle:1|cap:1|label:1,0,none,,heuristic flags (not labels): likely_label_defect
det:img_279.png,detection,stage2_dataset/clean/img_279.png,1780,1000,462eee0a2ced186c2824dbe872080269b2232b67d0745af950e636eb9fdf2836,det:4,train,,,,1,3,bottle:1|cap:1|label:1,0,none,,heuristic flags (not labels): likely_good
det:img_280.png,detection,stage2_dataset/clean/img_280.png,1780,1000,cd0eead48dd5e9511c23775c765ca95fc6b80d148fd081ddba8449b549c3e4b0,det:19,train,,,,1,3,bottle:1|cap:1|label:1,0,none,,heuristic flags (not labels): likely_label_defect
det:img_281.png,detection,stage2_dataset/clean/img_281.png,1780,1000,51f97d8b0a1b67f6f6f4f3f704824cfba4e2b0897565ec09c48e04c0824b07b0,det:19,train,,,,1,3,bottle:1|cap:1|label:1,0,none,,heuristic flags (not labels): likely_label_defect
det:img_282.png,detection,stage2_dataset/clean/img_282.png,1780,1000,72053a44328c60c9289215f680c4e7eb6b145d6deec7b6c69ced34a1f7ce8331,det:19,train,,,,1,3,bottle:1|cap:1|label:1,0,none,,heuristic flags (not labels): likely_label_defect
det:img_283.png,detection,stage2_dataset/clean/img_283.png,1780,1000,271a435b71682b32fa0726502268964c21127bfabacd438c4b91b882b3a8fc33,det:19,train,,,,1,3,bottle:1|cap:1|label:1,0,none,,heuristic flags (not labels): likely_label_defect
det:img_284.png,detection,stage2_dataset/clean/img_284.png,1780,1000,c133c80d8f64ecce0dc9d775528c1567244e4cefc3d313caeb29c49fe9b2520a,det:19,train,,,,1,3,bottle:1|cap:1|label:1,0,none,,heuristic flags (not labels): likely_good
det:img_285.png,detection,stage2_dataset/clean/img_285.png,1780,1000,53bba41f23716c85992bd79d37ddb712c1be2b3e52d11732d4129aa1dfbbbb7f,det:19,train,,,,1,3,bottle:1|cap:1|label:1,0,none,,heuristic flags (not labels): likely_label_defect
det:img_286.png,detection,stage2_dataset/clean/img_286.png,1780,1000,7fb75303731692367bdb2549b187e60fd830e904f2c15b9a387db826dea9819a,det:19,train,,,,1,3,bottle:1|cap:1|label:1,0,none,,heuristic flags (not labels): likely_label_defect
det:img_287.png,detection,stage2_dataset/clean/img_287.png,1780,1000,e7c093f5020b9cecb63a55492331a34adb976b919e2ba32c4a8e83f3276e7ba9,det:19,train,,,,1,3,bottle:1|cap:1|label:1,0,none,,heuristic flags (not labels): likely_label_defect
det:img_288.png,detection,stage2_dataset/clean/img_288.png,1780,1000,71bb685508fccb5743f97b2e5c5ab85b2fec810881922c0d81396622635fae74,det:19,train,,,,1,3,bottle:1|cap:1|label:1,0,none,,heuristic flags (not labels): likely_label_defect
det:img_289.png,detection,stage2_dataset/clean/img_289.png,1780,1000,b1c2bc6e9cf7140370a6f2296156584b3827165df3ab882bbdc3a4380ef92b37,det:19,train,,,,1,3,bottle:1|cap:1|label:1,0,none,,heuristic flags (not labels): likely_label_defect
det:img_290.png,detection,stage2_dataset/clean/img_290.png,1780,1000,7d5e42afef366a103932346d628ad2c95a1dc42815860482754679efcd54ab4e,det:4,train,,,,1,3,bottle:1|cap:1|label:1,0,none,,heuristic flags (not labels): likely_label_defect
det:img_291.png,detection,stage2_dataset/clean/img_291.png,1780,1000,424b09a442fc23c7912a3b5275bc7aea005e3346c11c4fba4086f2810a97c1f6,det:19,train,,,,1,3,bottle:1|cap:1|label:1,0,none,,heuristic flags (not labels): likely_good
det:img_292.png,detection,stage2_dataset/clean/img_292.png,1780,1000,ff953a27b7c356aa1114bef2b6386522f69e1d7189001850a08124a5516472c1,det:19,train,,,,1,3,bottle:1|cap:1|label:1,0,none,,heuristic flags (not labels): likely_good
det:img_293.png,detection,stage2_dataset/clean/img_293.png,1780,1000,2c5db5a5effb30bf1b5f4c92b6124af0b14885847d764fc372f7e4a63bc09e10,det:19,train,,,,1,3,bottle:1|cap:1|label:1,0,none,,heuristic flags (not labels): likely_good
det:img_294.png,detection,stage2_dataset/clean/img_294.png,1780,1000,7bde0925621ed4c719dc0095f211802ef15167933e1e0edfb9c2116a52fa2b5f,det:19,train,,,,1,3,bottle:1|cap:1|label:1,0,none,,heuristic flags (not labels): likely_good
det:img_295.png,detection,stage2_dataset/clean/img_295.png,1780,1000,632b4d3c62aa88077bebb020b51d23e55c9bb6ef4f738263dfffd14380ff8833,det:19,train,,,,1,3,bottle:1|cap:1|label:1,0,none,,heuristic flags (not labels): likely_good
det:img_296.png,detection,stage2_dataset/clean/img_296.png,1780,1000,ff6732f54cf2819565edeeee71ededa94ff8ee4c0eea04f2b955fd2263b8681c,det:19,train,,,,1,3,bottle:1|cap:1|label:1,0,none,,heuristic flags (not labels): likely_label_defect
det:img_297.png,detection,stage2_dataset/clean/img_297.png,1780,1000,1f81106ededd5660be1f9fb970ca0b963b152f6bd8aac1e5b0e83cd1d3de814c,det:19,train,,,,1,3,bottle:1|cap:1|label:1,0,none,,heuristic flags (not labels): likely_label_defect
det:img_298.png,detection,stage2_dataset/clean/img_298.png,1780,1000,247c4c31119ec18a1aa737cbf05af4a01d58f98e035e0918f34349cc7e3b55b0,det:19,train,,,,1,3,bottle:1|cap:1|label:1,0,none,,heuristic flags (not labels): likely_label_defect
det:img_299.png,detection,stage2_dataset/clean/img_299.png,1780,1000,aa2cee45dbd460b07845c6cc6cd18df20003c7745ca9af1c4ba317e4044c881c,det:19,train,,,,1,3,bottle:1|cap:1|label:1,0,none,,heuristic flags (not labels): likely_label_defect
det:img_300.png,detection,stage2_dataset/clean/img_300.png,1780,1000,893cbe0e8d49112a0d72ac47c14b51f52d88a183c409780b38263f2ed86d9deb,det:19,train,,,,1,3,bottle:1|cap:1|label:1,0,none,,heuristic flags (not labels): likely_label_defect
det:img_301.png,detection,stage2_dataset/clean/img_301.png,1780,1000,af99c784669a9c6013acfc3231272a79f5b3f6eea3ebec693a31ec7c7bce729f,det:4,train,,,,1,3,bottle:1|cap:1|label:1,0,none,,heuristic flags (not labels): likely_label_defect
det:img_302.png,detection,stage2_dataset/clean/img_302.png,1780,1000,cb29989162fb7e877a680c94fe300bca5418d4169771037f70d8f27caf5e924f,det:19,train,,,,1,3,bottle:1|cap:1|label:1,0,none,,heuristic flags (not labels): likely_good
det:img_303.png,detection,stage2_dataset/clean/img_303.png,1780,1000,16be36ba68db48b42227a9dbd9342dd6408c04aec1696c96bc7f69ab6e7e46a8,det:19,train,,,,1,3,bottle:1|cap:1|label:1,0,none,,heuristic flags (not labels): likely_label_defect
det:img_304.png,detection,stage2_dataset/clean/img_304.png,1780,1000,9e8d5849a6256be9f1487c7357f0d2becf053f6f3d057b257356f33ca21ef22c,det:20,test,,,,1,3,bottle:1|cap:1|label:1,0,none,,heuristic flags (not labels): likely_label_defect
det:img_305.png,detection,stage2_dataset/clean/img_305.png,1780,1000,168ab6377fff099a2df4d325a54e7c6ae45d5c41a1a00416622c8149ac8e1641,det:20,test,,,,1,3,bottle:1|cap:1|label:1,0,none,,heuristic flags (not labels): likely_label_defect
det:img_306.png,detection,stage2_dataset/clean/img_306.png,1780,1000,d467a004f8f4f969e56c747a6c6dfc6c860293f0974a6ad7ac5e2387ea66c871,det:20,test,,,,1,3,bottle:1|cap:1|label:1,0,none,,heuristic flags (not labels): likely_label_defect
det:img_307.png,detection,stage2_dataset/clean/img_307.png,1780,1000,4e1b41b4aed49a89007d9894a33b97305c00f7266dcf81215e146a676e371704,det:21,val,,,,1,2,bottle:1|cap:1,0,none,,heuristic flags (not labels): likely_good
det:img_308.png,detection,stage2_dataset/clean/img_308.png,1780,1000,cb54ae0b081e3cc0ceb951d2bd999247e701a6554e58b68afd0325401473d99b,det:21,val,,,,1,2,bottle:1|cap:1,0,none,,heuristic flags (not labels): likely_good
det:img_309.png,detection,stage2_dataset/clean/img_309.png,1780,1000,5bf836e2fe500af8212ab48f8ed5f0f5449b089bacbc1ca3fc2fe9dc715fc1f8,det:21,val,,,,1,2,bottle:1|cap:1,0,none,,heuristic flags (not labels): likely_good
det:img_310.png,detection,stage2_dataset/clean/img_310.png,1780,1000,1c3fd892e75b75ef583b75acba52d8bc3fff0106a3834fcdffabcf1a9185f9ac,det:21,val,,,,1,2,bottle:1|cap:1,0,none,,heuristic flags (not labels): likely_good
det:img_311.png,detection,stage2_dataset/clean/img_311.png,1780,1000,724ff9212710e04b9cd270e0dc16433d1a1d890c7ab5405b39d2906cb718f077,det:21,val,,,,1,2,bottle:1|cap:1,0,none,,heuristic flags (not labels): likely_good
det:img_312.png,detection,stage2_dataset/clean/img_312.png,1780,1000,db65662497f099dd7d786330194f28e3328266a484016bbfee7748c47fee52cc,det:4,train,,,,1,3,bottle:1|cap:1|label:1,0,none,,heuristic flags (not labels): likely_label_defect
det:img_313.png,detection,stage2_dataset/clean/img_313.png,1780,1000,61c61a6c3409835e772be6061bd9cea1ca3e3e02b7a3822fa13e2f00e7b88e61,det:21,val,,,,1,2,bottle:1|cap:1,0,none,,heuristic flags (not labels): likely_good
det:img_314.png,detection,stage2_dataset/clean/img_314.png,1780,1000,a203d7e864d22ca5b0e020cec71196ad2b8cb737bc4bfd68bb3e431674ba4bd4,det:21,val,,,,1,2,bottle:1|cap:1,0,none,,heuristic flags (not labels): likely_good
det:img_315.png,detection,stage2_dataset/clean/img_315.png,1780,1000,3802a969f1279d3c7e80cf681f38172d050b177ae4a24da450e83cbbf2546c25,det:21,val,,,,1,2,bottle:1|cap:1,0,none,,heuristic flags (not labels): likely_good
det:img_316.png,detection,stage2_dataset/clean/img_316.png,1780,1000,15ca55806e6545f8942f95397c7ec631c0a5b55e5cf98749460c87f906180b1a,det:21,val,,,,1,2,bottle:1|cap:1,0,none,,heuristic flags (not labels): likely_good
det:img_317.png,detection,stage2_dataset/clean/img_317.png,1780,1000,09d0de2cf062056b2c00530fbddbe20cc794a167955c25668f06099214766d24,det:21,val,,,,1,2,bottle:1|cap:1,0,none,,heuristic flags (not labels): likely_good
det:img_318.png,detection,stage2_dataset/clean/img_318.png,1780,1000,efdcd3e405f7ea3d6d4e830553d7512e573439c6ddcec22ba895de1ddf949849,det:21,val,,,,1,2,bottle:1|cap:1,0,none,,heuristic flags (not labels): likely_good
det:img_319.png,detection,stage2_dataset/clean/img_319.png,1780,1000,7feb647f086881103505b9d4f0ed6fe264e91e715ac02644dfd708699f019a80,det:21,val,,,,1,2,bottle:1|cap:1,0,none,,heuristic flags (not labels): likely_good
det:img_320.png,detection,stage2_dataset/clean/img_320.png,1780,1000,1a3f152a901c28a557ce1d9dc1a185edbaa581965a8b79edb81a15bfc993db6d,det:21,val,,,,1,2,bottle:1|cap:1,0,none,,heuristic flags (not labels): likely_good
det:img_321.png,detection,stage2_dataset/clean/img_321.png,1780,1000,9ce6029885ff2d356e61d54d3fb2df7910179b0f966b1a65f657d993262d2f36,det:22,test,,,,1,2,bottle:1|cap:1,0,none,,heuristic flags (not labels): likely_good
det:img_322.png,detection,stage2_dataset/clean/img_322.png,1780,1000,a72fef85bbf02bc5729ef6507812823fa4ebfd08ee93141eed8bbdc34c33b219,det:22,test,,,,1,2,bottle:1|cap:1,0,none,,heuristic flags (not labels): likely_good
det:img_323.png,detection,stage2_dataset/clean/img_323.png,1780,1000,1df203039634fd50c20ed24c074fab7769d8182ed79168a0776fc8a229acd97a,det:4,train,,,,1,3,bottle:1|cap:1|label:1,0,none,,heuristic flags (not labels): likely_label_defect
det:img_324.png,detection,stage2_dataset/clean/img_324.png,1780,1000,b1313d87aa6f9c18083bdc0d0bbee0aff7c7807e3b391e80ebcb2037acf870bb,det:22,test,,,,1,2,bottle:1|cap:1,0,none,,heuristic flags (not labels): likely_good
det:img_325.png,detection,stage2_dataset/clean/img_325.png,1780,1000,3bd06dcd82904d4597e8220c037b6c7b8ec4ed049a44239cee9473eaa28f56e0,det:22,test,,,,1,2,bottle:1|cap:1,0,none,,heuristic flags (not labels): likely_good
det:img_326.png,detection,stage2_dataset/clean/img_326.png,1780,1000,249d6f376e825963c7e8b06d93163427a3277489c935e30cf52dcc3559f525cb,det:22,test,,,,1,2,bottle:1|cap:1,0,none,,heuristic flags (not labels): likely_good
det:img_327.png,detection,stage2_dataset/clean/img_327.png,1780,1000,793551b6b11f4a37446de2d5a7d7b7a50df6b02dfe2953cbd28081970084f158,det:22,test,,,,1,2,bottle:1|cap:1,0,none,,heuristic flags (not labels): likely_good
det:img_328.png,detection,stage2_dataset/clean/img_328.png,1780,1000,483618fb6913eb0e633dd4544f4b6dfff081b55ae18a97a7d964759bfd478192,det:22,test,,,,1,1,bottle:1,0,none,,heuristic flags (not labels): likely_good
det:img_329.png,detection,stage2_dataset/clean/img_329.png,1780,1000,b57f35a60342f0a7d4d1b8c616c3df66922a793bb03d0497bcf995471fc62163,det:22,test,,,,1,1,bottle:1,0,none,,heuristic flags (not labels): likely_good
det:img_330.png,detection,stage2_dataset/clean/img_330.png,1780,1000,dcbb9a484c5658579436493de53e13e470d40cd6ab76d7e94c940b73d230c0cd,det:22,test,,,,1,1,bottle:1,0,none,,heuristic flags (not labels): likely_good
det:img_331.png,detection,stage2_dataset/clean/img_331.png,1780,1000,bb1fcbc1f82459090aa394ab9fd08d34cf02a0f1c5d42e7c9835b8626c7cbb47,det:22,test,,,,1,1,bottle:1,0,none,,heuristic flags (not labels): likely_good
det:img_332.png,detection,stage2_dataset/clean/img_332.png,1780,1000,7ac26fc83110aa578e907140e3b9e29393a28757df97cc5dc1ca4bf19d0b3f32,det:22,test,,,,1,1,bottle:1,0,none,,heuristic flags (not labels): likely_good
det:img_333.png,detection,stage2_dataset/clean/img_333.png,1780,1000,b9e127661a436d4ca8d54b747ffbb167a21855f052b6cf112091f017fcfc9862,det:22,test,,,,1,1,bottle:1,0,none,,heuristic flags (not labels): likely_good
det:img_334.png,detection,stage2_dataset/clean/img_334.png,1780,1000,ddd8a50c9bc6815b60674356e931099a312e0cc96f00a8bd289b5800a6d31dbd,det:1,train,,,,1,3,bottle:1|cap:1|label:1,0,none,,heuristic flags (not labels): likely_good
det:img_335.png,detection,stage2_dataset/clean/img_335.png,1780,1000,c3fbc22f51920e16fbbb3fd3c48890a15842b7b48c731fedef351bb6eae8c6ad,det:4,train,,,,1,3,bottle:1|cap:1|label:1,0,none,,heuristic flags (not labels): likely_label_defect
det:img_336.png,detection,stage2_dataset/clean/img_336.png,1780,1000,dcde94967a629315300d2448b89388583c714b634a635bba8d87bf3a0a64e8e1,det:22,test,,,,1,1,bottle:1,0,none,,heuristic flags (not labels): likely_good
det:img_337.png,detection,stage2_dataset/clean/img_337.png,1780,1000,62b421d3b0eb984226b3f0d7c9d37d19716c7fe34329cdae1c838c54fbefa298,det:22,test,,,,1,1,bottle:1,0,none,,heuristic flags (not labels): likely_good
det:img_338.png,detection,stage2_dataset/clean/img_338.png,1780,1000,f1e987b023c59fbc1eb87560a1a6d13fab6a63acae91e1fce9e93cdc75e808a3,det:22,test,,,,1,1,bottle:1,0,none,,heuristic flags (not labels): likely_good
det:img_339.png,detection,stage2_dataset/clean/img_339.png,1780,1000,9400d9350e52acdee84d004195a5f97896260d6e6786af4031d1ec96004e3d0b,det:22,test,,,,1,1,bottle:1,0,none,,heuristic flags (not labels): likely_good
det:img_340.png,detection,stage2_dataset/clean/img_340.png,1780,1000,14d91ef75eb16b735faaca2b34367e954e03fa0e74ff8bf394d5437e40e4be2e,det:22,test,,,,1,1,bottle:1,0,none,,heuristic flags (not labels): likely_good
det:img_341.png,detection,stage2_dataset/clean/img_341.png,1780,1000,2eef755e8afe236c33b62d3e6c894c6f1ac29555bac7d9bf32119c4813373caf,det:22,test,,,,1,1,bottle:1,0,none,,heuristic flags (not labels): likely_good
det:img_342.png,detection,stage2_dataset/clean/img_342.png,1780,1000,3cd1a306276bd09d38c27552762b1c2141a62a0227e12381d49d521a39e8b9ce,det:22,test,,,,1,2,bottle:1|cap:1,0,none,,heuristic flags (not labels): close_up
det:img_343.png,detection,stage2_dataset/clean/img_343.png,1780,1000,dab6ea5af3b2a2556f49a004cd6da86eea5a5fbcebd14b3b0b77b0c9cfbf8f99,det:22,test,,,,1,2,bottle:1|cap:1,0,none,,heuristic flags (not labels): close_up
det:img_344.png,detection,stage2_dataset/clean/img_344.png,1780,1000,d46e9be6e4c7c995f5e72c20805b1cef7f2c29f32d6b17b428a284b4d64af00c,det:22,test,,,,1,2,bottle:1|cap:1,0,none,,heuristic flags (not labels): close_up
det:img_345.png,detection,stage2_dataset/clean/img_345.png,1780,1000,3932438bd733f4a6d7c03975de3ddd73090bca134cded52f90a7e213cb3b0116,det:22,test,,,,1,2,bottle:1|cap:1,0,none,,heuristic flags (not labels): likely_good
det:img_346.png,detection,stage2_dataset/clean/img_346.png,1780,1000,9478899a2bbbdcd0d5cc942a63208b042abbe64f72e9597e3b2d576741e31629,det:5,train,,,,1,3,bottle:1|cap:1|label:1,0,none,,heuristic flags (not labels): likely_good
det:img_347.png,detection,stage2_dataset/clean/img_347.png,1780,1000,a3c8ee263d4367fe45759618caa499b0a24a1579dc5ab1246d6bf72a05fb92a2,det:22,test,,,,1,2,bottle:1|cap:1,0,none,,"heuristic flags (not labels): close_up,likely_tilted_cap"
det:img_348.png,detection,stage2_dataset/clean/img_348.png,1780,1000,28ea012040330fd54aa9a85fd0f9db3ef0c726c69b94b3e69bac3657c770110d,det:22,test,,,,1,2,bottle:1|cap:1,0,none,,"heuristic flags (not labels): close_up,likely_tilted_cap"
det:img_349.png,detection,stage2_dataset/clean/img_349.png,1780,1000,aeb5498ab4af8dd9126f1609ff2b334515b01eab762d2c47ea72c4e6c883a963,det:22,test,,,,1,2,bottle:1|cap:1,0,none,,"heuristic flags (not labels): close_up,likely_tilted_cap"
det:img_350.png,detection,stage2_dataset/clean/img_350.png,1780,1000,6c72c7a906f0de6c335e7b801f6d6b3456da5b3f711a0fdcb35eafc84954a738,det:22,test,,,,1,2,bottle:1|cap:1,0,none,,"heuristic flags (not labels): close_up,likely_tilted_cap"
det:img_351.png,detection,stage2_dataset/clean/img_351.png,1780,1000,95fb24de493bb401f2499fc432c301ca009998bddf46c646c6b51faf3c55cc05,det:22,test,,,,1,2,bottle:1|cap:1,0,none,,"heuristic flags (not labels): close_up,likely_tilted_cap"
det:img_352.png,detection,stage2_dataset/clean/img_352.png,1780,1000,ff4f85aa380310ce77f896a19e038178876c7e53dbdfd1e8465184d5cc600b0e,det:22,test,,,,1,2,bottle:1|cap:1,0,none,,"heuristic flags (not labels): close_up,likely_tilted_cap"
det:img_353.png,detection,stage2_dataset/clean/img_353.png,1780,1000,43b67a861ff970ec9be74320836eb42c9ac891b453e4af47bbe995bfc8e95703,det:22,test,,,,1,2,bottle:1|cap:1,0,none,,heuristic flags (not labels): close_up
det:img_354.png,detection,stage2_dataset/clean/img_354.png,1780,1000,5fb0c9e3dd4b315dc61c2b6ffbe66412d1bf7b2878a210ec75923e2c0198b545,det:22,test,,,,1,2,bottle:1|cap:1,0,none,,"heuristic flags (not labels): close_up,likely_tilted_cap"
det:img_355.png,detection,stage2_dataset/clean/img_355.png,1780,1000,2c6571e78dd9ca34a40a8965c58394bd0068597b24febff15501587ed69887fd,det:22,test,,,,1,2,bottle:1|cap:1,0,none,,heuristic flags (not labels): likely_good
det:img_356.png,detection,stage2_dataset/clean/img_356.png,1780,1000,8edd24df836055bab39d3a17d35e1b933f902b0bfaf391dbf182ca024dc1e5ae,det:22,test,,,,1,2,bottle:1|cap:1,0,none,,heuristic flags (not labels): likely_good
det:img_357.png,detection,stage2_dataset/clean/img_357.png,1780,1000,56b7d7dd02a4f84559c733f84e5402c612e562bb30d9218f023016aeef934bcc,det:5,train,,,,1,3,bottle:1|cap:1|label:1,0,none,,heuristic flags (not labels): likely_good
det:img_358.png,detection,stage2_dataset/clean/img_358.png,1780,1000,cd65eab43169d9f4e6c8f0e4fc8ec6ebeb9594454b4a1f73923b3c0bf24145b2,det:22,test,,,,1,2,bottle:1|cap:1,0,none,,heuristic flags (not labels): likely_good
det:img_359.png,detection,stage2_dataset/clean/img_359.png,1780,1000,fb5ff5f7514abd1d7b6b6717fdbeafafab5c130c0b1c0a6a9cb9752e060958d3,det:22,test,,,,1,2,bottle:1|cap:1,0,none,,heuristic flags (not labels): likely_good
det:img_360.png,detection,stage2_dataset/clean/img_360.png,1780,1000,d952ee372f1a0c04fbc83378f74193e3f8f83eb7ea1eeb8683c59b7c27180ecf,det:22,test,,,,1,2,bottle:1|cap:1,0,none,,heuristic flags (not labels): likely_good
det:img_361.png,detection,stage2_dataset/clean/img_361.png,1780,1000,b58ef9aec37f1610ee3e44c7a6130c6ecf52cf0eced8b1b811375e5d69036b1e,det:23,train,,,,1,2,bottle:1|cap:1,0,none,,heuristic flags (not labels): likely_good
det:img_362.png,detection,stage2_dataset/clean/img_362.png,1780,1000,96827648fa68ddabe7e9837ed7af3a6a95f31901a7d6d1297081209ae792a557,det:23,train,,,,1,2,bottle:1|cap:1,0,none,,heuristic flags (not labels): likely_good
det:img_363.png,detection,stage2_dataset/clean/img_363.png,1780,1000,aa5f9c315056637aff514b1cc2af6f0f7bf388865396a9e4d3f23f86a22e925a,det:23,train,,,,1,2,bottle:1|cap:1,0,none,,heuristic flags (not labels): likely_good
det:img_364.png,detection,stage2_dataset/clean/img_364.png,1780,1000,76307fbd91e5497c1a1357e82b3bcfe0af14c49877a9f57badd4f31d0fcca79a,det:23,train,,,,1,2,bottle:1|cap:1,0,none,,heuristic flags (not labels): likely_good
det:img_365.png,detection,stage2_dataset/clean/img_365.png,1780,1000,c8c95c73da13c808589dd628246adf005c84231e1e40d9b94c1405f3752d85bb,det:23,train,,,,1,2,bottle:1|cap:1,0,none,,heuristic flags (not labels): likely_good
det:img_366.png,detection,stage2_dataset/clean/img_366.png,1780,1000,a0d70ccdfce0029608c072953b920298b48fbe95e20c9601f2765fc608ee5ce7,det:23,train,,,,1,2,bottle:1|cap:1,0,none,,heuristic flags (not labels): likely_good
det:img_367.png,detection,stage2_dataset/clean/img_367.png,1780,1000,94ad2d7696c539096052459a03963e740ffb141cf5fe84d57e79259cb1edb106,det:23,train,,,,1,2,bottle:1|cap:1,0,none,,heuristic flags (not labels): likely_good
det:img_368.png,detection,stage2_dataset/clean/img_368.png,1780,1000,451207942156e6a15d83065e617e5e0d07fb57c59458e97e61042b350a141c70,det:5,train,,,,1,3,bottle:1|cap:1|label:1,0,none,,heuristic flags (not labels): likely_good
det:img_369.png,detection,stage2_dataset/clean/img_369.png,1780,1000,e4ed8dfa9bdf37ccc986d293a964b5a7023c723280d0567146eda1d00f680192,det:23,train,,,,1,2,bottle:1|cap:1,0,none,,heuristic flags (not labels): likely_good
det:img_370.png,detection,stage2_dataset/clean/img_370.png,1780,1000,44893f1e11fa23fa849452e885302e08722c134d5e75466158d607709a0ff4c9,det:24,train,,,,1,2,bottle:1|cap:1,0,none,,heuristic flags (not labels): likely_good
det:img_371.png,detection,stage2_dataset/clean/img_371.png,1780,1000,8d7afe1c1609e6caded7eda57bf13603923d9a4da0cc911adc35cdb904b315c4,det:24,train,,,,1,2,bottle:1|cap:1,0,none,,heuristic flags (not labels): likely_good
det:img_372.png,detection,stage2_dataset/clean/img_372.png,1780,1000,9d4854f6c1a91563855642bbc324bbd9c2dbc5fa787d3933eb8007cc01940b76,det:24,train,,,,1,2,bottle:1|cap:1,0,none,,heuristic flags (not labels): likely_good
det:img_373.png,detection,stage2_dataset/clean/img_373.png,1780,1000,23137bcf964bca525707f99e87ca763caba7657a11de5bfdf231a4cbf35b5b6c,det:24,train,,,,1,2,bottle:1|cap:1,0,none,,heuristic flags (not labels): likely_good
det:img_374.png,detection,stage2_dataset/clean/img_374.png,1780,1000,84bc11101b7b05cb4c495c3210e1034919f313902ce8b2742986a9c9a00fbdcd,det:24,train,,,,1,2,bottle:1|cap:1,0,none,,heuristic flags (not labels): likely_good
det:img_375.png,detection,stage2_dataset/clean/img_375.png,1780,1000,c8fcad178a86c5c77e6f04d28e25367bf32b6e23a26ee6a36b825e6f8ad5dcc8,det:25,train,,,,1,3,bottle:1|cap:1|label:1,0,none,,heuristic flags (not labels): likely_good
det:img_376.png,detection,stage2_dataset/clean/img_376.png,1780,1000,2e3d685d9e6a39892b85f6e0fad4a0cc3e1dcd1f055915898bf0f0e4db03b3e3,det:25,train,,,,1,3,bottle:1|cap:1|label:1,0,none,,heuristic flags (not labels): likely_good
det:img_377.png,detection,stage2_dataset/clean/img_377.png,1780,1000,4892ca1c37354c378f5e922d9cf6c40a4674c4d9f1a8b6b90445f09eeb0aa2f5,det:25,train,,,,1,3,bottle:1|cap:1|label:1,0,none,,heuristic flags (not labels): likely_good
det:img_378.png,detection,stage2_dataset/clean/img_378.png,1780,1000,2acb2927dae5f589ed3774a850504df8e9dc646b58426caca9a0b452b8a7c3a2,det:25,train,,,,1,3,bottle:1|cap:1|label:1,0,none,,heuristic flags (not labels): likely_good
det:img_379.png,detection,stage2_dataset/clean/img_379.png,1780,1000,268122e1ea00c27cbc7325d95b95257d4819fb66f0a2752d89ef10de8da08251,det:5,train,,,,1,3,bottle:1|cap:1|label:1,0,none,,heuristic flags (not labels): likely_good
det:img_380.png,detection,stage2_dataset/clean/img_380.png,1780,1000,1fd7b91eed7d93d383f997e86fd6c2b749288c8b8edd860127a18f5c8ddb2d02,det:25,train,,,,1,3,bottle:1|cap:1|label:1,0,none,,heuristic flags (not labels): likely_good
det:img_381.png,detection,stage2_dataset/clean/img_381.png,1780,1000,144e8cca035042094f8b89cb0a5ca10f2290624addd254a109e78583db0f4648,det:25,train,,,,1,3,bottle:1|cap:1|label:1,0,none,,heuristic flags (not labels): likely_good
det:img_382.png,detection,stage2_dataset/clean/img_382.png,1780,1000,890e644bc3201e3cd030e38ed558ecf89972d35ff1770e2ad1e9893962b061c4,det:25,train,,,,1,3,bottle:1|cap:1|label:1,0,none,,heuristic flags (not labels): likely_good
det:img_383.png,detection,stage2_dataset/clean/img_383.png,1780,1000,951d096bfb478c38771b67c005a0d77b226dfc3cd6af62d7dec281737ccd0b23,det:25,train,,,,1,3,bottle:1|cap:1|label:1,0,none,,heuristic flags (not labels): likely_good
det:img_384.png,detection,stage2_dataset/clean/img_384.png,1780,1000,36640ea45d9ccc6f0808a996d3e3b16abddbeb827416757881407ca062588e26,det:25,train,,,,1,3,bottle:1|cap:1|label:1,0,none,,heuristic flags (not labels): likely_good
det:img_385.png,detection,stage2_dataset/clean/img_385.png,1780,1000,649cef37ea6a4d89e1b7f8633c4215d27f9c4aae2468ffb9667dc97da839a63a,det:25,train,,,,1,3,bottle:1|cap:1|label:1,0,none,,heuristic flags (not labels): likely_good
det:img_386.png,detection,stage2_dataset/clean/img_386.png,1780,1000,b4076fd0a96396fb97f628b9944ff86ff2ee1140fee84d258df399b7c26122f2,det:25,train,,,,1,3,bottle:1|cap:1|label:1,0,none,,heuristic flags (not labels): likely_good
det:img_387.png,detection,stage2_dataset/clean/img_387.png,1780,1000,b7934cf8edecebaea31acc9dcb9c96fc3fb23b8d76c9a54b090c2bed8f4febfd,det:25,train,,,,1,3,bottle:1|cap:1|label:1,0,none,,heuristic flags (not labels): likely_good
det:img_388.png,detection,stage2_dataset/clean/img_388.png,1780,1000,8bd0ae4caac23ba937b11e3394e6e6d4eb0c7c881b9976aee08f35b19961a671,det:25,train,,,,1,3,bottle:1|label:2,0,none,,heuristic flags (not labels): likely_good
det:img_389.png,detection,stage2_dataset/clean/img_389.png,1780,1000,279f669590bc804ad4458bd9ac5424a893e663055460dd8cff202da69e0ed0ee,det:25,train,,,,1,3,bottle:1|cap:1|label:1,0,none,,heuristic flags (not labels): likely_good
det:img_390.png,detection,stage2_dataset/clean/img_390.png,1780,1000,b74621d9156e6bb9218ed80cd2e617a4b9f1ad8063384d8069a90d396f7a1a59,det:5,train,,,,1,3,bottle:1|label:2,0,none,,heuristic flags (not labels): likely_good
det:img_391.png,detection,stage2_dataset/clean/img_391.png,1780,1000,a4e8a741802702bdf15d91b06049eb20e5912307bfebfc6344570a86f317be37,det:25,train,,,,1,3,bottle:1|cap:1|label:1,0,none,,heuristic flags (not labels): likely_good
det:img_392.png,detection,stage2_dataset/clean/img_392.png,1780,1000,8b0a4d978cce2ec5e968b7a1503e2b06dc044b719a29b2c2c213b9d7527ddb47,det:25,train,,,,1,3,bottle:1|cap:1|label:1,0,none,,heuristic flags (not labels): likely_good
det:img_393.png,detection,stage2_dataset/clean/img_393.png,1780,1000,ec7fe42fc3b136685632d5b21429062a70a41bbf92a7dda63ed748b3b58fcc82,det:25,train,,,,1,3,bottle:1|cap:1|label:1,0,none,,heuristic flags (not labels): likely_good
det:img_394.png,detection,stage2_dataset/clean/img_394.png,1780,1000,0df693d4225e4b2c80aa29728f3facb0cc1eb89143c2de4e03f8c4065e2f2fb7,det:25,train,,,,1,3,bottle:1|cap:1|label:1,0,none,,heuristic flags (not labels): likely_good
det:img_395.png,detection,stage2_dataset/clean/img_395.png,1780,1000,b74acad134d5783f904eb17fd0437d063e80d4d6516d3663db43ccd2326222dd,det:25,train,,,,1,3,bottle:1|cap:1|label:1,0,none,,heuristic flags (not labels): likely_good
det:img_396.png,detection,stage2_dataset/clean/img_396.png,1780,1000,b0fd5059ef83ff3790586a92e37ff479dd6b6a085d22343454a415a0dd3d4894,det:25,train,,,,1,3,bottle:1|cap:1|label:1,0,none,,heuristic flags (not labels): likely_good
det:img_397.png,detection,stage2_dataset/clean/img_397.png,1780,1000,49b68434f8d02cd8087624873a16f1a84bc955067b852d0b5040ec606e759105,det:25,train,,,,1,3,bottle:1|cap:1|label:1,0,none,,heuristic flags (not labels): likely_good
det:img_398.png,detection,stage2_dataset/clean/img_398.png,1780,1000,8800f0317e971ebffcdcbcd72b84db40dccf9fbecc5637d238771f9ac9927c8e,det:25,train,,,,1,3,bottle:1|cap:1|label:1,0,none,,heuristic flags (not labels): likely_good
det:img_399.png,detection,stage2_dataset/clean/img_399.png,1780,1000,4c758ac34c49df8d728622ca18cca492a29256ebd8025e9de9e152cafa437f71,det:25,train,,,,1,3,bottle:2|label:1,0,none,,heuristic flags (not labels): likely_good
det:img_400.png,detection,stage2_dataset/clean/img_400.png,1780,1000,a9803d8273ac7f412c2ec0b0a945b6343ccfed9353c16e8643386cfe54d440d7,det:25,train,,,,1,3,bottle:1|cap:1|label:1,0,none,,heuristic flags (not labels): likely_good
det:img_401.png,detection,stage2_dataset/clean/img_401.png,1780,1000,9916a9d3155eefd959bf730a0c9ba2a4797cdd60329db79cc64d773070377642,det:5,train,,,,1,3,bottle:1|cap:1|label:1,0,none,,heuristic flags (not labels): likely_good
det:img_402.png,detection,stage2_dataset/clean/img_402.png,1780,1000,3ec662eca8dc3d56db11b9df79a0ab48acf7ce242fcbf85a25b7b82a76ab8711,det:25,train,,,,1,3,bottle:1|cap:1|label:1,0,none,,heuristic flags (not labels): likely_good
det:img_403.png,detection,stage2_dataset/clean/img_403.png,1780,1000,2907907dea0ee0069fdff795bf1918ced90c6a15c2aa950226f7d5ea623cc2d4,det:25,train,,,,1,3,bottle:1|cap:1|label:1,0,none,,heuristic flags (not labels): likely_good
det:img_404.png,detection,stage2_dataset/clean/img_404.png,1780,1000,a2c8bdaf312c03df38ba237f3f2a55447d1ec43960452114097893280423f51b,det:25,train,,,,1,3,bottle:1|cap:1|label:1,0,none,,heuristic flags (not labels): likely_good
det:img_405.png,detection,stage2_dataset/clean/img_405.png,1780,1000,862751c100527affa4f2104fd24b7ebb1a888241c8498500091be89a58395424,det:25,train,,,,1,3,bottle:1|cap:1|label:1,0,none,,heuristic flags (not labels): likely_good
det:img_406.png,detection,stage2_dataset/clean/img_406.png,1780,1000,e0fdd69df62a1d389a9fc22330b13ddcc52a2e533e80c76f8b7a7d9642efd173,det:25,train,,,,1,3,bottle:1|cap:1|label:1,0,none,,heuristic flags (not labels): likely_good
det:img_407.png,detection,stage2_dataset/clean/img_407.png,1780,1000,8e204c17e5e4d8b76d148b504ca8399a2ed9f4d89c128376f60955c315de9527,det:25,train,,,,1,3,bottle:1|cap:1|label:1,0,none,,heuristic flags (not labels): likely_good
det:img_408.png,detection,stage2_dataset/clean/img_408.png,1780,1000,84acdd799b14cdd99cf48f81827187538321ff8fe102d21bda9aa7bbcf92c2d4,det:25,train,,,,1,3,bottle:1|cap:1|label:1,0,none,,heuristic flags (not labels): likely_good
det:img_409.png,detection,stage2_dataset/clean/img_409.png,1780,1000,e811ba03b9b00001ac418f0ac5e0f84fd045e1daa90937c33fc1a6e5091df16c,det:25,train,,,,1,3,bottle:1|cap:1|label:1,0,none,,heuristic flags (not labels): likely_good
det:img_410.png,detection,stage2_dataset/clean/img_410.png,1780,1000,7ce29d8d19eca11647c73e307ddc1663516428f400bb79af7058e1ad124e9373,det:25,train,,,,1,3,bottle:1|cap:1|label:1,0,none,,heuristic flags (not labels): likely_good
det:img_411.png,detection,stage2_dataset/clean/img_411.png,1780,1000,5f37ee5b5d471dc7b884c43755f9d60ed68d66e94c48fec887f3ce7cbd3e2816,det:25,train,,,,1,3,bottle:1|cap:1|label:1,0,none,,heuristic flags (not labels): likely_label_defect
det:img_412.png,detection,stage2_dataset/clean/img_412.png,1780,1000,2e8dd6ae40c721fb7526367cf5cb85da4f604bd4394720c096289132f36ce013,det:5,train,,,,1,3,bottle:1|cap:1|label:1,0,none,,heuristic flags (not labels): likely_good
det:img_413.png,detection,stage2_dataset/clean/img_413.png,1780,1000,5b1edee07e9c21b088a9dfdf26af6602e27fa252074fe11e67b996bebd17456c,det:25,train,,,,1,3,bottle:1|cap:1|label:1,0,none,,heuristic flags (not labels): likely_label_defect
det:img_414.png,detection,stage2_dataset/clean/img_414.png,1780,1000,d43290175d7b4f5dbab7a891e71f0c47ab9f2c1694ad1619020a725586f2b0f9,det:25,train,,,,1,3,bottle:1|cap:1|label:1,0,none,,heuristic flags (not labels): likely_label_defect
det:img_415.png,detection,stage2_dataset/clean/img_415.png,1780,1000,68c94b1c97e4527f9e404d98f1f82dd073889a9c8a2085febe3967d8345bb68c,det:25,train,,,,1,3,bottle:1|cap:1|label:1,0,none,,heuristic flags (not labels): likely_label_defect
det:img_416.png,detection,stage2_dataset/clean/img_416.png,1780,1000,46a5ca8ec012c83f775957e43019b344449045ded1306edb634421491e224f1d,det:25,train,,,,1,3,bottle:1|cap:1|label:1,0,none,,heuristic flags (not labels): likely_good
det:img_417.png,detection,stage2_dataset/clean/img_417.png,1780,1000,13b24ce8c552191ff06b1d8556eee5ea60d96777bb273901ddfe1256bb3cb71e,det:26,train,,,,1,3,bottle:1|cap:1|label:1,0,none,,heuristic flags (not labels): likely_good
det:img_418.png,detection,stage2_dataset/clean/img_418.png,1780,1000,7cb15126af78349ffbad497060b7b056708290536d999015a9cc1a11af3ec25e,det:26,train,,,,1,3,bottle:1|cap:1|label:1,0,none,,heuristic flags (not labels): likely_good
det:img_419.png,detection,stage2_dataset/clean/img_419.png,1780,1000,559bed256623da80f9b7c4a80dd811cabf9355f194028fff1a39304f52e216ce,det:26,train,,,,1,3,bottle:1|cap:1|label:1,0,none,,heuristic flags (not labels): likely_good
det:img_420.png,detection,stage2_dataset/clean/img_420.png,1780,1000,c60abe213e23f173fcd359d2f8f53402abdb44f24c4324509dd74be3fd82edc5,det:26,train,,,,1,3,bottle:1|cap:1|label:1,0,none,,heuristic flags (not labels): likely_good
det:img_421.png,detection,stage2_dataset/clean/img_421.png,1780,1000,2bc4078c17b3cfdc8ea44d1fac54570a3747140cd42d4b60dcd66b549e39164f,det:26,train,,,,1,3,bottle:1|cap:1|label:1,0,none,,heuristic flags (not labels): likely_good
det:img_422.png,detection,stage2_dataset/clean/img_422.png,1780,1000,41ff0f6e7522b85e4f25ef1f0ce00eaee05266d38e5784e6b3cd00a7081f7f74,det:26,train,,,,1,3,bottle:1|cap:1|label:1,0,none,,heuristic flags (not labels): likely_good
det:img_423.png,detection,stage2_dataset/clean/img_423.png,1780,1000,ec2b95b8571f0f25d1008a41a392e48500241ce27b7c1cc5f4627e0d3b17b953,det:6,train,,,,1,3,bottle:1|cap:1|label:1,0,none,,heuristic flags (not labels): black_marker
det:img_424.png,detection,stage2_dataset/clean/img_424.png,1780,1000,3714c9c9a23e0deea1e2719417f737d7308343c2c01d1dfb7d7dca4310e8eee9,det:26,train,,,,1,3,bottle:1|cap:1|label:1,0,none,,heuristic flags (not labels): likely_good
det:img_425.png,detection,stage2_dataset/clean/img_425.png,1780,1000,703b408d2a3ab6c052d514ee9b25808488fd6af846271b483e37d5b32d2c03e7,det:26,train,,,,1,3,bottle:1|cap:1|label:1,0,none,,heuristic flags (not labels): likely_good
det:img_426.png,detection,stage2_dataset/clean/img_426.png,1780,1000,c952b97698649e67a9179f02a9aea3776a1aa646f8a37d04ab05ee1929aaf622,det:26,train,,,,1,3,bottle:1|cap:1|label:1,0,none,,heuristic flags (not labels): likely_good
det:img_427.png,detection,stage2_dataset/clean/img_427.png,1780,1000,b6627f783b0ecbdde661e7cdf34b5f681656357b5eceb412643adeff355f271a,det:27,train,,,,1,3,bottle:1|cap:1|label:1,0,none,,heuristic flags (not labels): likely_good
det:img_428.png,detection,stage2_dataset/clean/img_428.png,1780,1000,e4286e262b55f40e102b69c62a6c81fc1d771dda4e763b130f14d7c3c0f371bf,det:27,train,,,,1,3,bottle:1|cap:1|label:1,0,none,,heuristic flags (not labels): likely_good
det:img_429.png,detection,stage2_dataset/clean/img_429.png,1780,1000,8fdd1127a15fd4456351f62b7927e7b71fae278ba0d5f468dde8c22b3dd60267,det:27,train,,,,1,3,bottle:1|cap:1|label:1,0,none,,heuristic flags (not labels): likely_good
det:img_430.png,detection,stage2_dataset/clean/img_430.png,1780,1000,475190df1e8bbe2d1a202e433b85b7522693da72cc887af14f2cec914d97b221,det:27,train,,,,1,3,bottle:1|cap:1|label:1,0,none,,heuristic flags (not labels): likely_good
det:img_431.png,detection,stage2_dataset/clean/img_431.png,1780,1000,aba443a42339176b46dc635372859da3371c709e00c98da40631935b72598919,det:27,train,,,,1,3,bottle:1|cap:1|label:1,0,none,,heuristic flags (not labels): likely_good
det:img_432.png,detection,stage2_dataset/clean/img_432.png,1780,1000,c9b553b7b0cc2c746fa6325e71bdef19f15a2ca2f8dc2b6cafbd20a82634b99c,det:27,train,,,,1,3,bottle:1|cap:1|label:1,0,none,,heuristic flags (not labels): likely_good
det:img_433.png,detection,stage2_dataset/clean/img_433.png,1780,1000,89ea65ea696d85af5abbc17ef8ce810578a521b7a952dc4cc0623b50e5720d66,det:27,train,,,,1,3,bottle:1|cap:1|label:1,0,none,,heuristic flags (not labels): likely_good
det:img_434.png,detection,stage2_dataset/clean/img_434.png,1780,1000,76b4c9b35cbabe21e305560466fdd519eefd4741a6dee4d2941e3b2c1672e66c,det:6,train,,,,1,3,bottle:1|cap:1|label:1,0,none,,heuristic flags (not labels): black_marker
det:img_435.png,detection,stage2_dataset/clean/img_435.png,1780,1000,8c5f6aceed3e9983bee34905e2e32799c08a2a61acc18f520f9bfbd97d4b45b0,det:27,train,,,,1,3,bottle:1|cap:1|label:1,0,none,,heuristic flags (not labels): likely_good
det:img_436.png,detection,stage2_dataset/clean/img_436.png,1780,1000,e2f7c75ea3e20bdec94b5d12084db8c33b7203d2647ff588ff0708cf0ca8227c,det:27,train,,,,1,3,bottle:1|cap:1|label:1,0,none,,heuristic flags (not labels): likely_good
det:img_437.png,detection,stage2_dataset/clean/img_437.png,1780,1000,62e402e4c0b6cc1905ca03ed5b48d8e72280568bfefbd17d74d413813da59e7e,det:27,train,,,,1,3,bottle:1|cap:1|label:1,0,none,,heuristic flags (not labels): likely_good
det:img_438.png,detection,stage2_dataset/clean/img_438.png,1780,1000,9f125a62686c685a5fba61c26962d34dec84c90165764f80cea9eb1c33ccbfe3,det:27,train,,,,1,3,bottle:1|cap:1|label:1,0,none,,heuristic flags (not labels): likely_good
det:img_439.png,detection,stage2_dataset/clean/img_439.png,1780,1000,6836e689b9a79c2a697ec3be0c5d5dbc06f3845e54329d01a3f4a79eb2eec9b7,det:27,train,,,,1,3,bottle:1|cap:1|label:1,0,none,,heuristic flags (not labels): likely_good
det:img_440.png,detection,stage2_dataset/clean/img_440.png,1780,1000,afd65338ff537fe6840adea98bc7aafad3cb53299b039198a237250fac0068ce,det:27,train,,,,1,3,bottle:1|cap:1|label:1,0,none,,heuristic flags (not labels): likely_good
det:img_441.png,detection,stage2_dataset/clean/img_441.png,1780,1000,ba975fe610799423981b2c675e4dcc7358fc1e9b631ed66d33a7f370e39374c3,det:27,train,,,,1,3,bottle:1|cap:1|label:1,0,none,,heuristic flags (not labels): likely_good
det:img_442.png,detection,stage2_dataset/clean/img_442.png,1780,1000,b2eed113242c87c88cbd94822aa948a7ae9ab4a0ce0ce7812a6042ff8f14ce86,det:27,train,,,,1,3,bottle:1|cap:1|label:1,0,none,,heuristic flags (not labels): likely_good
det:img_443.png,detection,stage2_dataset/clean/img_443.png,1780,1000,95c99462f10ef7681b912acf26ee03df2234ed02eae45c9cd5bfe50593737805,det:27,train,,,,1,3,bottle:1|cap:1|label:1,0,none,,heuristic flags (not labels): likely_good
det:img_444.png,detection,stage2_dataset/clean/img_444.png,1780,1000,b0af1d1e50e19322212ee5a6dca543d11583a400f10b695a8ed34a9be5b79f70,det:27,train,,,,1,3,bottle:1|cap:1|label:1,0,none,,heuristic flags (not labels): likely_good
det:img_445.png,detection,stage2_dataset/clean/img_445.png,1780,1000,cfd9992df217ae35c57301313c5a62ff8b8dd26164dd63a2596530c473866577,det:1,train,,,,1,3,bottle:1|cap:1|label:1,0,none,,heuristic flags (not labels): likely_good
det:img_446.png,detection,stage2_dataset/clean/img_446.png,1780,1000,fd751b2495aaa1604f71ef2a3afb0a97ebe1b8130c2eef56f6a4fffc32f6bc39,det:6,train,,,,1,3,bottle:1|cap:1|label:1,0,none,,heuristic flags (not labels): black_marker
det:img_447.png,detection,stage2_dataset/clean/img_447.png,1780,1000,08530e58fbdc0136825b0a2958bdf5b718e0ca6210457e54f94524fa50793219,det:27,train,,,,1,3,bottle:1|cap:1|label:1,0,none,,heuristic flags (not labels): likely_good
det:img_448.png,detection,stage2_dataset/clean/img_448.png,1780,1000,90d493d23e9b1a992219b4d30abe90f0aca8f708be16ce1ae6ac2ca520593352,det:27,train,,,,1,3,bottle:1|cap:1|label:1,0,none,,heuristic flags (not labels): likely_good
det:img_449.png,detection,stage2_dataset/clean/img_449.png,1780,1000,bacfe1e3aa57a1417e037003a3c3edb14da246269f92ffa7c61ef99c9b8c5c23,det:27,train,,,,1,3,bottle:1|cap:1|label:1,0,none,,heuristic flags (not labels): likely_good
det:img_512.png,detection,stage2_dataset/clean/img_512.png,1780,1000,1ee809cd8aee883e439d024f544b623d219a4adf989ea4ab7f4fee787d0a3a48,det:6,train,,,,1,3,bottle:1|cap:1|label:1,0,none,,heuristic flags (not labels): black_marker
det:img_549.png,detection,stage2_dataset/clean/img_549.png,1780,1000,24d92467a42ab3c07855cee449012db062b2cd4166fa3bd3891219e6099b8092,det:28,train,,,,1,12,bottle:4|cap:4|label:4,0,none,,heuristic flags (not labels): multiple_bottle
det:img_550.png,detection,stage2_dataset/clean/img_550.png,1780,1000,e96ca3648590b61344aca2afaab435a42681cb99e2b0823fb92f75d30ae3048f,det:28,train,,,,1,12,bottle:4|cap:4|label:4,0,none,,heuristic flags (not labels): multiple_bottle
det:img_551.png,detection,stage2_dataset/clean/img_551.png,1780,1000,37799f6ffaad688cabc72f439984c47dfa97c745510f742bdeba8d428ddd9ade,det:28,train,,,,1,12,bottle:4|cap:4|label:4,0,none,,heuristic flags (not labels): multiple_bottle
det:img_552.png,detection,stage2_dataset/clean/img_552.png,1780,1000,18492f6c060c2ee104c90fcdae506986d350ec0b6752f98798af24f290333fb1,det:28,train,,,,1,12,bottle:4|cap:4|label:4,0,none,,heuristic flags (not labels): multiple_bottle
det:img_553.png,detection,stage2_dataset/clean/img_553.png,1780,1000,cda114828fec1c545f3eaf9280b009a1bcb1599d1c718498a9b56c3f47252372,det:28,train,,,,1,12,bottle:4|cap:4|label:4,0,none,,heuristic flags (not labels): multiple_bottle
det:img_554.png,detection,stage2_dataset/clean/img_554.png,1780,1000,5ba3d5dad0fbc618e4653ab4405bbf5a7bc6f6d3ffb4b7d35f4060468a4a07c4,det:29,test,,,,1,12,bottle:4|cap:4|label:4,0,none,,"heuristic flags (not labels): multiple_bottle,black_marker"
det:img_555.png,detection,stage2_dataset/clean/img_555.png,1780,1000,a7e0b8b4f5e678dfd04e12bb20a0a3f43e7d60eaef8feb8c31a3f8bb743c4ce9,det:29,test,,,,1,12,bottle:4|cap:4|label:4,0,none,,"heuristic flags (not labels): multiple_bottle,black_marker"
det:img_556.png,detection,stage2_dataset/clean/img_556.png,1780,1000,ec468dfaf9f33dfc874be1801efdff4cf846f8798c750b24d0b65889d4d3f5cc,det:1,train,,,,1,3,bottle:1|cap:1|label:1,0,none,,heuristic flags (not labels): likely_good
det:img_557.png,detection,stage2_dataset/clean/img_557.png,1780,1000,7b2cbf84d5431bfa25a08b70e9712202ab02c9bec289b08031ea72da73475c2b,det:6,train,,,,1,3,bottle:1|cap:2,0,none,,heuristic flags (not labels): likely_good
det:img_558.png,detection,stage2_dataset/clean/img_558.png,1780,1000,88f04a0526d748420db25bf3eacda0eb531610c9a7cee8c11701e8bb94f3fec1,det:29,test,,,,1,12,bottle:4|cap:4|label:4,0,none,,"heuristic flags (not labels): multiple_bottle,black_marker"
det:img_559.png,detection,stage2_dataset/clean/img_559.png,1780,1000,662a2e43eda6af3e2f32481d58db05fff3e0dae563798368a39355eba1e3ba8f,det:29,test,,,,1,12,bottle:4|cap:4|label:4,0,none,,"heuristic flags (not labels): multiple_bottle,black_marker"
det:img_560.png,detection,stage2_dataset/clean/img_560.png,1780,1000,51975efe69e7ebf4b6744ba49ed247c8ef94f884383a2a2e3bc033a39d110327,det:29,test,,,,1,12,bottle:4|cap:4|label:4,0,none,,"heuristic flags (not labels): multiple_bottle,black_marker"
det:img_561.png,detection,stage2_dataset/clean/img_561.png,1780,1000,fa7d2f102ab28ecf92e70e05c4e433a1126140d0e82d8668c9fc85ad7585ff03,det:30,val,,,,1,11,bottle:4|cap:4|label:3,0,none,,"heuristic flags (not labels): multiple_bottle,black_marker"
det:img_562.png,detection,stage2_dataset/clean/img_562.png,1780,1000,586c7f9fcc08b569bbd8f1a22a836213e7d3adb1414e2424187645ac6e7c947f,det:30,val,,,,1,11,bottle:4|cap:4|label:3,0,none,,"heuristic flags (not labels): multiple_bottle,black_marker"
det:img_563.png,detection,stage2_dataset/clean/img_563.png,1780,1000,cbae88caf581ad6d40a973c318e179930c9e8ca277565a64cee1dce857ddb2ac,det:30,val,,,,1,11,bottle:4|cap:4|label:3,0,none,,"heuristic flags (not labels): multiple_bottle,black_marker"
det:img_564.png,detection,stage2_dataset/clean/img_564.png,1780,1000,27093d89bb2c5370191afdacf51e6b869805fd76317e80876e887ff7b1cda537,det:30,val,,,,1,11,bottle:4|cap:4|label:3,0,none,,"heuristic flags (not labels): multiple_bottle,black_marker"
det:img_565.png,detection,stage2_dataset/clean/img_565.png,1780,1000,daf37549bc98f1ed023789d33ba42624c434d397153907f43937750b92ceac6c,det:30,val,,,,1,11,bottle:4|cap:4|label:3,0,none,,"heuristic flags (not labels): multiple_bottle,black_marker"
det:img_566.png,detection,stage2_dataset/clean/img_566.png,1780,1000,1ece7cb067aac525927b7e7222074a2303f26d5f6d60bdc5ccdb770ba1305e49,det:30,val,,,,1,11,bottle:4|cap:4|label:3,0,none,,"heuristic flags (not labels): multiple_bottle,black_marker"
det:img_567.png,detection,stage2_dataset/clean/img_567.png,1780,1000,64e5c35fb47287dcec8174628f3bfdd8fcba22f8f661fc1363530e4c3c7ebdcb,det:30,val,,,,1,11,bottle:4|cap:4|label:3,0,none,,"heuristic flags (not labels): multiple_bottle,black_marker"
det:img_568.png,detection,stage2_dataset/clean/img_568.png,1780,1000,7a3117ce8d0787fbf639b0912316ea245c8340c45a5e35e9d31fe75271a82665,det:6,train,,,,1,3,bottle:1|cap:2,0,none,,heuristic flags (not labels): likely_good
det:img_569.png,detection,stage2_dataset/clean/img_569.png,1780,1000,cd81d63752135f9cc246653d63786036d9eeaac65a8ae99c9ec5538eec270854,det:31,val,,,,1,10,bottle:4|cap:4|label:2,0,none,,heuristic flags (not labels): multiple_bottle
det:img_570.png,detection,stage2_dataset/clean/img_570.png,1780,1000,da1055e7fcfb470af440c39c7feb60a4843bffe41dca0dca2fbee7b2b2b1132b,det:31,val,,,,1,10,bottle:4|cap:4|label:2,0,none,,heuristic flags (not labels): multiple_bottle
det:img_571.png,detection,stage2_dataset/clean/img_571.png,1780,1000,e1095cb3db75a7664bc9821c5acb8a3dff217fe52eba17a031a2d0a5a5c4ec22,det:31,val,,,,1,10,bottle:4|cap:4|label:2,0,none,,heuristic flags (not labels): multiple_bottle
det:img_572.png,detection,stage2_dataset/clean/img_572.png,1780,1000,b9961d0492beb2e942f24c8d90eb4b5cc7034d621ca6a24bb732c04cdef1b81d,det:31,val,,,,1,10,bottle:4|cap:4|label:2,0,none,,heuristic flags (not labels): multiple_bottle
det:img_573.png,detection,stage2_dataset/clean/img_573.png,1780,1000,eb55dda066faf649feb6520657f02dfd30f6599f0d7e583ad33d81378633a9a9,det:31,val,,,,1,10,bottle:4|cap:4|label:2,0,none,,heuristic flags (not labels): multiple_bottle
det:img_574.png,detection,stage2_dataset/clean/img_574.png,1780,1000,452584efcd327c53aa13393fe7d83368b47cf9e91078b9a8d1838549554b999f,det:31,val,,,,1,10,bottle:4|cap:4|label:2,0,none,,heuristic flags (not labels): multiple_bottle
det:img_575.png,detection,stage2_dataset/clean/img_575.png,1780,1000,a829621cd4f30f0346524be8ff541d2b83dbc99e82ce993fa3fecdba04a9c0ac,det:31,val,,,,1,10,bottle:4|cap:4|label:2,0,none,,heuristic flags (not labels): multiple_bottle
det:img_576.png,detection,stage2_dataset/clean/img_576.png,1780,1000,a3b2a4a283475f79d7ff5a7215051f9c756fa9b61e82649c7be149b79e7a80c5,det:31,val,,,,1,10,bottle:4|cap:4|label:2,0,none,,heuristic flags (not labels): multiple_bottle
det:img_577.png,detection,stage2_dataset/clean/img_577.png,1780,1000,86fe5ba229d4bf33dd4080f97216f0c9abc8b7f91d8cd15c735f4f464d967f9e,det:31,val,,,,1,10,bottle:4|cap:4|label:2,0,none,,heuristic flags (not labels): multiple_bottle
det:img_578.png,detection,stage2_dataset/clean/img_578.png,1780,1000,00238bfff0c6a586fd910c80e3d1ef79df264a0600f1900890c17f23e38eb33b,det:32,test,,,,1,11,bottle:4|cap:4|label:3,0,none,,heuristic flags (not labels): multiple_bottle
det:img_579.png,detection,stage2_dataset/clean/img_579.png,1780,1000,d83446b0929e00e40c495efb06e1d900f44e317cb899246986d3f8d394eeb755,det:6,train,,,,1,3,bottle:1|cap:1|label:1,0,none,,heuristic flags (not labels): likely_good
det:img_580.png,detection,stage2_dataset/clean/img_580.png,1780,1000,93dd94ecb0b265a09c6e95bbb2bf2976950660ae3ba566430ed49f1375bb1d0b,det:32,test,,,,1,11,bottle:4|cap:4|label:3,0,none,,heuristic flags (not labels): multiple_bottle
det:img_581.png,detection,stage2_dataset/clean/img_581.png,1780,1000,165341bbbbbad2bea9f10b231630f8a89d492e76a18ad45ab2e65c08bdd905c4,det:32,test,,,,1,11,bottle:4|cap:4|label:3,0,none,,heuristic flags (not labels): multiple_bottle
det:img_582.png,detection,stage2_dataset/clean/img_582.png,1780,1000,5b9fa4a0f6270f8eb42356681d334ddc2d5a3c2de75466e5ff1080353db620c4,det:32,test,,,,1,11,bottle:4|cap:4|label:3,0,none,,heuristic flags (not labels): multiple_bottle
det:img_583.png,detection,stage2_dataset/clean/img_583.png,1780,1000,ed039bdfe7dfe5e116059e3a613996cc9cc920df7b506b6e05d17ca3baf8f6d9,det:32,test,,,,1,11,bottle:4|cap:4|label:3,0,none,,heuristic flags (not labels): multiple_bottle
det:img_584.png,detection,stage2_dataset/clean/img_584.png,1780,1000,8346243d36e7bdf0b612578295dfc5b5ca75d7f2c5e4aa037a29769e6df98341,det:32,test,,,,1,11,bottle:4|cap:4|label:3,0,none,,heuristic flags (not labels): multiple_bottle
det:img_585.png,detection,stage2_dataset/clean/img_585.png,1780,1000,cd527420700b3f44beb01aeda2990a67b6c50a655c1732907147fbfdb1ee845a,det:32,test,,,,1,11,bottle:4|cap:4|label:3,0,none,,heuristic flags (not labels): multiple_bottle
det:img_586.png,detection,stage2_dataset/clean/img_586.png,1780,1000,77e7150d1ebca31b8baffa1d8fa158f161dd2006bb719aff9a3bff4ba255b723,det:32,test,,,,1,11,bottle:4|cap:4|label:3,0,none,,heuristic flags (not labels): multiple_bottle
det:img_587.png,detection,stage2_dataset/clean/img_587.png,1780,1000,8da72b4b6130b11999f016c11ddf4059e114a3bb9ada74a426206e4e4ec88db8,det:32,test,,,,1,8,bottle:4|cap:4,0,none,,heuristic flags (not labels): multiple_bottle
det:img_588.png,detection,stage2_dataset/clean/img_588.png,1780,1000,5dc7783757cb5de57fa025a2bb4f8653dc89f8ca2c2a1acd57ca50bf19945d1d,det:33,test,,,,1,11,bottle:4|cap:4|label:3,0,none,,heuristic flags (not labels): multiple_bottle
det:img_589.png,detection,stage2_dataset/clean/img_589.png,1780,1000,5a4862628bd5664ad1f9d217691e5b3b3093a911e8389a84029af36a586221b7,det:33,test,,,,1,11,bottle:4|cap:4|label:3,0,none,,heuristic flags (not labels): multiple_bottle
det:img_590.png,detection,stage2_dataset/clean/img_590.png,1780,1000,dfce96fa9991ec17510e004f4fe5915f08cadba072436fc3e32e31678716305c,det:6,train,,,,1,3,bottle:1|cap:1|label:1,0,none,,heuristic flags (not labels): likely_good
det:img_591.png,detection,stage2_dataset/clean/img_591.png,1780,1000,de44e979e001a5daa2a2b5dbf8a3cebd1a2c73c3e6122032444647a014efb145,det:33,test,,,,1,11,bottle:4|cap:4|label:3,0,none,,heuristic flags (not labels): multiple_bottle
det:img_592.png,detection,stage2_dataset/clean/img_592.png,1780,1000,b860b1719dd96bdd64a34c91faf148b847cce726416713709fb19a84c462b692,det:33,test,,,,1,8,bottle:4|cap:4,0,none,,heuristic flags (not labels): multiple_bottle
det:img_593.png,detection,stage2_dataset/clean/img_593.png,1780,1000,1036d5ef4854a428d907073f762007d9f909167d5115bf0c36f235481089a462,det:33,test,,,,1,11,bottle:4|cap:4|label:3,0,none,,heuristic flags (not labels): multiple_bottle
det:img_594.png,detection,stage2_dataset/clean/img_594.png,1780,1000,4e20c3f9d8970365820a5842bddf100bd380cb2e46c3af849d172a753e8d04c9,det:33,test,,,,1,11,bottle:4|cap:4|label:3,0,none,,heuristic flags (not labels): multiple_bottle
det:img_595.png,detection,stage2_dataset/clean/img_595.png,1780,1000,b4eefef2f1adbbff815494009728088a53b4c52f7b12cae97c980e38a7737f7a,det:33,test,,,,1,10,bottle:4|cap:3|label:3,0,none,,heuristic flags (not labels): multiple_bottle
det:img_596.png,detection,stage2_dataset/clean/img_596.png,1780,1000,d5dbcd1e9bd1ff95deaa588db1b54e72830bbcb68e6da1b80aee372401a6584e,det:33,test,,,,1,11,bottle:4|cap:4|label:3,0,none,,heuristic flags (not labels): multiple_bottle
det:img_597.png,detection,stage2_dataset/clean/img_597.png,1780,1000,5a84bb4f5898261207c482f1b9f853d93f83997cfa7d062ab25cd61f56dc73f5,det:33,test,,,,1,11,bottle:4|cap:4|label:3,0,none,,heuristic flags (not labels): multiple_bottle
det:img_598.png,detection,stage2_dataset/clean/img_598.png,1780,1000,23b0abcd546c748dd9f8672fd5c832f87a9b4d8da805d120c3b1c491a3d3c813,det:34,train,,,,1,8,bottle:3|cap:3|label:2,0,none,,heuristic flags (not labels): multiple_bottle
det:img_599.png,detection,stage2_dataset/clean/img_599.png,1780,1000,dffd8bb6178cb92d430a7530d8ff9a1dd8c92d5844fb169bf14bc312cfcff0a4,det:34,train,,,,1,8,bottle:3|cap:3|label:2,0,none,,heuristic flags (not labels): multiple_bottle
det:img_600.png,detection,stage2_dataset/clean/img_600.png,1780,1000,622d19bcd73c24cc9ab372cee0d5f743cdf4cc3ff655664e282e3fdaddb7c8fd,det:34,train,,,,1,8,bottle:3|cap:3|label:2,0,none,,heuristic flags (not labels): multiple_bottle
det:img_601.png,detection,stage2_dataset/clean/img_601.png,1780,1000,c6abfd7b85b652a4924f3c773a6b704ddbf3fcaf67c17e306466be7e9a91b838,det:6,train,,,,1,3,bottle:1|cap:1|label:1,0,none,,heuristic flags (not labels): likely_good
det:img_602.png,detection,stage2_dataset/clean/img_602.png,1780,1000,8c05d78d84af25469d1353794d3675e09cad8b50444c6dd24d4eb57301365b70,det:34,train,,,,1,6,bottle:3|cap:3,0,none,,heuristic flags (not labels): multiple_bottle
det:img_603.png,detection,stage2_dataset/clean/img_603.png,1780,1000,e4e7974be645c45eecb10b0d88364607fa32e4b47d10b2d2aaf10296c6c89b5e,det:34,train,,,,1,8,bottle:3|cap:3|label:2,0,none,,heuristic flags (not labels): multiple_bottle
det:img_604.png,detection,stage2_dataset/clean/img_604.png,1780,1000,dd4cbb139e53887faca2252bcccf01a1a684a99f90b5c640433abf775ddb3499,det:34,train,,,,1,8,bottle:3|cap:3|label:2,0,none,,heuristic flags (not labels): multiple_bottle
det:img_605.png,detection,stage2_dataset/clean/img_605.png,1780,1000,7e8ae0dbfb2f1713c121cf4b7c29dbad8f3319b9008434e76bec9fa53f093597,det:35,train,,,,1,2,bottle:1|cap:1,0,none,,heuristic flags (not labels): close_up
det:img_606.png,detection,stage2_dataset/clean/img_606.png,1780,1000,37c6ee6b145e701826f9103051b162952d191bdd7235f6a54a275664e99b8adf,det:35,train,,,,1,2,bottle:1|cap:1,0,none,,heuristic flags (not labels): close_up
det:img_607.png,detection,stage2_dataset/clean/img_607.png,1780,1000,9bc076bfebf5a782e654882fe275d8bf1d73f40b55de357962ade9f67d6de251,det:35,train,,,,1,2,bottle:1|cap:1,0,none,,heuristic flags (not labels): close_up
det:img_608.png,detection,stage2_dataset/clean/img_608.png,1780,1000,0c5bc1d33e7649b5faae86c446bf5cc88bbf545f3e80127b4ba9a67f2d451de6,det:35,train,,,,1,2,bottle:1|cap:1,0,none,,heuristic flags (not labels): close_up
det:img_609.png,detection,stage2_dataset/clean/img_609.png,1780,1000,825ce2957adb821d92c44c3e0c90f1347dbaacb50234276a090b048db361fdc5,det:35,train,,,,1,2,bottle:1|cap:1,0,none,,heuristic flags (not labels): close_up
det:img_610.png,detection,stage2_dataset/clean/img_610.png,1780,1000,f4ac37f050f1c3222711be934aa99cfd0edce3e57db26e360650e7bb623a8548,det:35,train,,,,1,2,bottle:1|cap:1,0,none,,heuristic flags (not labels): close_up
det:img_611.png,detection,stage2_dataset/clean/img_611.png,1780,1000,6c63e0ced8eb59d9b4e76e769a7ba97f6d13ba7db233ecb034cfd6d1e16c8366,det:35,train,,,,1,2,bottle:1|cap:1,0,none,,heuristic flags (not labels): close_up
det:img_612.png,detection,stage2_dataset/clean/img_612.png,1780,1000,0572f8cf13adb4487f78f494a05a2840ccb5efff1f53dd4b33dc3ce4dd7bc489,det:6,train,,,,1,3,bottle:1|cap:1|label:1,0,none,,heuristic flags (not labels): likely_good
det:img_613.png,detection,stage2_dataset/clean/img_613.png,1780,1000,5703437a668d26fc044482c3bf966ef0b9dbd820591628998418c60d6e6fb91b,det:35,train,,,,1,2,bottle:1|cap:1,0,none,,heuristic flags (not labels): close_up
det:img_614.png,detection,stage2_dataset/clean/img_614.png,1780,1000,5b3dc5e282fa17079ff95e254cc573074a3689253359b89739d00476dd0d6354,det:36,train,,,,1,2,bottle:1|cap:1,0,none,,heuristic flags (not labels): close_up
det:img_615.png,detection,stage2_dataset/clean/img_615.png,1780,1000,e59e21105174b041ddc05edf5caca268936a5e1a318e731b8aa9a4807d23513a,det:36,train,,,,1,2,bottle:1|cap:1,0,none,,heuristic flags (not labels): close_up
det:img_616.png,detection,stage2_dataset/clean/img_616.png,1780,1000,8003ffe07f34c5144fa297fe0b228d3386f9b8a2959fffbde1308cec69f16ff3,det:36,train,,,,1,2,bottle:1|cap:1,0,none,,heuristic flags (not labels): close_up
det:img_617.png,detection,stage2_dataset/clean/img_617.png,1780,1000,3bbb15b2de2f47c4f0d5d9f9fd104e0426a22925c38c244575a38304ec9cf7a1,det:36,train,,,,1,2,bottle:1|cap:1,0,none,,"heuristic flags (not labels): close_up,likely_label_defect"
det:img_618.png,detection,stage2_dataset/clean/img_618.png,1780,1000,019bdc12232831935cb7c1b3f1bd4f8491cfcc54c88d1ba0daf332305654dcee,det:36,train,,,,1,2,bottle:1|cap:1,0,none,,heuristic flags (not labels): close_up
det:img_619.png,detection,stage2_dataset/clean/img_619.png,1780,1000,9dc0d775c9a5f9136658606b2d3d62a1136a3bf2e7e00c9f11835501dc5ff24e,det:36,train,,,,1,2,bottle:1|cap:1,0,none,,heuristic flags (not labels): close_up
det:img_620.png,detection,stage2_dataset/clean/img_620.png,1780,1000,00a14ed0d3ad172a854e2e2726d9838d55d0e5d6abd436bc510481b561ef5837,det:36,train,,,,1,2,bottle:1|cap:1,0,none,,"heuristic flags (not labels): close_up,likely_label_defect"
det:img_621.png,detection,stage2_dataset/clean/img_621.png,1780,1000,ab39bbe7dccb5fc065859b1b763855f0fa3c6ea518bc83a6a319719302c661e0,det:36,train,,,,1,2,bottle:1|cap:1,0,none,,"heuristic flags (not labels): close_up,likely_label_defect"
det:img_622.png,detection,stage2_dataset/clean/img_622.png,1780,1000,e5f5e6f9663905ddc852920a9fabc7f895443d1d931d988c95d77b0ce74e8c1f,det:37,train,,,,1,2,bottle:1|cap:1,0,none,,"heuristic flags (not labels): close_up,likely_label_defect"
det:img_623.png,detection,stage2_dataset/clean/img_623.png,1780,1000,4fb33d159d84b68d95a51cd11a391490728ad8d47685b3dc0a5dda83df2cde7e,det:6,train,,,,1,3,bottle:1|cap:1|label:1,0,none,,heuristic flags (not labels): likely_good
det:img_624.png,detection,stage2_dataset/clean/img_624.png,1780,1000,36a1feedfca22730b3981acfb7ed92c28b222ac1e237303308d808e0067f4c27,det:37,train,,,,1,2,bottle:1|cap:1,0,none,,heuristic flags (not labels): close_up
det:img_625.png,detection,stage2_dataset/clean/img_625.png,1780,1000,976c3f4bb07580b1df830c0512c26defba236c84599cdea8553f1b3a8d5ed4cc,det:37,train,,,,1,2,bottle:1|cap:1,0,none,,"heuristic flags (not labels): close_up,likely_tilted_cap,hand_held"
det:img_626.png,detection,stage2_dataset/clean/img_626.png,1780,1000,9cf917b40bad105e0be6e2439acb0cce5c3bf137c203d9448f65aac5f49ec859,det:37,train,,,,1,2,bottle:1|cap:1,0,none,,"heuristic flags (not labels): close_up,likely_tilted_cap,hand_held"
det:img_627.png,detection,stage2_dataset/clean/img_627.png,1780,1000,c66caf218502b6eb41073fa8901427924e931093ac3cbb57a82613f19cc8c990,det:37,train,,,,1,2,bottle:1|cap:1,0,none,,"heuristic flags (not labels): close_up,likely_label_defect"
det:img_628.png,detection,stage2_dataset/clean/img_628.png,1780,1000,a94b3a60576a6043096c0b847a035165fa4c2541661b155cb5e2e09aa742181e,det:37,train,,,,1,2,bottle:1|cap:1,0,none,,heuristic flags (not labels): close_up
det:img_629.png,detection,stage2_dataset/clean/img_629.png,1780,1000,f705a40e4ba258cee6700443286c58b1c8008b0dc458792ca840c246775a6a80,det:37,train,,,,1,2,bottle:1|cap:1,0,none,,heuristic flags (not labels): close_up
det:img_630.png,detection,stage2_dataset/clean/img_630.png,1780,1000,798ea235d4e66f1821c7ff8723a694d1c6e2e3bf60e1ec2c59f1b38c46da2126,det:37,train,,,,1,2,bottle:1|cap:1,0,none,,heuristic flags (not labels): close_up
det:img_631.png,detection,stage2_dataset/clean/img_631.png,1780,1000,db49484a128aadf99b0f3e2d4ca7fe25661f45269eda01e70b5223e0bbcc7462,det:37,train,,,,1,2,bottle:1|cap:1,0,none,,heuristic flags (not labels): close_up
det:img_632.png,detection,stage2_dataset/clean/img_632.png,1780,1000,59f0645cf9e7e8c491e49fab2d3082ba61cd48b94ba6584ca285d83f64423c81,det:37,train,,,,1,2,bottle:1|cap:1,0,none,,heuristic flags (not labels): close_up
det:img_633.png,detection,stage2_dataset/clean/img_633.png,1780,1000,42b75a7dc47396f4439867e9b3526aa7771267f796f9c6ea8de39a2c7ac9aa48,det:37,train,,,,1,2,bottle:1|cap:1,0,none,,"heuristic flags (not labels): close_up,likely_label_defect"
det:img_634.png,detection,stage2_dataset/clean/img_634.png,1780,1000,6f5b67e88aaa4aa1a0d7eacd34b83734e44878a62db8c05926bc7d7cb3bb3545,det:6,train,,,,1,3,bottle:1|cap:1|label:1,0,none,,heuristic flags (not labels): likely_good
det:img_635.png,detection,stage2_dataset/clean/img_635.png,1780,1000,b07247452b5f1ce6ae1837340d28c02ff9d60fbb36281df49d7f248ff07861c2,det:38,train,,,,1,1,bottle:1,0,none,,heuristic flags (not labels): likely_good
det:img_636.png,detection,stage2_dataset/clean/img_636.png,1780,1000,a3fc4d89c21428a9c5964ae1487dc4a09c7383da1418f5a99d47072d7459634e,det:38,train,,,,1,1,bottle:1,0,none,,heuristic flags (not labels): likely_good
det:img_637.png,detection,stage2_dataset/clean/img_637.png,1780,1000,6561db3fb0be3c67fb5271d336e48a77b2f13f12044c587aa2464c09c59d5c02,det:38,train,,,,1,1,bottle:1,0,none,,heuristic flags (not labels): likely_good
det:img_638.png,detection,stage2_dataset/clean/img_638.png,1780,1000,72ff2ea34f09a6b35adea7b18a83b241cad86ded28745793bcfdb7dc5de63048,det:38,train,,,,1,1,bottle:1,0,none,,heuristic flags (not labels): likely_good
det:img_639.png,detection,stage2_dataset/clean/img_639.png,1780,1000,afa5f3c05de7176c4b3c5f639c0285a2a0ad950976c7db14df65a6c3f060bc9f,det:38,train,,,,1,1,bottle:1,0,none,,heuristic flags (not labels): likely_good
det:img_640.png,detection,stage2_dataset/clean/img_640.png,1780,1000,0998e222c46862f586edb9e7567f9436541d851ebc386e6bb7c47b05289eaca9,det:38,train,,,,1,1,bottle:1,0,none,,heuristic flags (not labels): likely_good
det:img_641.png,detection,stage2_dataset/clean/img_641.png,1780,1000,206041c66866930db5f1c4974a66512a294160e25c1ba7cc7fb6a2e3304ec265,det:38,train,,,,1,1,bottle:1,0,none,,heuristic flags (not labels): likely_good
det:img_642.png,detection,stage2_dataset/clean/img_642.png,1780,1000,b5c2e8e23b0448299bf7896fd81aad6a474c0a1c8b7174902c7505daadb57502,det:38,train,,,,1,1,bottle:1,0,none,,heuristic flags (not labels): likely_label_defect
det:img_643.png,detection,stage2_dataset/clean/img_643.png,1780,1000,e8b70eef6f52ea43e28bad76c4f79d234348441c6949956b66238fe2e9169036,det:38,train,,,,1,1,bottle:1,0,none,,heuristic flags (not labels): likely_good
det:img_644.png,detection,stage2_dataset/clean/img_644.png,1780,1000,3864bb199a28b7dfc8e8930547f5165dbfd8140398c3159e7548932f08511177,det:38,train,,,,1,1,bottle:1,0,none,,heuristic flags (not labels): likely_good
det:img_645.png,detection,stage2_dataset/clean/img_645.png,1780,1000,70c8ead2647910b325f5a37f797adabf0b22b662f2171ba4bd3030a8831c61d6,det:6,train,,,,1,3,bottle:1|cap:1|label:1,0,none,,heuristic flags (not labels): likely_good
det:img_646.png,detection,stage2_dataset/clean/img_646.png,1780,1000,cf7f17e73eaa42a75b7f485c5d58307817d90f9282e3f3b100fce9e148984585,det:38,train,,,,1,2,bottle:1|cap:1,0,none,,heuristic flags (not labels): close_up
det:img_647.png,detection,stage2_dataset/clean/img_647.png,1780,1000,6b53eaa75e578d188d2723b472cbda7c6275fe5af17d06b16140def4ebe480be,det:38,train,,,,1,2,bottle:1|cap:1,0,none,,heuristic flags (not labels): close_up
det:img_648.png,detection,stage2_dataset/clean/img_648.png,1780,1000,a29e71b84a3dec4705b1512fa17370490aa76376d01e6454a99b892ec9d61707,det:38,train,,,,1,2,bottle:1|cap:1,0,none,,heuristic flags (not labels): close_up
det:img_649.png,detection,stage2_dataset/clean/img_649.png,1780,1000,61fe6c4d4faef596e27db80397638e449bf54f46805cfc7a87ceb00153fefd92,det:38,train,,,,1,2,bottle:1|cap:1,0,none,,heuristic flags (not labels): close_up
det:img_650.png,detection,stage2_dataset/clean/img_650.png,1780,1000,b459d21c56d002b7818ecd3056f214fdcd4d0c43a65c60c74016eab985686ce9,det:38,train,,,,1,2,bottle:1|cap:1,0,none,,heuristic flags (not labels): close_up
det:img_651.png,detection,stage2_dataset/clean/img_651.png,1780,1000,be95f2206ee844ab00353f6bbb222fccac1f4230919d5b002f07d589310f6706,det:38,train,,,,1,2,bottle:1|cap:1,0,none,,heuristic flags (not labels): close_up
det:img_652.png,detection,stage2_dataset/clean/img_652.png,1780,1000,e45cf1f18945dfeb98ba870d5d8c335339d3ad217988d7d0f708d14d384cd896,det:38,train,,,,1,2,bottle:1|cap:1,0,none,,heuristic flags (not labels): close_up
det:img_653.png,detection,stage2_dataset/clean/img_653.png,1780,1000,e70eb0fb8992ed32a2e34a83b6c05dcb312d115fc8b935eaf25fe6d2df867312,det:38,train,,,,1,2,bottle:1|cap:1,0,none,,heuristic flags (not labels): close_up
det:img_654.png,detection,stage2_dataset/clean/img_654.png,1780,1000,86ebd0da5a5d8bca2d815e5b1f78f95b80c0a8d505ac1c66e1a8a5e2e6a40bb1,det:38,train,,,,1,2,bottle:1|cap:1,0,none,,heuristic flags (not labels): close_up
det:img_655.png,detection,stage2_dataset/clean/img_655.png,1780,1000,faa3ebc20a8b459a82630538270ca9f557d805980fd90ce1c0824c3dd936b359,det:38,train,,,,1,2,bottle:1|cap:1,0,none,,heuristic flags (not labels): close_up
det:img_656.png,detection,stage2_dataset/clean/img_656.png,1780,1000,b445deb985b323bcb0ab27b568f5a1719c15405073bd0b9aff393244b447d21b,det:6,train,,,,1,3,bottle:1|cap:1|label:1,0,none,,heuristic flags (not labels): likely_good
det:img_666.png,detection,stage2_dataset/clean/img_666.png,1780,1000,fcb95963b13126f8d8e75132c2282d20b5c2dc7f34d29b931db504065940a6dd,det:39,,,,,,,,0,none,,"review decision REJECT; heuristic flags (not labels): close_up,likely_tilted_cap,hand_held"
det:img_667.png,detection,stage2_dataset/clean/img_667.png,1780,1000,98678a9e2f990a1aa76e95a3aa621e210d405de783d5ce7b7ae28e58a102978d,det:1,train,,,,1,3,bottle:1|cap:1|label:1,0,none,,heuristic flags (not labels): likely_good
det:img_668.png,detection,stage2_dataset/clean/img_668.png,1780,1000,e319721f311fe0d7918a295c828bdb4de81ca0d1466ffdcfce83b086db311a21,det:6,train,,,,1,3,bottle:1|cap:1|label:1,0,none,,heuristic flags (not labels): likely_label_defect
det:img_669.png,detection,stage2_dataset/clean/img_669.png,1780,1000,57c02f38ae2d750cf846bc5f64a2f3e2d535a38a4b66983b331fe361e3cfd1a2,det:39,,,,,,,,0,none,,review decision REJECT; heuristic flags (not labels): close_up
det:img_670.png,detection,stage2_dataset/clean/img_670.png,1780,1000,43b442cfd398302861d59b5ecfc4fa4613fa62086cb4bd35bbf176906cfb2afe,det:39,,,,,,,,0,none,,"review decision REJECT; heuristic flags (not labels): close_up,likely_label_defect"
det:img_671.png,detection,stage2_dataset/clean/img_671.png,1780,1000,302953b612a3a5fb2b40e1f1aa1b2e285240221b82fd912781f2422b0f5e90e9,det:40,,,,,,,,0,none,,"review decision REJECT; heuristic flags (not labels): close_up,likely_tilted_cap,likely_label_defect,hand_held"
det:img_672.png,detection,stage2_dataset/clean/img_672.png,1780,1000,9a96446c4ac683d4a7b4411b859b5b6c54bc73ce6257c30596cc6cdec8efa3b2,det:40,,,,,,,,0,none,,"review decision REJECT; heuristic flags (not labels): close_up,likely_tilted_cap,likely_label_defect,hand_held"
det:img_673.png,detection,stage2_dataset/clean/img_673.png,1780,1000,06bfeaadc4e9063441b5af2da45e6ec5b4696289648dfc61ddbed5cdcbd64bf1,det:40,,,,,,,,0,none,,"review decision REJECT; heuristic flags (not labels): close_up,likely_tilted_cap,likely_label_defect,hand_held"
det:img_674.png,detection,stage2_dataset/clean/img_674.png,1780,1000,8cd292c7b5abbb0a5d9b7c661856d52061cbd1ec999ae2d1c0927a1b20a0758f,det:40,,,,,,,,0,none,,review decision REJECT; heuristic flags (not labels): close_up
det:img_675.png,detection,stage2_dataset/clean/img_675.png,1780,1000,67b56c79b9382cc7abda9eeb5683f3772e3ccf2a90166830a75b9768bc11786f,det:40,,,,,,,,0,none,,review decision REJECT; heuristic flags (not labels): close_up
det:img_676.png,detection,stage2_dataset/clean/img_676.png,1780,1000,c3a4a3c876f27bb32de40a3d26c943682360f8d06335f9e5c8c7cd63e1487eec,det:40,,,,,,,,0,none,,review decision REJECT; heuristic flags (not labels): close_up
det:img_677.png,detection,stage2_dataset/clean/img_677.png,1780,1000,0c116408880071407a0cb0dedfc06043926148a56f0d3ea0965873b51aecb735,det:40,,,,,,,,0,none,,review decision REJECT; heuristic flags (not labels): close_up
det:img_678.png,detection,stage2_dataset/clean/img_678.png,1780,1000,0152f3edc99d8afa658d7b87daae3ff35c63aeff541c477ddf89be3a396b4174,det:40,,,,,,,,0,none,,review decision REJECT; heuristic flags (not labels): close_up
det:img_679.png,detection,stage2_dataset/clean/img_679.png,1780,1000,49d1f8ab5942d1c2f3049b37de3948cad66a89c4ecad15a6a60d69ea24884f1a,det:6,train,,,,1,3,bottle:1|cap:1|label:1,0,none,,heuristic flags (not labels): likely_good
det:img_680.png,detection,stage2_dataset/clean/img_680.png,1780,1000,95f296e9e13f858a01251f988ca22212c61820f9161383806c8e916c50abaea8,det:40,val,,,,1,2,bottle:1|label:1,0,none,,heuristic flags (not labels): close_up
det:img_681.png,detection,stage2_dataset/clean/img_681.png,1780,1000,8116460180b07c39c604632852796ae5a3a77fc243e8a9a97fae8d06d4c6419b,det:40,val,,,,1,2,bottle:1|label:1,0,none,,heuristic flags (not labels): close_up
det:img_682.png,detection,stage2_dataset/clean/img_682.png,1780,1000,3ccbfedef9e5c5e2395256f14464e5fba14331d81ccfebfa486ac8e74cbd4fec,det:40,val,,,,1,2,bottle:1|label:1,0,none,,"heuristic flags (not labels): close_up,likely_label_defect"
det:img_683.png,detection,stage2_dataset/clean/img_683.png,1780,1000,1128aba5cdbd59605e6671128714de7bc39f08025bd1592516d6f7e5e419326a,det:40,val,,,,1,2,bottle:1|label:1,0,none,,"heuristic flags (not labels): close_up,likely_label_defect"
det:img_684.png,detection,stage2_dataset/clean/img_684.png,1780,1000,3449d26180ed47710d67a3ddb735b4c654e4d169e802689119a8c3aaeb030ecb,det:40,val,,,,1,2,bottle:1|label:1,0,none,,heuristic flags (not labels): close_up
det:img_685.png,detection,stage2_dataset/clean/img_685.png,1780,1000,61b57c6246baa77748f8ec2d25e6d9759eab901b4580753f7cab242600d458b5,det:40,val,,,,1,2,bottle:1|label:1,0,none,,heuristic flags (not labels): close_up
det:img_706.png,detection,stage2_dataset/clean/img_706.png,1780,1000,603457f11b9f2ddb3d9d4614cd5b55a3995665923c1d790fdbbc4950f3d8bf91,det:6,train,,,,1,3,bottle:1|cap:1|label:1,0,none,,heuristic flags (not labels): likely_label_defect
det:img_707.png,detection,stage2_dataset/clean/img_707.png,1780,1000,b2d8bebcef00b02293c22c22fb41987e3a215982fa8ce5720971fc1af8d306cb,det:6,train,,,,1,3,bottle:1|cap:1|label:1,0,none,,heuristic flags (not labels): likely_good
det:img_708.png,detection,stage2_dataset/clean/img_708.png,1780,1000,b050f812298d3487e828dbdf6f5c68ae3394ba075c3989e7a89ff3709d40d269,det:6,train,,,,1,3,bottle:1|cap:1|label:1,0,none,,heuristic flags (not labels): likely_good
det:img_709.png,detection,stage2_dataset/clean/img_709.png,1780,1000,4baaa89952984069b16f04b7b226e3f9db1e815ee9c836ee4330494da3aa2aaa,det:6,train,,,,1,3,bottle:1|cap:1|label:1,0,none,,heuristic flags (not labels): likely_good
det:img_710.png,detection,stage2_dataset/clean/img_710.png,1780,1000,57342bf1cf8c836562c19f4896fd5599de7ae40b922409e28db1e9f9f0afc2d4,det:6,train,,,,1,3,bottle:1|cap:1|label:1,0,none,,heuristic flags (not labels): likely_good
det:img_711.png,detection,stage2_dataset/clean/img_711.png,1780,1000,9e4096dbf6473f8152acaa1a5dd9412b00f0ca75211e29c88742587447bedd3a,det:6,train,,,,1,3,bottle:1|cap:1|label:1,0,none,,heuristic flags (not labels): likely_good
det:img_712.png,detection,stage2_dataset/clean/img_712.png,1780,1000,b043b8d587b1c4cf89e01b69f2d93a2ad470ddb9268ddca3e3005a53729afa09,det:1,train,,,,1,3,bottle:1|cap:1|label:1,0,none,,heuristic flags (not labels): likely_good
det:img_713.png,detection,stage2_dataset/clean/img_713.png,1780,1000,d6d33fc57bb423a1ab8914c5dfd72582cff244089587c2e0e2ee66efa9a8519a,det:6,train,,,,1,3,bottle:1|cap:1|label:1,0,none,,heuristic flags (not labels): likely_good
det:img_714.png,detection,stage2_dataset/clean/img_714.png,1780,1000,30cd48eef3834106ccfa26e70cf51f8f2f733ae75a126f7c78f7d3f1f3aad5f4,det:6,train,,,,1,3,bottle:1|cap:1|label:1,0,none,,heuristic flags (not labels): likely_good
det:img_715.png,detection,stage2_dataset/clean/img_715.png,1780,1000,9fca169f5ba703f285ce6cfc1c93a823b59b2eb0f8ab914fb7b11559d3c23c9f,det:6,train,,,,1,3,bottle:1|cap:1|label:1,0,none,,heuristic flags (not labels): likely_good
det:img_716.png,detection,stage2_dataset/clean/img_716.png,1780,1000,8f73d454f56e01e1b3203d5a997eb5572609ef070fac61c1820f56823f2ecac3,det:6,train,,,,1,3,bottle:1|cap:1|label:1,0,none,,heuristic flags (not labels): likely_good
det:img_717.png,detection,stage2_dataset/clean/img_717.png,1780,1000,22f313bf70009354a1e97b8d1f1a6d6375ae7736900de283b83358c74b1e3d15,det:6,train,,,,1,3,bottle:1|cap:1|label:1,0,none,,heuristic flags (not labels): likely_good
det:img_718.png,detection,stage2_dataset/clean/img_718.png,1780,1000,3184603691d36645367fd1357ed97844380398f2f09ec9f1dcef8773f40d3aea,det:6,train,,,,1,3,bottle:1|cap:1|label:1,0,none,,heuristic flags (not labels): likely_label_defect
det:img_719.png,detection,stage2_dataset/clean/img_719.png,1780,1000,1ca7a3f55e4253b52bea9526cb519ef3f2f7ca96e1939238a347c41fc9256a2c,det:6,train,,,,1,3,bottle:1|cap:1|label:1,0,none,,heuristic flags (not labels): likely_label_defect
det:img_720.png,detection,stage2_dataset/clean/img_720.png,1780,1000,a6f66ef891b86dce3f23729c927a6f6c79caaa9d903bbbdca57aa1d85f9aaaf1,det:6,train,,,,1,3,bottle:1|cap:1|label:1,0,none,,heuristic flags (not labels): likely_good
det:img_721.png,detection,stage2_dataset/clean/img_721.png,1780,1000,3939509353058ff4404d6cd9c6f6549d3b98aa0915c086f739d5129ffc49d3db,det:6,train,,,,1,3,bottle:1|cap:1|label:1,0,none,,heuristic flags (not labels): likely_good
det:img_722.png,detection,stage2_dataset/clean/img_722.png,1780,1000,2b1dff3e0662c646adbfec64cc5d9d85268e2183262f5fc1b2e0bac9242bc03c,det:6,train,,,,1,3,bottle:1|cap:1|label:1,0,none,,heuristic flags (not labels): likely_label_defect
det:img_723.png,detection,stage2_dataset/clean/img_723.png,1780,1000,1ba6b261931cc14f5f47c56a445950bf0beca4961662c4d848045296cb6448e9,det:2,test,,,,1,3,bottle:1|cap:1|label:1,0,none,,heuristic flags (not labels): likely_good
det:img_724.png,detection,stage2_dataset/clean/img_724.png,1780,1000,b96028921618dac4a12b7bb6f83decb6db0999729f2fb6119f41e1b5f21c33d0,det:6,train,,,,1,3,bottle:1|cap:2,0,none,,heuristic flags (not labels): likely_good
det:img_725.png,detection,stage2_dataset/clean/img_725.png,1780,1000,7c14baff9ccfecefbe01cee42b6521af0881bcb378bcb149203fe6b0ecfb7eef,det:6,train,,,,1,3,bottle:1|cap:1|label:1,0,none,,heuristic flags (not labels): likely_label_defect
det:img_726.png,detection,stage2_dataset/clean/img_726.png,1780,1000,87505c22c6210a724a3e90b22f0c06f20c7fda5bd51b6918b22138129388c67c,det:6,train,,,,1,3,bottle:1|cap:1|label:1,0,none,,heuristic flags (not labels): likely_label_defect
det:img_727.png,detection,stage2_dataset/clean/img_727.png,1780,1000,a84d25481efa9f7b7d54944599aee0f481b49d31ac6272013f836309c16fb53a,det:6,train,,,,1,3,bottle:1|cap:1|label:1,0,none,,heuristic flags (not labels): black_marker
det:img_728.png,detection,stage2_dataset/clean/img_728.png,1780,1000,1bcb7d9ba5bbe8e0449e79758e4624db987ebe25ff53bd600231adbf69ad155f,det:6,train,,,,1,3,bottle:1|cap:1|label:1,0,none,,heuristic flags (not labels): black_marker
det:img_729.png,detection,stage2_dataset/clean/img_729.png,1780,1000,32e827bcab86d30fc973f09b0f6d48df33a79c87eaf464f4bbb0ee28fd70b073,det:6,train,,,,1,3,bottle:1|cap:1|label:1,0,none,,heuristic flags (not labels): black_marker
det:img_730.png,detection,stage2_dataset/clean/img_730.png,1780,1000,1259fb328d7148b7d16ac856a9aa346e00abfdb43481e8078e1a4a6ccf523859,det:6,train,,,,1,3,bottle:1|cap:1|label:1,0,none,,heuristic flags (not labels): black_marker
det:img_731.png,detection,stage2_dataset/clean/img_731.png,1780,1000,cfce124230a8d58fcd31a72ab2391be4193df2fb80b7a98f53c85a4b4f2074fa,det:7,train,,,,1,3,bottle:1|cap:1|label:1,0,none,,heuristic flags (not labels): likely_good
det:img_732.png,detection,stage2_dataset/clean/img_732.png,1780,1000,19b2192a631ad5bf451c10ef448ea9b1d6f9656e4ae73b413ff0e413bcef1d6b,det:7,train,,,,1,3,bottle:1|cap:1|label:1,0,none,,heuristic flags (not labels): likely_good
det:img_733.png,detection,stage2_dataset/clean/img_733.png,1780,1000,8edd6ea06a4332dec7deac485d9f0daa188d056583e34889d9a9347fb6c8edca,det:7,train,,,,1,3,bottle:1|cap:1|label:1,0,none,,heuristic flags (not labels): likely_good
