file,width,height,bytes,mean_brightness,n_object_blobs,bbox,bbox_fill_frac,aspect_wh,angle_deg,touches_top,touches_bottom,solidity,cap,label,marker_like_spots,flags,md5,dhash
img_001.png,1920,1080,738986,184.2,1,"[792, 179, 333, 806]",0.1696,0.0885,0.27,False,False,0.959,"{""bbox"": [888, 199, 145, 81], ""area"": 10610, ""angle_dev"": 0.0}","{""bbox"": [832, 570, 253, 167], ""area"": 39247, ""angle_dev"": 0.27, ""solidity"": 0.959}",13,"[""likely_good_normal_candidate""]",f24dba41821c6f1b605f6badce7aa230,17935841602569028812
img_002.png,1920,1080,800416,185.4,1,"[798, 176, 337, 809]",0.1722,0.0907,0.41,False,False,0.858,"{""bbox"": [892, 196, 145, 83], ""area"": 10689, ""angle_dev"": 0.0}","{""bbox"": [838, 570, 257, 174], ""area"": 36592, ""angle_dev"": 0.41, ""solidity"": 0.858}",14,"[""likely_good_normal_candidate""]",24cf682ff78a0e939c2e3de7444b39fe,17935841619748902092
img_003.png,1920,1080,756704,189.0,1,"[834, 141, 308, 844]",0.1642,0.106,0.0,False,False,0.714,"{""bbox"": [918, 161, 146, 97], ""area"": 12836, ""angle_dev"": 0.0}","{""bbox"": [874, 547, 228, 174], ""area"": 23722, ""angle_dev"": 0.0, ""solidity"": 0.714}",10,"[""likely_good_normal_candidate""]",8e05c80d0e285e4ff164ff223b190787,16782920098501159116
img_004.png,1920,1080,722216,189.0,1,"[834, 141, 307, 844]",0.1637,0.106,2.21,False,False,0.711,"{""bbox"": [918, 161, 147, 97], ""area"": 12796, ""angle_dev"": 0.0}","{""bbox"": [874, 542, 227, 179], ""area"": 23811, ""angle_dev"": 2.21, ""solidity"": 0.711}",10,"[""likely_good_normal_candidate""]",dedff8091ab86b3e1573bd0108e543d5,16782920098501159116
img_005.png,1920,1080,662070,189.0,1,"[834, 141, 307, 844]",0.1637,0.106,0.92,False,False,0.711,"{""bbox"": [918, 161, 146, 97], ""area"": 12928, ""angle_dev"": 0.0}","{""bbox"": [874, 547, 227, 174], ""area"": 23574, ""angle_dev"": 0.92, ""solidity"": 0.711}",9,"[""likely_good_normal_candidate""]",4731536db48cfe3fb7ae54e43b87592f,16782920098501159116
img_006.png,1920,1080,742620,189.0,1,"[834, 141, 308, 844]",0.1642,0.1049,0.68,False,False,0.699,"{""bbox"": [918, 161, 147, 96], ""area"": 12804, ""angle_dev"": 0.0}","{""bbox"": [874, 547, 228, 174], ""area"": 23299, ""angle_dev"": 0.68, ""solidity"": 0.699}",9,"[""likely_good_normal_candidate""]",0891dae74497cc19460e7d5136a1f056,16782920098501159116
img_007.png,1920,1080,704581,189.0,1,"[834, 141, 308, 844]",0.1642,0.106,1.01,False,False,0.708,"{""bbox"": [918, 161, 147, 97], ""area"": 12904, ""angle_dev"": 0.0}","{""bbox"": [874, 546, 228, 175], ""area"": 23717, ""angle_dev"": 1.01, ""solidity"": 0.708}",8,"[""likely_good_normal_candidate""]",321f4e47ab5c6146290e57f38a195997,16782920098501159116
img_008.png,1920,1080,764686,189.0,1,"[834, 141, 308, 844]",0.1642,0.106,1.1,False,False,0.699,"{""bbox"": [918, 161, 147, 97], ""area"": 12843, ""angle_dev"": 0.0}","{""bbox"": [874, 546, 228, 175], ""area"": 23310, ""angle_dev"": 1.1, ""solidity"": 0.699}",9,"[""likely_good_normal_candidate""]",de899c75b47e7fd098102564b8ecbed8,16782920098501159116
img_009.png,1920,1080,773852,189.0,1,"[819, 143, 331, 842]",0.1761,0.1038,0.0,False,False,0.643,"{""bbox"": [911, 163, 145, 95], ""area"": 12606, ""angle_dev"": 0.0}","{""bbox"": [859, 545, 251, 174], ""area"": 25898, ""angle_dev"": 0.0, ""solidity"": 0.643}",4,"[""likely_good_normal_candidate""]",5affecf61b576d715fc8b5603f104e25,16782920098501159116
img_010.png,1920,1080,720186,188.9,1,"[820, 143, 330, 842]",0.1755,0.1038,0.0,False,False,0.645,"{""bbox"": [911, 163, 145, 95], ""area"": 12643, ""angle_dev"": 0.0}","{""bbox"": [860, 545, 250, 175], ""area"": 25966, ""angle_dev"": 0.0, ""solidity"": 0.645}",5,"[""likely_good_normal_candidate""]",fbe9911cfe8d337f45a58f9508eb4e93,16782920098501159116
img_011.png,1920,1080,819209,188.9,1,"[820, 143, 330, 842]",0.1755,0.1038,0.0,False,False,0.648,"{""bbox"": [911, 163, 145, 95], ""area"": 12634, ""angle_dev"": 0.0}","{""bbox"": [860, 545, 250, 175], ""area"": 26088, ""angle_dev"": 0.0, ""solidity"": 0.648}",5,"[""likely_good_normal_candidate""]",18ef79b1a096b2f90a4b66c29b212e17,16782920098501159116
img_012.png,1920,1080,785910,188.9,1,"[819, 143, 331, 842]",0.1761,0.1038,0.0,False,False,0.653,"{""bbox"": [910, 163, 147, 95], ""area"": 12683, ""angle_dev"": 0.0}","{""bbox"": [859, 545, 251, 174], ""area"": 26404, ""angle_dev"": 0.0, ""solidity"": 0.653}",4,"[""likely_good_normal_candidate""]",17e3067052074d9a2071b6f912034172,16782920098501159116
img_013.png,1920,1080,748238,185.4,1,"[798, 176, 336, 809]",0.1717,0.0896,0.99,False,False,0.848,"{""bbox"": [893, 196, 145, 82], ""area"": 10771, ""angle_dev"": 0.0}","{""bbox"": [838, 571, 256, 174], ""area"": 35971, ""angle_dev"": 0.99, ""solidity"": 0.848}",13,"[""likely_good_normal_candidate""]",929a9312b848485812e5007c60d54dbb,17935841619748902092
img_014.png,1920,1080,730943,188.9,1,"[819, 143, 331, 842]",0.1761,0.1049,0.0,False,False,0.649,"{""bbox"": [911, 163, 146, 96], ""area"": 12589, ""angle_dev"": 0.76}","{""bbox"": [859, 545, 251, 174], ""area"": 26003, ""angle_dev"": 0.0, ""solidity"": 0.649}",3,"[""likely_good_normal_candidate""]",848081c37251d24dbc4880e720be9c8b,16782920098501159116
img_015.png,1920,1080,787762,188.9,1,"[819, 143, 331, 842]",0.1761,0.1049,0.0,False,False,0.65,"{""bbox"": [911, 163, 146, 96], ""area"": 12529, ""angle_dev"": 1.27}","{""bbox"": [859, 545, 251, 174], ""area"": 26091, ""angle_dev"": 0.0, ""solidity"": 0.65}",4,"[""likely_good_normal_candidate""]",58701e5863a6a832d5153845fd959b1a,16782920098501159116
img_016.png,1920,1080,749353,188.9,1,"[820, 143, 330, 842]",0.1755,0.1038,0.0,False,False,0.645,"{""bbox"": [911, 163, 145, 95], ""area"": 12582, ""angle_dev"": 0.0}","{""bbox"": [860, 545, 250, 175], ""area"": 26004, ""angle_dev"": 0.0, ""solidity"": 0.645}",4,"[""likely_good_normal_candidate""]",5fc61f8f18a9c4a8a65ca929f1a6b9eb,16782920098501159116
img_017.png,1920,1080,913797,188.2,1,"[815, 144, 355, 841]",0.1886,0.1027,2.28,False,False,0.673,"{""bbox"": [911, 164, 143, 94], ""area"": 12294, ""angle_dev"": 0.0}","{""bbox"": [855, 535, 275, 174], ""area"": 26977, ""angle_dev"": 2.28, ""solidity"": 0.673}",3,"[""likely_good_normal_candidate""]",84cfa84111ef4fd35f71f421178ad34b,16782920097962189004
img_018.png,1920,1080,780186,187.9,1,"[815, 144, 356, 841]",0.1891,0.1027,2.51,False,False,0.673,"{""bbox"": [911, 164, 143, 94], ""area"": 12428, ""angle_dev"": 0.0}","{""bbox"": [855, 535, 276, 175], ""area"": 27083, ""angle_dev"": 2.51, ""solidity"": 0.673}",3,"[""likely_good_normal_candidate""]",96074bc190939dfc6f742ed9a664b24b,16782920097962189004
img_019.png,1920,1080,722291,187.8,1,"[814, 144, 357, 841]",0.1897,0.1027,2.28,False,False,0.677,"{""bbox"": [910, 164, 144, 94], ""area"": 12446, ""angle_dev"": 0.0}","{""bbox"": [854, 535, 277, 175], ""area"": 27124, ""angle_dev"": 2.28, ""solidity"": 0.677}",3,"[""likely_good_normal_candidate""]",5c0d172eceb8e86955e76edb6416206d,16782920097962189004
img_020.png,1920,1080,781839,187.8,1,"[810, 144, 361, 841]",0.1918,0.1027,2.1,False,False,0.673,"{""bbox"": [911, 164, 143, 94], ""area"": 12210, ""angle_dev"": 0.0}","{""bbox"": [850, 537, 281, 173], ""area"": 27077, ""angle_dev"": 2.1, ""solidity"": 0.673}",2,"[""likely_good_normal_candidate""]",1ca3458076086abf3bb3da71e682c973,16782920097962189004
img_021.png,1920,1080,719630,187.8,1,"[808, 144, 363, 841]",0.1929,0.1027,2.05,False,False,0.657,"{""bbox"": [911, 164, 143, 94], ""area"": 12408, ""angle_dev"": 0.0}","{""bbox"": [848, 536, 283, 174], ""area"": 27147, ""angle_dev"": 2.05, ""solidity"": 0.657}",2,"[""likely_good_normal_candidate""]",da4fbff43eb2737a429c31d65fd1ac5a,16782920097962189004
img_022.png,1920,1080,807087,187.8,1,"[815, 144, 356, 841]",0.1891,0.1027,2.29,False,False,0.67,"{""bbox"": [911, 164, 143, 94], ""area"": 12412, ""angle_dev"": 0.0}","{""bbox"": [855, 535, 276, 175], ""area"": 26958, ""angle_dev"": 2.29, ""solidity"": 0.67}",5,"[""likely_good_normal_candidate""]",ca183477b0b9bbe2d40b8882218c671a,16782920097962189004
img_023.png,1920,1080,815999,187.7,1,"[796, 146, 380, 839]",0.2014,0.1016,1.24,False,False,0.825,"{""bbox"": [910, 166, 142, 93], ""area"": 12027, ""angle_dev"": 0.0}","{""bbox"": [836, 534, 300, 170], ""area"": 36449, ""angle_dev"": 1.24, ""solidity"": 0.825}",4,"[""likely_good_normal_candidate""]",55498bddc44632c16d745cdc50dbaf73,16782920097962190028
img_024.png,1920,1080,836913,185.4,1,"[798, 176, 337, 809]",0.1722,0.0907,0.94,False,False,0.836,"{""bbox"": [893, 196, 145, 83], ""area"": 10877, ""angle_dev"": 0.0}","{""bbox"": [838, 571, 257, 174], ""area"": 35524, ""angle_dev"": 0.94, ""solidity"": 0.836}",16,"[""likely_good_normal_candidate""]",6fc85e64f704985b17ecbebf717282f3,17935841619748902092
img_025.png,1920,1080,730483,187.4,1,"[796, 146, 379, 839]",0.2009,0.1016,1.26,False,False,0.832,"{""bbox"": [910, 166, 142, 93], ""area"": 12135, ""angle_dev"": 0.0}","{""bbox"": [836, 535, 299, 168], ""area"": 36361, ""angle_dev"": 1.26, ""solidity"": 0.832}",4,"[""likely_good_normal_candidate""]",6b72ee2b35e3bc9702ae57cd450fa143,16782920097962190028
img_026.png,1920,1080,834735,187.3,1,"[796, 146, 380, 839]",0.2014,0.1016,1.26,False,False,0.834,"{""bbox"": [910, 166, 142, 93], ""area"": 12106, ""angle_dev"": 0.0}","{""bbox"": [836, 535, 300, 168], ""area"": 36421, ""angle_dev"": 1.26, ""solidity"": 0.834}",2,"[""likely_good_normal_candidate""]",1c1bc1c56344e27be1392eae6550631e,16782920097962190028
img_027.png,1920,1080,793737,187.3,1,"[796, 146, 380, 839]",0.2014,0.1016,1.11,False,False,0.839,"{""bbox"": [909, 166, 143, 93], ""area"": 12091, ""angle_dev"": 0.0}","{""bbox"": [836, 536, 300, 167], ""area"": 36550, ""angle_dev"": 1.11, ""solidity"": 0.839}",4,"[""likely_good_normal_candidate""]",e8bada3a1afe7d33446c79c29d81ee7f,16782920097962190028
img_028.png,1920,1080,757337,187.3,1,"[796, 146, 379, 839]",0.2009,0.1016,1.27,False,False,0.832,"{""bbox"": [910, 166, 142, 93], ""area"": 11986, ""angle_dev"": 0.0}","{""bbox"": [836, 535, 299, 168], ""area"": 36457, ""angle_dev"": 1.27, ""solidity"": 0.832}",4,"[""likely_good_normal_candidate""]",290f223332fe53870e87957ca46aa9b4,16782920097962189004
img_029.png,1920,1080,835668,187.3,1,"[796, 146, 380, 839]",0.2014,0.1016,1.21,False,False,0.833,"{""bbox"": [910, 166, 142, 93], ""area"": 11924, ""angle_dev"": 0.0}","{""bbox"": [836, 535, 300, 168], ""area"": 36490, ""angle_dev"": 1.21, ""solidity"": 0.833}",4,"[""likely_good_normal_candidate""]",4075605034994a62561f0a12ec73ea44,16782920097962189004
img_030.png,1920,1080,773986,187.3,1,"[796, 145, 380, 840]",0.2016,0.1027,1.13,False,False,0.833,"{""bbox"": [910, 165, 142, 94], ""area"": 12045, ""angle_dev"": 1.27}","{""bbox"": [836, 536, 300, 167], ""area"": 36459, ""angle_dev"": 1.13, ""solidity"": 0.833}",4,"[""likely_good_normal_candidate""]",e4bad708da45e4fa0ba8670bcaee69b4,16782920097962190028
img_031.png,1920,1080,759393,187.3,1,"[831, 149, 319, 836]",0.1685,0.1005,0.77,False,False,0.953,"{""bbox"": [918, 169, 143, 92], ""area"": 11589, ""angle_dev"": 0.0}","{""bbox"": [871, 539, 239, 166], ""area"": 35182, ""angle_dev"": 0.77, ""solidity"": 0.953}",0,"[""likely_good_normal_candidate""]",0ad077a87f7b5c4e5fce35b76f58c394,16782920098501149900
img_032.png,1920,1080,682233,187.3,1,"[832, 149, 317, 836]",0.1674,0.1016,1.1,False,False,0.956,"{""bbox"": [918, 169, 143, 93], ""area"": 11593, ""angle_dev"": 0.81}","{""bbox"": [872, 539, 237, 166], ""area"": 35224, ""angle_dev"": 1.1, ""solidity"": 0.956}",0,"[""likely_good_normal_candidate""]",8bb4e9608ca00a13f3e81acb2d9eb586,16782920098501149900
img_033.png,1920,1080,803671,187.3,1,"[832, 148, 317, 837]",0.1676,0.1005,1.08,False,False,0.96,"{""bbox"": [918, 168, 142, 92], ""area"": 11614, ""angle_dev"": 0.76}","{""bbox"": [872, 540, 237, 165], ""area"": 35310, ""angle_dev"": 1.08, ""solidity"": 0.96}",0,"[""likely_good_normal_candidate""]",65c9b23c686565acbebd3bc20dbeb182,16782920098501149900
img_034.png,1920,1080,772010,187.3,1,"[832, 148, 318, 837]",0.1681,0.0995,0.5,False,False,0.949,"{""bbox"": [918, 168, 143, 91], ""area"": 11668, ""angle_dev"": 0.0}","{""bbox"": [872, 537, 238, 168], ""area"": 35499, ""angle_dev"": 0.5, ""solidity"": 0.949}",0,"[""likely_good_normal_candidate""]",6693088b26d8ca96b6584223843b461f,16782920098501149900
img_035.png,1920,1080,808051,185.5,1,"[798, 176, 338, 809]",0.1727,0.0885,0.0,False,False,0.845,"{""bbox"": [893, 196, 144, 81], ""area"": 10757, ""angle_dev"": 0.53}","{""bbox"": [838, 571, 258, 173], ""area"": 36022, ""angle_dev"": 0.0, ""solidity"": 0.845}",16,"[""likely_good_normal_candidate""]",243c9d3910023e01d1c1a7165ade5587,17935841619748902092
img_036.png,1920,1080,732966,187.3,1,"[831, 148, 318, 837]",0.1681,0.1005,0.86,False,False,0.953,"{""bbox"": [918, 168, 142, 92], ""area"": 11575, ""angle_dev"": 0.75}","{""bbox"": [871, 539, 238, 166], ""area"": 35302, ""angle_dev"": 0.86, ""solidity"": 0.953}",0,"[""likely_good_normal_candidate""]",dd86765936f2cf24ca3834eb8f84bcd1,16782920098501149900
img_037.png,1920,1080,675150,187.3,1,"[833, 149, 317, 836]",0.1674,0.0984,1.59,False,False,0.967,"{""bbox"": [918, 169, 143, 90], ""area"": 11567, ""angle_dev"": 0.77}","{""bbox"": [873, 539, 237, 166], ""area"": 35317, ""angle_dev"": 1.59, ""solidity"": 0.967}",0,"[""likely_good_normal_candidate""]",baaf9f5801f1c6cd5092ccf8c69d7cad,16782920098501149900
img_038.png,1920,1080,789758,187.3,1,"[832, 149, 318, 836]",0.1679,0.0995,1.43,False,False,0.966,"{""bbox"": [918, 169, 144, 91], ""area"": 11608, ""angle_dev"": 0.7}","{""bbox"": [872, 539, 238, 166], ""area"": 35238, ""angle_dev"": 1.43, ""solidity"": 0.966}",0,"[""likely_good_normal_candidate""]",811eb310d3b7c00cab5645645070e278,16782920098501149900
img_039.png,1920,1080,759931,187.3,1,"[831, 148, 318, 837]",0.1681,0.0995,1.56,False,False,0.965,"{""bbox"": [918, 168, 143, 91], ""area"": 11662, ""angle_dev"": 0.0}","{""bbox"": [871, 539, 238, 166], ""area"": 35295, ""angle_dev"": 1.56, ""solidity"": 0.965}",0,"[""likely_good_normal_candidate""]",587c263cfbf5a80994b4d4543453845a,16782920098501151948
img_040.png,1920,1080,1015153,188.8,1,"[839, 150, 296, 835]",0.1561,0.0973,0.37,False,False,0.884,"{""bbox"": [915, 170, 141, 89], ""area"": 11363, ""angle_dev"": 0.0}","{""bbox"": [879, 536, 216, 166], ""area"": 28126, ""angle_dev"": 0.37, ""solidity"": 0.884}",0,"[""likely_good_normal_candidate""]",de5b51aa7c4866c76d3c4ea483ed68c8,16782920098501149900
img_041.png,1920,1080,726510,188.1,1,"[839, 150, 295, 835]",0.1556,0.0995,0.69,False,False,0.889,"{""bbox"": [914, 170, 141, 91], ""area"": 11441, ""angle_dev"": 0.0}","{""bbox"": [879, 536, 215, 166], ""area"": 28312, ""angle_dev"": 0.69, ""solidity"": 0.889}",0,"[""likely_good_normal_candidate""]",8a04990ebb378cb3d358062f9441ee9b,16782920098501149900
img_042.png,1920,1080,670067,188.0,1,"[838, 150, 298, 835]",0.1572,0.0995,0.0,False,False,0.877,"{""bbox"": [913, 170, 141, 91], ""area"": 11465, ""angle_dev"": 0.67}","{""bbox"": [878, 534, 218, 168], ""area"": 28233, ""angle_dev"": 0.0, ""solidity"": 0.877}",0,"[""likely_good_normal_candidate""]",244fbcaf96dcdbcec2c805ce88707601,16782920098501149900
img_043.png,1920,1080,758814,188.0,1,"[838, 150, 296, 835]",0.1561,0.0984,0.0,False,False,0.878,"{""bbox"": [913, 170, 141, 90], ""area"": 11392, ""angle_dev"": 0.0}","{""bbox"": [878, 534, 216, 168], ""area"": 28077, ""angle_dev"": 0.0, ""solidity"": 0.878}",0,"[""likely_good_normal_candidate""]",3881102fa6038b4984864ce81905274e,16782920098501149900
img_044.png,1920,1080,707740,188.0,1,"[838, 150, 295, 835]",0.1556,0.0973,0.77,False,False,0.89,"{""bbox"": [913, 170, 142, 89], ""area"": 11488, ""angle_dev"": 0.0}","{""bbox"": [878, 535, 215, 167], ""area"": 28175, ""angle_dev"": 0.77, ""solidity"": 0.89}",0,"[""likely_good_normal_candidate""]",0d3435c5c2843064edafa4aaed255594,16782920098501149900
img_045.png,1920,1080,800431,188.3,1,"[793, 146, 338, 839]",0.1791,0.1016,3.41,False,False,0.897,"{""bbox"": [906, 166, 144, 93], ""area"": 11653, ""angle_dev"": 4.4}","{""bbox"": [833, 529, 258, 177], ""area"": 37350, ""angle_dev"": 3.41, ""solidity"": 0.897}",0,"[""likely_tilted_cap"", ""likely_skewed_label""]",af6db335079a5c0e9e21d1aa26868ffe,16782920097962191052
img_046.png,1920,1080,788411,185.5,1,"[798, 176, 337, 809]",0.1722,0.0896,1.03,False,False,0.858,"{""bbox"": [893, 196, 144, 82], ""area"": 10734, ""angle_dev"": 0.0}","{""bbox"": [838, 570, 257, 174], ""area"": 36575, ""angle_dev"": 1.03, ""solidity"": 0.858}",15,"[""likely_good_normal_candidate""]",a14c7715c3509d3b4cecad059e1deed6,17935841619748902092
img_047.png,1920,1080,865559,187.9,1,"[793, 146, 338, 839]",0.1791,0.1016,2.55,False,False,0.904,"{""bbox"": [907, 166, 143, 93], ""area"": 11646, ""angle_dev"": 4.29}","{""bbox"": [833, 528, 258, 178], ""area"": 37586, ""angle_dev"": 2.55, ""solidity"": 0.904}",0,"[""likely_tilted_cap""]",e95eebc0f8260a17289644fd685ab492,16782920097962191052
img_048.png,1920,1080,775894,187.8,1,"[794, 146, 337, 839]",0.1786,0.1016,2.28,False,False,0.905,"{""bbox"": [906, 166, 144, 93], ""area"": 11621, ""angle_dev"": 4.29}","{""bbox"": [834, 529, 257, 176], ""area"": 37486, ""angle_dev"": 2.28, ""solidity"": 0.905}",0,"[""likely_tilted_cap""]",5b9e75ad2c80305ac0826581df49cf51,16782920097962191052
img_049.png,1920,1080,716732,187.8,1,"[794, 146, 336, 839]",0.1781,0.1016,2.56,False,False,0.905,"{""bbox"": [907, 166, 144, 93], ""area"": 11623, ""angle_dev"": 4.09}","{""bbox"": [834, 528, 256, 177], ""area"": 37378, ""angle_dev"": 2.56, ""solidity"": 0.905}",0,"[""likely_tilted_cap""]",758aff57856c0e99f8d6b18abe94d02f,16782920097962191052
img_050.png,1920,1080,815232,187.3,1,"[752, 154, 318, 831]",0.1669,0.0929,0.88,False,False,0.96,"{""bbox"": [845, 174, 141, 85], ""area"": 11259, ""angle_dev"": 0.0}","{""bbox"": [792, 534, 238, 164], ""area"": 35399, ""angle_dev"": 0.88, ""solidity"": 0.96}",3,"[""likely_good_normal_candidate""]",dd1e54b6c5a69ddf6d24c27e68235a6b,17935841602501921996
img_051.png,1920,1080,872551,186.8,1,"[752, 154, 319, 831]",0.1675,0.0929,0.92,False,False,0.958,"{""bbox"": [845, 174, 142, 85], ""area"": 11250, ""angle_dev"": 0.0}","{""bbox"": [792, 534, 239, 164], ""area"": 35425, ""angle_dev"": 0.92, ""solidity"": 0.958}",3,"[""likely_good_normal_candidate""]",e47e3a1ad17da467e8b63e95391fc7c9,17935841602501921996
img_052.png,1920,1080,757957,186.6,1,"[752, 154, 319, 831]",0.1675,0.094,0.8,False,False,0.952,"{""bbox"": [846, 174, 140, 86], ""area"": 11282, ""angle_dev"": 0.0}","{""bbox"": [792, 534, 239, 164], ""area"": 35537, ""angle_dev"": 0.8, ""solidity"": 0.952}",4,"[""likely_good_normal_candidate""]",24c76c8cbcceb75fd083c6d3024b344c,17935841602501921996
img_053.png,1920,1080,661446,186.6,1,"[752, 154, 319, 831]",0.1675,0.094,0.5,False,False,0.961,"{""bbox"": [846, 174, 140, 86], ""area"": 11341, ""angle_dev"": 0.0}","{""bbox"": [792, 535, 239, 163], ""area"": 35272, ""angle_dev"": 0.5, ""solidity"": 0.961}",4,"[""likely_good_normal_candidate""]",f3a3a67de8138efad32afb1f77b56153,17935841602501921996
img_054.png,1920,1080,766918,186.6,1,"[752, 154, 319, 831]",0.1675,0.094,1.0,False,False,0.952,"{""bbox"": [847, 174, 140, 86], ""area"": 11290, ""angle_dev"": 0.0}","{""bbox"": [792, 534, 239, 164], ""area"": 35344, ""angle_dev"": 1.0, ""solidity"": 0.952}",4,"[""likely_good_normal_candidate""]",08515636228e4af57261e43d3ca2c345,17935841602501921996
img_055.png,1920,1080,704444,186.6,1,"[752, 154, 319, 831]",0.1675,0.094,0.46,False,False,0.948,"{""bbox"": [847, 174, 141, 86], ""area"": 11336, ""angle_dev"": 0.0}","{""bbox"": [792, 534, 239, 164], ""area"": 35151, ""angle_dev"": 0.46, ""solidity"": 0.948}",4,"[""likely_good_normal_candidate""]",252ca7493261294c96170d626aac16c5,17935841602501921996
img_056.png,1920,1080,797575,186.6,1,"[752, 154, 319, 831]",0.1675,0.094,0.49,False,False,0.949,"{""bbox"": [847, 174, 140, 86], ""area"": 11276, ""angle_dev"": 0.0}","{""bbox"": [792, 534, 239, 164], ""area"": 35199, ""angle_dev"": 0.49, ""solidity"": 0.949}",4,"[""likely_good_normal_candidate""]",672df4ab5b97d8935d622f8836ec1a9f,17935841602501921996
img_057.png,1920,1080,728948,185.5,1,"[797, 175, 338, 810]",0.173,0.0907,0.42,False,False,0.855,"{""bbox"": [893, 195, 144, 83], ""area"": 10657, ""angle_dev"": 1.64}","{""bbox"": [837, 571, 258, 173], ""area"": 36452, ""angle_dev"": 0.42, ""solidity"": 0.855}",16,"[""likely_good_normal_candidate""]",bcb95c2269288731273f25749e02d467,17935841619748902092
img_058.png,1920,1080,746113,186.5,1,"[752, 154, 319, 831]",0.1675,0.094,0.49,False,False,0.957,"{""bbox"": [847, 174, 141, 86], ""area"": 11295, ""angle_dev"": 0.0}","{""bbox"": [792, 534, 239, 164], ""area"": 35578, ""angle_dev"": 0.49, ""solidity"": 0.957}",4,"[""likely_good_normal_candidate""]",d7a2a7d62e3727966e201420457d27b3,17935841602501921996
img_059.png,1920,1080,675195,186.6,1,"[752, 154, 319, 831]",0.1675,0.094,0.0,False,False,0.959,"{""bbox"": [846, 174, 142, 86], ""area"": 11292, ""angle_dev"": 0.0}","{""bbox"": [792, 535, 239, 163], ""area"": 35371, ""angle_dev"": 0.0, ""solidity"": 0.959}",4,"[""likely_good_normal_candidate""]",dc60f3e1abe6e89e2f5b92c915681d4a,17935841602501921996
img_060.png,1920,1080,725315,188.3,1,"[732, 153, 331, 832]",0.174,0.0973,1.5,False,False,0.895,"{""bbox"": [830, 173, 141, 89], ""area"": 11149, ""angle_dev"": 3.05}","{""bbox"": [772, 532, 251, 168], ""area"": 35357, ""angle_dev"": 1.5, ""solidity"": 0.895}",7,"[""likely_good_normal_candidate""]",87ef2b44c55bbbc7ffda1f69908602d0,17926834403247181016
img_061.png,1920,1080,802515,188.0,1,"[731, 153, 332, 832]",0.1745,0.0973,1.5,False,False,0.945,"{""bbox"": [829, 173, 142, 89], ""area"": 11123, ""angle_dev"": 3.11}","{""bbox"": [771, 532, 252, 168], ""area"": 37377, ""angle_dev"": 1.5, ""solidity"": 0.945}",7,"[""likely_good_normal_candidate""]",5396c15cc9aec8bfc8d5f9d35933063d,17926834403247181016
img_062.png,1920,1080,773379,187.9,1,"[731, 152, 332, 833]",0.1747,0.0984,0.67,False,False,0.947,"{""bbox"": [829, 172, 141, 90], ""area"": 11124, ""angle_dev"": 2.66}","{""bbox"": [771, 533, 252, 167], ""area"": 37276, ""angle_dev"": 0.67, ""solidity"": 0.947}",6,"[""likely_good_normal_candidate""]",c111e36fa79b62e720bc1d5ef32ada68,17926834403247181016
img_063.png,1920,1080,712899,187.9,1,"[731, 153, 331, 832]",0.174,0.0973,0.0,False,False,0.949,"{""bbox"": [829, 173, 141, 89], ""area"": 11214, ""angle_dev"": 3.04}","{""bbox"": [771, 534, 251, 166], ""area"": 37298, ""angle_dev"": 0.0, ""solidity"": 0.949}",6,"[""likely_good_normal_candidate""]",a2882d43228bee18308e78a43e176843,17926834403247181016
img_064.png,1920,1080,774940,187.9,1,"[731, 153, 331, 832]",0.174,0.0973,0.0,False,False,0.947,"{""bbox"": [829, 173, 141, 89], ""area"": 11188, ""angle_dev"": 3.14}","{""bbox"": [771, 534, 251, 166], ""area"": 37345, ""angle_dev"": 0.0, ""solidity"": 0.947}",7,"[""likely_good_normal_candidate""]",84f4a4c5eba2a0b96914e9de75e09375,17926834403247181016
img_065.png,1920,1080,747040,187.9,1,"[731, 153, 331, 832]",0.174,0.0973,0.0,False,False,0.947,"{""bbox"": [829, 173, 142, 89], ""area"": 11191, ""angle_dev"": 2.86}","{""bbox"": [771, 534, 251, 166], ""area"": 37392, ""angle_dev"": 0.0, ""solidity"": 0.947}",7,"[""likely_good_normal_candidate""]",52a8c68ea9b15ec7615b3cc908c811b8,17926834403247181016
img_066.png,1920,1080,805472,188.3,1,"[745, 146, 352, 839]",0.1866,0.1093,0.67,False,False,0.872,"{""bbox"": [825, 166, 145, 100], ""area"": 12067, ""angle_dev"": 6.01}","{""bbox"": [785, 532, 272, 174], ""area"": 38760, ""angle_dev"": 0.67, ""solidity"": 0.872}",13,"[""likely_tilted_cap""]",5b7835787a520ca063d63ecf596c6c25,16773912898640080076
img_067.png,1920,1080,851569,188.1,1,"[745, 146, 352, 839]",0.1866,0.1093,0.24,False,False,0.876,"{""bbox"": [825, 166, 145, 100], ""area"": 12038, ""angle_dev"": 6.58}","{""bbox"": [785, 534, 272, 172], ""area"": 38701, ""angle_dev"": 0.24, ""solidity"": 0.876}",12,"[""likely_tilted_cap""]",ef152eaa80e7c8f24c8ade61fb2e6a22,16773912898640080076
img_068.png,1920,1080,802534,187.1,1,"[809, 172, 342, 813]",0.1757,0.0962,0.0,False,False,0.946,"{""bbox"": [906, 192, 147, 88], ""area"": 11531, ""angle_dev"": 1.51}","{""bbox"": [849, 574, 262, 174], ""area"": 41706, ""angle_dev"": 0.0, ""solidity"": 0.946}",7,"[""likely_good_normal_candidate""]",e14535862af0148b49e3d8b28ec05ea5,17935841602569035980
img_069.png,1920,1080,754790,188.0,1,"[745, 146, 352, 839]",0.1866,0.1093,0.0,False,False,0.872,"{""bbox"": [825, 166, 145, 100], ""area"": 12045, ""angle_dev"": 5.04}","{""bbox"": [785, 534, 272, 171], ""area"": 38542, ""angle_dev"": 0.0, ""solidity"": 0.872}",12,"[""likely_tilted_cap""]",a67196c76c721665f7fe17e278a13927,16773912898640071884
img_070.png,1920,1080,698391,188.0,1,"[745, 146, 352, 839]",0.1866,0.1093,0.66,False,False,0.876,"{""bbox"": [826, 166, 144, 100], ""area"": 12079, ""angle_dev"": 4.4}","{""bbox"": [785, 533, 272, 173], ""area"": 38668, ""angle_dev"": 0.66, ""solidity"": 0.876}",13,"[""likely_tilted_cap""]",bedb36c007bc3ec23b85ad129a0b9238,16773912898640080076
img_071.png,1920,1080,863277,187.8,1,"[781, 171, 340, 814]",0.1748,0.1333,4.9,False,False,0.788,"{""bbox"": [821, 191, 144, 122], ""area"": 13262, ""angle_dev"": 0.0}","{""bbox"": [826, 557, 255, 177], ""area"": 27784, ""angle_dev"": 4.9, ""solidity"": 0.788}",6,"[""likely_skewed_label""]",f18e20cb9c1f571557a357ee104d011e,17350373651010873548
img_072.png,1920,1080,777835,187.6,1,"[786, 171, 338, 814]",0.1738,0.1137,4.14,False,False,0.779,"{""bbox"": [826, 191, 143, 104], ""area"": 12933, ""angle_dev"": 0.0}","{""bbox"": [830, 552, 254, 181], ""area"": 27833, ""angle_dev"": 4.14, ""solidity"": 0.779}",7,"[""likely_skewed_label""]",1194850b70a3690c08bfe3759681e443,17350373651010873548
img_073.png,1920,1080,884413,187.6,1,"[786, 172, 339, 813]",0.1741,0.1333,3.09,False,False,0.787,"{""bbox"": [826, 192, 144, 122], ""area"": 13215, ""angle_dev"": 0.0}","{""bbox"": [829, 555, 256, 178], ""area"": 27714, ""angle_dev"": 3.09, ""solidity"": 0.787}",5,"[""likely_skewed_label""]",500881e796c0661d74b3980bebd2c682,17350373651010873548
img_074.png,1920,1080,837867,187.6,1,"[784, 172, 338, 813]",0.1736,0.1322,4.14,False,False,0.788,"{""bbox"": [824, 192, 144, 121], ""area"": 13342, ""angle_dev"": 0.0}","{""bbox"": [828, 557, 254, 177], ""area"": 27576, ""angle_dev"": 4.14, ""solidity"": 0.788}",7,"[""likely_skewed_label""]",1c38f78d70366af807e91fbbab5b90d6,17350373651010873548
img_075.png,1920,1080,761963,187.6,1,"[784, 171, 337, 814]",0.1733,0.1224,4.29,False,False,0.787,"{""bbox"": [824, 191, 144, 112], ""area"": 13057, ""angle_dev"": 0.0}","{""bbox"": [828, 555, 253, 178], ""area"": 27590, ""angle_dev"": 4.29, ""solidity"": 0.787}",7,"[""likely_skewed_label""]",94d59c164c2cf9412bf4ae1c987b2a06,17350373651010873548
img_076.png,1920,1080,867544,187.6,1,"[784, 172, 338, 813]",0.1736,0.1126,5.12,False,False,0.788,"{""bbox"": [824, 192, 144, 103], ""area"": 12957, ""angle_dev"": 0.0}","{""bbox"": [828, 556, 254, 178], ""area"": 27583, ""angle_dev"": 5.12, ""solidity"": 0.788}",7,"[""likely_skewed_label""]",3ddf4ac39c8852b5c88fbc0dc45056ee,17350373651010873548
img_077.png,1920,1080,903247,186.7,1,"[804, 177, 371, 808]",0.1894,0.1279,1.67,False,False,0.949,"{""bbox"": [918, 197, 139, 117], ""area"": 13570, ""angle_dev"": 0.0}","{""bbox"": [844, 557, 291, 171], ""area"": 43002, ""angle_dev"": 1.67, ""solidity"": 0.949}",2,"[""likely_good_normal_candidate""]",37c912e76b9f00476cb50e82c720e67f,17359380850265607372
img_078.png,1920,1080,768650,148.3,1,"[804, 178, 371, 807]",0.1891,0.1268,1.74,False,False,0.947,"{""bbox"": [918, 198, 139, 116], ""area"": 13320, ""angle_dev"": 0.0}","{""bbox"": [844, 557, 291, 171], ""area"": 42861, ""angle_dev"": 1.74, ""solidity"": 0.947}",1,"[""likely_good_normal_candidate""]",7b7d672d6f06d90e8978067a5ccb1d84,17359380815905869004
img_079.png,1920,1080,803247,187.2,1,"[810, 172, 340, 813]",0.1746,0.0951,0.23,False,False,0.947,"{""bbox"": [906, 192, 146, 87], ""area"": 11332, ""angle_dev"": 1.01}","{""bbox"": [850, 573, 260, 176], ""area"": 41790, ""angle_dev"": 0.23, ""solidity"": 0.947}",7,"[""likely_good_normal_candidate""]",aca144d03d37fd2f2d0f1c9bd23d3547,17935841602569035980
img_080.png,1920,1080,838971,186.4,1,"[803, 178, 371, 807]",0.1891,0.129,1.44,False,False,0.954,"{""bbox"": [917, 198, 140, 118], ""area"": 13607, ""angle_dev"": 1.97}","{""bbox"": [843, 558, 291, 170], ""area"": 42856, ""angle_dev"": 1.44, ""solidity"": 0.954}",3,"[""likely_good_normal_candidate""]",eb20b527874fc83d4c5834c6dc6a234f,17359380850265605324
img_081.png,1920,1080,784379,186.5,1,"[804, 178, 370, 807]",0.1886,0.1279,1.4,False,False,0.956,"{""bbox"": [918, 198, 139, 117], ""area"": 13563, ""angle_dev"": 0.0}","{""bbox"": [844, 558, 290, 170], ""area"": 42958, ""angle_dev"": 1.4, ""solidity"": 0.956}",3,"[""likely_good_normal_candidate""]",748c83b7596da0b4c96b8ac81591019a,17359380850265605324
img_082.png,1920,1080,857463,186.5,1,"[804, 178, 370, 807]",0.1886,0.1279,1.75,False,False,0.958,"{""bbox"": [918, 198, 139, 117], ""area"": 13483, ""angle_dev"": 0.0}","{""bbox"": [844, 558, 290, 170], ""area"": 42988, ""angle_dev"": 1.75, ""solidity"": 0.958}",2,"[""likely_good_normal_candidate""]",9360605017faa8c337f1124fe6fbc1a0,17359380850265605324
img_083.png,1920,1080,826629,186.5,1,"[803, 178, 370, 807]",0.1886,0.129,1.86,False,False,0.955,"{""bbox"": [917, 198, 140, 118], ""area"": 13604, ""angle_dev"": 1.91}","{""bbox"": [843, 557, 290, 171], ""area"": 43001, ""angle_dev"": 1.86, ""solidity"": 0.955}",2,"[""likely_good_normal_candidate""]",c0d912100993a870f5ed2a382f9651d2,17359380850265607372
img_084.png,1920,1080,787447,186.4,1,"[803, 178, 371, 807]",0.1891,0.1301,1.41,False,False,0.952,"{""bbox"": [917, 198, 140, 119], ""area"": 13276, ""angle_dev"": 2.29}","{""bbox"": [843, 557, 291, 171], ""area"": 43034, ""angle_dev"": 1.41, ""solidity"": 0.952}",1,"[""likely_good_normal_candidate""]",d2dfefbac93e348a23411d741f2cfb76,17359380850265607372
img_085.png,1920,1080,868132,186.4,1,"[803, 178, 370, 807]",0.1886,0.1279,1.4,False,False,0.952,"{""bbox"": [917, 198, 139, 117], ""area"": 13489, ""angle_dev"": 0.0}","{""bbox"": [843, 557, 290, 171], ""area"": 43045, ""angle_dev"": 1.4, ""solidity"": 0.952}",2,"[""likely_good_normal_candidate""]",871ff3512d3602ac2b4b1cc30fe1a655,17359380850265607372
img_086.png,1920,1080,824040,186.4,1,"[803, 178, 371, 807]",0.1891,0.1322,1.44,False,False,0.956,"{""bbox"": [918, 198, 138, 121], ""area"": 13466, ""angle_dev"": 0.0}","{""bbox"": [843, 558, 291, 170], ""area"": 42977, ""angle_dev"": 1.44, ""solidity"": 0.956}",2,"[""likely_good_normal_candidate""]",1943f0fab9a1936dccd6a124c952df0b,17359380850265605324
img_087.png,1920,1080,769961,186.5,1,"[804, 178, 368, 807]",0.1876,0.1268,1.62,False,False,0.955,"{""bbox"": [917, 198, 139, 116], ""area"": 13456, ""angle_dev"": 0.0}","{""bbox"": [844, 557, 288, 171], ""area"": 42998, ""angle_dev"": 1.62, ""solidity"": 0.955}",2,"[""likely_good_normal_candidate""]",a8a27e5464ad30d5f69626e961fa31ff,17359380850265607372
img_088.png,1920,1080,851068,186.5,1,"[803, 178, 370, 807]",0.1886,0.1268,1.52,False,False,0.955,"{""bbox"": [917, 198, 139, 116], ""area"": 13471, ""angle_dev"": 1.57}","{""bbox"": [843, 558, 290, 170], ""area"": 43013, ""angle_dev"": 1.52, ""solidity"": 0.955}",2,"[""likely_good_normal_candidate""]",0e18679681966a8b151007cc1e530cc4,17359380850265607372
img_089.png,1920,1080,810612,186.4,1,"[802, 178, 372, 807]",0.1896,0.1268,1.81,False,False,0.957,"{""bbox"": [917, 198, 140, 116], ""area"": 13405, ""angle_dev"": 0.92}","{""bbox"": [842, 558, 292, 170], ""area"": 43073, ""angle_dev"": 1.81, ""solidity"": 0.957}",2,"[""likely_good_normal_candidate""]",6ffd97d208f071a15f3d3119aea4cb5a,17359380850265607372
img_090.png,1920,1080,801988,187.1,1,"[810, 173, 341, 812]",0.1749,0.0929,0.23,False,False,0.952,"{""bbox"": [906, 193, 146, 85], ""area"": 11384, ""angle_dev"": 0.57}","{""bbox"": [850, 574, 261, 175], ""area"": 41800, ""angle_dev"": 0.23, ""solidity"": 0.952}",7,"[""likely_good_normal_candidate""]",eb9c2508160e988e3a83c2fb3447b2ab,17935841602569035980
img_091.png,1920,1080,762917,186.4,1,"[803, 179, 371, 806]",0.1889,0.1301,1.15,False,False,0.957,"{""bbox"": [916, 199, 140, 119], ""area"": 13154, ""angle_dev"": 0.0}","{""bbox"": [843, 558, 291, 170], ""area"": 43250, ""angle_dev"": 1.15, ""solidity"": 0.957}",3,"[""likely_good_normal_candidate""]",97c50ad4c8e9d805db576cdb86ccbb8c,17359380850265607372
img_092.png,1920,1080,838870,186.3,1,"[803, 179, 371, 806]",0.1889,0.129,1.13,False,False,0.955,"{""bbox"": [917, 199, 139, 118], ""area"": 13393, ""angle_dev"": 2.29}","{""bbox"": [843, 558, 291, 170], ""area"": 43159, ""angle_dev"": 1.13, ""solidity"": 0.955}",2,"[""likely_good_normal_candidate""]",e42606c6d39b2b640eceb5eb5dbaef2d,17359380850265607372
img_093.png,1920,1080,784986,186.3,1,"[803, 179, 369, 806]",0.1879,0.1322,0.88,False,False,0.959,"{""bbox"": [916, 199, 140, 121], ""area"": 13394, ""angle_dev"": 0.0}","{""bbox"": [843, 558, 289, 170], ""area"": 43203, ""angle_dev"": 0.88, ""solidity"": 0.959}",3,"[""likely_good_normal_candidate""]",a64e106af0bf1d3c8d712a7671e3392f,17359380850265607372
img_094.png,1920,1080,843898,186.3,1,"[803, 179, 371, 806]",0.1889,0.1311,1.23,False,False,0.956,"{""bbox"": [916, 199, 140, 120], ""area"": 13392, ""angle_dev"": 0.0}","{""bbox"": [843, 558, 291, 170], ""area"": 43211, ""angle_dev"": 1.23, ""solidity"": 0.956}",3,"[""likely_good_normal_candidate""]",9c301280f423a8bed8a5cc39c31e1fa4,17359380850265607372
img_095.png,1920,1080,713188,187.8,1,"[832, 181, 368, 804]",0.1869,0.106,0.92,False,False,0.87,"{""bbox"": [982, 201, 138, 97], ""area"": 11917, ""angle_dev"": 1.85}","{""bbox"": [872, 551, 288, 171], ""area"": 38872, ""angle_dev"": 0.92, ""solidity"": 0.87}",0,"[""likely_good_normal_candidate""]",f8e8ed9e515913e756a44229802396e0,17358246154804707532
img_096.png,1920,1080,816365,187.7,1,"[832, 181, 369, 804]",0.1874,0.106,0.93,False,False,0.871,"{""bbox"": [982, 201, 138, 97], ""area"": 11842, ""angle_dev"": 0.0}","{""bbox"": [872, 551, 289, 171], ""area"": 38973, ""angle_dev"": 0.93, ""solidity"": 0.871}",0,"[""likely_good_normal_candidate""]",6067f83132f05c7fc3acfdcaa2ee2bb6,17358246154804708556
img_097.png,1920,1080,768064,187.6,1,"[833, 181, 367, 804]",0.1864,0.106,1.14,False,False,0.864,"{""bbox"": [982, 201, 138, 97], ""area"": 11803, ""angle_dev"": 0.0}","{""bbox"": [873, 550, 287, 172], ""area"": 38753, ""angle_dev"": 1.14, ""solidity"": 0.864}",1,"[""likely_good_normal_candidate""]",807f4bca81134fe54de1f0bad36a2793,17358246154804707532
img_098.png,1920,1080,829609,187.6,1,"[833, 181, 367, 804]",0.1864,0.1071,0.93,False,False,0.867,"{""bbox"": [982, 201, 138, 98], ""area"": 11798, ""angle_dev"": 2.73}","{""bbox"": [873, 551, 287, 171], ""area"": 38722, ""angle_dev"": 0.93, ""solidity"": 0.867}",1,"[""likely_good_normal_candidate""]",ec38fb2380a18dead91086868f1978dd,17358246154804707532
img_099.png,1920,1080,712825,188.3,1,"[853, 180, 329, 805]",0.1673,0.1016,2.39,False,False,0.94,"{""bbox"": [1001, 200, 141, 93], ""area"": 11504, ""angle_dev"": 4.24}","{""bbox"": [893, 553, 204, 169], ""area"": 30327, ""angle_dev"": 2.39, ""solidity"": 0.94}",4,"[""likely_tilted_cap""]",e0185f96fc69411f6100ee5e4d946be4,17358254916537999564
img_100.png,1920,1080,785082,188.3,1,"[854, 180, 328, 805]",0.1668,0.1027,0.0,False,False,0.945,"{""bbox"": [1000, 200, 142, 94], ""area"": 11483, ""angle_dev"": 4.09}","{""bbox"": [894, 554, 203, 168], ""area"": 30324, ""angle_dev"": 0.0, ""solidity"": 0.945}",3,"[""likely_tilted_cap""]",00bef5bfb03e2d692217927755a15288,17358254916537999564
img_101.png,1920,1080,788649,187.2,1,"[810, 172, 342, 813]",0.1757,0.094,0.47,False,False,0.948,"{""bbox"": [906, 192, 146, 86], ""area"": 11207, ""angle_dev"": 0.0}","{""bbox"": [850, 573, 262, 176], ""area"": 41890, ""angle_dev"": 0.47, ""solidity"": 0.948}",7,"[""likely_good_normal_candidate""]",ece0320e4c8709a3f7fbfe42805bc6b5,17935841602569035980
img_102.png,1920,1080,755153,188.3,1,"[853, 180, 328, 805]",0.1668,0.1038,0.58,False,False,0.946,"{""bbox"": [1000, 200, 141, 95], ""area"": 11455, ""angle_dev"": 4.76}","{""bbox"": [893, 553, 204, 168], ""area"": 30335, ""angle_dev"": 0.58, ""solidity"": 0.946}",2,"[""likely_tilted_cap""]",09f09f98c31b6cb1ee955e3587ad878b,17358254916537999564
img_103.png,1920,1080,698787,188.3,1,"[854, 180, 328, 805]",0.1668,0.1027,0.0,False,False,0.954,"{""bbox"": [1001, 200, 141, 94], ""area"": 11463, ""angle_dev"": 4.94}","{""bbox"": [894, 553, 203, 168], ""area"": 30573, ""angle_dev"": 0.0, ""solidity"": 0.954}",2,"[""likely_tilted_cap""]",a6e5896e8842c42af69469d3bd0ea2e3,17358254916537999564
img_104.png,1920,1080,760268,188.3,1,"[854, 180, 328, 805]",0.1668,0.1027,0.0,False,False,0.955,"{""bbox"": [1001, 200, 141, 94], ""area"": 11550, ""angle_dev"": 3.12}","{""bbox"": [894, 554, 203, 167], ""area"": 30557, ""angle_dev"": 0.0, ""solidity"": 0.955}",2,"[""likely_good_normal_candidate""]",bf7b9a26b1aa972e95d475fec37c7463,17358254916537999564
img_105.png,1920,1080,730144,188.3,1,"[854, 179, 328, 806]",0.167,0.1049,0.0,False,False,0.946,"{""bbox"": [1001, 199, 141, 96], ""area"": 11442, ""angle_dev"": 4.51}","{""bbox"": [894, 554, 202, 167], ""area"": 30303, ""angle_dev"": 0.0, ""solidity"": 0.946}",3,"[""likely_tilted_cap""]",82b1fe0eb95da9b970b08f02ffaaa946,17358254916537999564
img_106.png,1920,1080,764789,189.9,1,"[851, 183, 356, 802]",0.1804,0.0951,0.0,False,False,0.929,"{""bbox"": [983, 203, 143, 87], ""area"": 11556, ""angle_dev"": 0.0}","{""bbox"": [891, 550, 276, 163], ""area"": 37383, ""angle_dev"": 0.0, ""solidity"": 0.929}",12,"[""likely_good_normal_candidate""]",8a020a90e20fc1d09fd82779c104017a,17358246120444977388
img_107.png,1920,1080,654838,190.0,1,"[850, 182, 356, 803]",0.1806,0.0962,0.0,False,False,0.928,"{""bbox"": [982, 202, 144, 88], ""area"": 11583, ""angle_dev"": 1.17}","{""bbox"": [890, 551, 276, 162], ""area"": 37315, ""angle_dev"": 0.0, ""solidity"": 0.928}",12,"[""likely_good_normal_candidate""]",e0ce9893142318829c9631801b4a7e6e,17358246120444977388
img_108.png,1920,1080,731759,190.0,1,"[850, 182, 357, 803]",0.1811,0.0962,0.0,False,False,0.93,"{""bbox"": [983, 202, 143, 88], ""area"": 11614, ""angle_dev"": 1.3}","{""bbox"": [890, 551, 277, 162], ""area"": 37319, ""angle_dev"": 0.0, ""solidity"": 0.93}",12,"[""likely_good_normal_candidate""]",592e860fd72c489a462fb131d7e9fd98,17358246120444977388
img_109.png,1920,1080,779310,190.0,1,"[850, 182, 357, 803]",0.1811,0.0962,0.0,False,False,0.929,"{""bbox"": [983, 202, 143, 88], ""area"": 11586, ""angle_dev"": 1.41}","{""bbox"": [890, 551, 277, 162], ""area"": 37374, ""angle_dev"": 0.0, ""solidity"": 0.929}",12,"[""likely_good_normal_candidate""]",fe814b7364303458b6ebfc0542be7d23,17358246120444977388
img_110.png,1920,1080,730566,190.0,1,"[850, 182, 357, 803]",0.1811,0.0962,2.33,False,False,0.916,"{""bbox"": [982, 202, 144, 88], ""area"": 11602, ""angle_dev"": 0.78}","{""bbox"": [890, 550, 277, 163], ""area"": 36845, ""angle_dev"": 2.33, ""solidity"": 0.916}",12,"[""likely_good_normal_candidate""]",792bbac26db644bb89ccef3def4b48fb,17358246120444977388
img_111.png,1920,1080,798850,187.5,1,"[951, 171, 226, 814]",0.1162,0.1093,5.44,False,False,,"{""bbox"": [991, 191, 146, 100], ""area"": 12705, ""angle_dev"": 5.44}",null,0,"[""likely_tilted_cap""]",8a44ca30ac44ff9dbda06f6251731ce8,17358254916538001612
img_112.png,1920,1080,703258,184.2,1,"[793, 178, 331, 807]",0.1687,0.0907,0.27,False,False,0.958,"{""bbox"": [889, 198, 144, 83], ""area"": 10654, ""angle_dev"": 0.51}","{""bbox"": [833, 570, 251, 168], ""area"": 39086, ""angle_dev"": 0.27, ""solidity"": 0.958}",13,"[""likely_good_normal_candidate""]",2f698a259f3d2b47f85574314a9a5258,17935841602569028812
img_113.png,1920,1080,835504,185.3,1,"[805, 175, 338, 810]",0.173,0.0918,0.48,False,False,0.952,"{""bbox"": [901, 195, 144, 84], ""area"": 10984, ""angle_dev"": 0.0}","{""bbox"": [845, 572, 258, 172], ""area"": 40552, ""angle_dev"": 0.48, ""solidity"": 0.952}",0,"[""likely_good_normal_candidate""]",006060b94e90ab3813bf0b52a5d729b6,17935841619748897996
img_114.png,1920,1080,711598,187.5,1,"[949, 171, 225, 814]",0.1157,0.1093,3.37,False,False,,"{""bbox"": [989, 191, 145, 100], ""area"": 12661, ""angle_dev"": 3.37}",null,0,"[""likely_good_normal_candidate""]",bfb858d2ffb042a9360742e585ef50ce,17358254950897739980
img_115.png,1920,1080,799106,187.5,1,"[948, 171, 226, 814]",0.1162,0.1104,3.81,False,False,,"{""bbox"": [988, 191, 146, 101], ""area"": 12744, ""angle_dev"": 3.81}",null,0,"[""likely_good_normal_candidate""]",ae0abcf11bee8618bf478eb2b165c544,17358254950897741004
img_116.png,1920,1080,725351,187.5,1,"[949, 171, 226, 814]",0.1162,0.1104,3.37,False,False,,"{""bbox"": [989, 191, 146, 101], ""area"": 12698, ""angle_dev"": 3.37}",null,0,"[""likely_good_normal_candidate""]",1a0da0acce315359996a44e8c6e5d7a9,17358254950897741004
img_117.png,1920,1080,800476,187.5,1,"[950, 171, 226, 814]",0.1162,0.1104,3.37,False,False,,"{""bbox"": [990, 191, 146, 101], ""area"": 12763, ""angle_dev"": 3.37}",null,0,"[""likely_good_normal_candidate""]",016dfda7ea5a7347a4943530e47f7e41,17358259348944252108
img_118.png,1920,1080,811246,189.8,1,"[924, 176, 225, 809]",0.115,0.1005,1.59,False,False,,"{""bbox"": [964, 196, 145, 92], ""area"": 11958, ""angle_dev"": 1.59}",null,0,"[""likely_good_normal_candidate""]",5d9fafc1b57128ef776d8de0100e9546,17360497954551032012
img_119.png,1920,1080,652207,189.6,1,"[926, 177, 224, 808]",0.1143,0.1005,2.79,False,False,,"{""bbox"": [966, 197, 144, 92], ""area"": 11913, ""angle_dev"": 2.79}",null,0,"[""likely_good_normal_candidate""]",2f4e476412681064c2a9ac108feaa28b,17360497954551032012
img_120.png,1920,1080,755095,189.6,1,"[926, 176, 224, 809]",0.1145,0.1016,2.29,False,False,,"{""bbox"": [966, 196, 144, 93], ""area"": 11906, ""angle_dev"": 2.29}",null,0,"[""likely_good_normal_candidate""]",866e3de4e574b38684a9a0bd03094729,17360497954551032012
img_121.png,1920,1080,719536,189.6,1,"[925, 176, 225, 809]",0.115,0.1016,2.68,False,False,,"{""bbox"": [965, 196, 145, 93], ""area"": 11958, ""angle_dev"": 2.68}",null,0,"[""likely_good_normal_candidate""]",1b593c99736d9a24a64857d83d1bb78e,17360497954551032012
img_122.png,1920,1080,794270,188.4,1,"[894, 177, 226, 808]",0.1154,0.0984,1.53,False,False,,"{""bbox"": [934, 197, 146, 90], ""area"": 12173, ""angle_dev"": 1.53}",null,0,"[""likely_good_normal_candidate""]",2b65e6ef3f0a3cdcd6b0f39966cfdc33,17360506767891293388
img_123.png,1920,1080,655492,188.1,1,"[893, 178, 227, 807]",0.1157,0.0973,1.4,False,False,,"{""bbox"": [933, 198, 147, 89], ""area"": 12130, ""angle_dev"": 1.4}",null,0,"[""likely_good_normal_candidate""]",f61d046a959e06dae5f081101a2f86f8,17360506767891295436
img_124.png,1920,1080,787612,185.3,1,"[806, 175, 336, 810]",0.1719,0.0918,0.0,False,False,0.952,"{""bbox"": [901, 195, 144, 84], ""area"": 11078, ""angle_dev"": 0.0}","{""bbox"": [846, 572, 256, 172], ""area"": 40370, ""angle_dev"": 0.0, ""solidity"": 0.952}",0,"[""likely_good_normal_candidate""]",e4e268042c31814dc78c205bc1d6e37c,17935841619748897996
img_125.png,1920,1080,740497,188.0,1,"[893, 177, 226, 808]",0.1154,0.0984,1.13,False,False,,"{""bbox"": [933, 197, 146, 90], ""area"": 12165, ""angle_dev"": 1.13}",null,0,"[""likely_good_normal_candidate""]",7b213300ecedc279b812797d82e1f95a,17360506750711426252
img_126.png,1920,1080,790225,188.0,1,"[893, 177, 226, 808]",0.1154,0.0984,0.73,False,False,,"{""bbox"": [933, 197, 146, 90], ""area"": 12102, ""angle_dev"": 0.73}",null,0,"[""likely_good_normal_candidate""]",352c498a9294aa274743c42186c4c223,17360506767891295436
img_127.png,1920,1080,875104,187.7,1,"[837, 178, 220, 807]",0.1122,0.1016,4.32,False,False,,"{""bbox"": [877, 198, 140, 93], ""area"": 11646, ""angle_dev"": 4.32}",null,0,"[""likely_tilted_cap""]",4d00cf804635fb89d68d14aa6e0ba566,17359380850804575436
img_128.png,1920,1080,714725,187.4,1,"[836, 177, 222, 808]",0.1133,0.1027,4.4,False,False,,"{""bbox"": [876, 197, 142, 94], ""area"": 11634, ""angle_dev"": 4.4}",null,0,"[""likely_tilted_cap""]",5378be9ad4f952747a417f3600aa9f6e,17359380850735369420
img_129.png,1920,1080,771426,187.3,1,"[836, 177, 222, 808]",0.1133,0.1027,4.57,False,False,,"{""bbox"": [876, 197, 142, 94], ""area"": 11678, ""angle_dev"": 4.57}",null,0,"[""likely_tilted_cap""]",a063bc2f08d40ac134f545eb3ebbd066,17359380850735369420
img_130.png,1920,1080,695995,187.3,1,"[837, 178, 222, 807]",0.1132,0.1027,3.5,False,False,,"{""bbox"": [877, 198, 142, 94], ""area"": 11697, ""angle_dev"": 3.5}",null,0,"[""likely_good_normal_candidate""]",29b39ea4b5e38fc4bc28e1b455e43b44,17359380850737466572
img_131.png,1920,1080,758728,187.3,1,"[837, 178, 221, 807]",0.1127,0.1016,2.29,False,False,,"{""bbox"": [877, 198, 141, 93], ""area"": 11665, ""angle_dev"": 2.29}",null,0,"[""likely_good_normal_candidate""]",c1a2ff051bf1469ec30a3b166e5937e9,17359380850737466572
img_132.png,1920,1080,666900,187.3,1,"[836, 178, 222, 807]",0.1132,0.1016,3.58,False,False,,"{""bbox"": [876, 198, 142, 93], ""area"": 11739, ""angle_dev"": 3.58}",null,0,"[""likely_good_normal_candidate""]",79474c1ca488af26814d416db2c39b4b,17359380850737466572
img_133.png,1920,1080,868998,185.2,1,"[834, 179, 218, 806]",0.111,0.1104,11.31,False,False,0.736,"{""bbox"": [874, 199, 138, 101], ""area"": 11753, ""angle_dev"": 0.0}","{""bbox"": [927, 299, 43, 18], ""area"": 373, ""angle_dev"": 11.31, ""solidity"": 0.736}",0,"[""likely_skewed_label""]",328e3e2eb06a94c81d9a6624a37dd474,17359380764366261452
img_134.png,1920,1080,664715,185.0,1,"[828, 179, 219, 806]",0.1115,0.1082,0.0,False,False,0.761,"{""bbox"": [868, 199, 139, 99], ""area"": 11797, ""angle_dev"": 1.3}","{""bbox"": [936, 298, 45, 19], ""area"": 456, ""angle_dev"": 0.0, ""solidity"": 0.761}",0,"[""likely_good_normal_candidate""]",12539db6b84d564b4cc0379da18e8d8f,17359380764366261452
img_135.png,1920,1080,720119,185.4,1,"[805, 175, 337, 810]",0.1724,0.0918,0.0,False,False,0.945,"{""bbox"": [901, 195, 144, 84], ""area"": 11077, ""angle_dev"": 0.0}","{""bbox"": [845, 572, 257, 171], ""area"": 40112, ""angle_dev"": 0.0, ""solidity"": 0.945}",0,"[""likely_good_normal_candidate""]",ba9b4e4093fe95d13bb09f8c42d4a2a2,17935841619748897996
img_136.png,1920,1080,779561,185.0,1,"[831, 179, 218, 806]",0.111,0.1104,2.73,False,False,0.753,"{""bbox"": [871, 199, 138, 101], ""area"": 11745, ""angle_dev"": 0.0}","{""bbox"": [918, 299, 67, 19], ""area"": 645, ""angle_dev"": 2.73, ""solidity"": 0.753}",0,"[""likely_good_normal_candidate""]",a8a507c5634ab8e186040a921ac057d3,17359380764366261452
img_137.png,1920,1080,732989,185.0,1,"[831, 179, 219, 806]",0.1115,0.1082,2.86,False,False,0.71,"{""bbox"": [871, 199, 139, 99], ""area"": 11636, ""angle_dev"": 3.58}","{""bbox"": [906, 299, 84, 18], ""area"": 750, ""angle_dev"": 2.86, ""solidity"": 0.71}",0,"[""likely_good_normal_candidate""]",04e83b2e2d85dbb8f4a7208f1551909c,17359380764366261452
img_138.png,1920,1080,942808,186.2,1,"[889, 183, 216, 802]",0.1094,0.1213,1.33,False,False,,"{""bbox"": [929, 203, 136, 111], ""area"": 11743, ""angle_dev"": 1.33}",null,0,"[""likely_good_normal_candidate""]",7971624b67fef9503fcd5c0c18995af3,17359380850265607372
img_139.png,1920,1080,808681,186.0,1,"[890, 183, 215, 802]",0.1089,0.1257,0.0,False,False,,"{""bbox"": [930, 203, 135, 115], ""area"": 11984, ""angle_dev"": 0.0}",null,0,"[""likely_good_normal_candidate""]",6ba4b8105f97abaaa85cc907de7312ee,17359380850265607372
img_140.png,1920,1080,761404,186.0,1,"[890, 183, 215, 802]",0.1089,0.1257,0.0,False,False,,"{""bbox"": [930, 203, 135, 115], ""area"": 12289, ""angle_dev"": 0.0}",null,0,"[""likely_good_normal_candidate""]",58ccb4eab8dfc767bd47fd37034bd548,17359380850265607372
img_141.png,1920,1080,772713,187.8,1,"[860, 139, 343, 846]",0.1833,0.1027,4.94,False,False,0.98,"{""bbox"": [900, 159, 144, 94], ""area"": 11914, ""angle_dev"": 0.0}","{""bbox"": [952, 532, 211, 180], ""area"": 32645, ""angle_dev"": 4.94, ""solidity"": 0.98}",12,"[""likely_skewed_label""]",3b9edc204670a68401c582fcbaebbc00,16782920097962191052
img_142.png,1920,1080,676396,187.7,1,"[860, 139, 342, 846]",0.1828,0.1005,4.4,False,False,0.98,"{""bbox"": [900, 159, 144, 92], ""area"": 11898, ""angle_dev"": 0.57}","{""bbox"": [952, 532, 210, 179], ""area"": 32453, ""angle_dev"": 4.4, ""solidity"": 0.98}",11,"[""likely_skewed_label""]",9d8ab87779585c4b7561a78c874de5af,16782920097962191052
img_143.png,1920,1080,792258,187.6,1,"[860, 139, 342, 846]",0.1828,0.1016,4.97,False,False,0.882,"{""bbox"": [900, 159, 144, 93], ""area"": 11995, ""angle_dev"": 0.0}","{""bbox"": [952, 532, 210, 180], ""area"": 29236, ""angle_dev"": 4.97, ""solidity"": 0.882}",12,"[""likely_skewed_label""]",d2a117bca01efa0211bbadc8d83dd803,16782920097962191052
img_144.png,1920,1080,715604,187.6,1,"[860, 139, 341, 846]",0.1822,0.1005,5.36,False,False,0.879,"{""bbox"": [900, 159, 143, 92], ""area"": 11874, ""angle_dev"": 1.3}","{""bbox"": [952, 533, 209, 178], ""area"": 28964, ""angle_dev"": 5.36, ""solidity"": 0.879}",11,"[""likely_skewed_label""]",2ea1997c6e85ebc5757259ff1c74c1f1,16782920097962191052
img_145.png,1920,1080,855011,189.7,1,"[691, 128, 400, 857]",0.2166,0.118,0.96,False,False,0.88,"{""bbox"": [847, 148, 147, 108], ""area"": 13665, ""angle_dev"": 0.0}","{""bbox"": [731, 533, 320, 177], ""area"": 44106, ""angle_dev"": 0.96, ""solidity"": 0.88}",3,"[""likely_good_normal_candidate""]",27537a228d4d4a3a17fdf55ed5e1e154,16782919960455866572
img_146.png,1920,1080,831643,185.4,1,"[804, 175, 338, 810]",0.173,0.0918,0.47,False,False,0.948,"{""bbox"": [901, 195, 144, 84], ""area"": 11022, ""angle_dev"": 0.0}","{""bbox"": [844, 572, 258, 172], ""area"": 40372, ""angle_dev"": 0.47, ""solidity"": 0.948}",0,"[""likely_good_normal_candidate""]",94dc5ac8c69a65c104424e534bae903b,17935841619748897996
img_147.png,1920,1080,731770,189.3,1,"[690, 128, 399, 857]",0.216,0.1169,0.99,False,False,0.881,"{""bbox"": [846, 148, 147, 107], ""area"": 13740, ""angle_dev"": 0.0}","{""bbox"": [730, 532, 319, 178], ""area"": 44065, ""angle_dev"": 0.99, ""solidity"": 0.881}",3,"[""likely_good_normal_candidate""]",22a6343abed9ca9523841762f8013731,16782919960455866572
img_148.png,1920,1080,809906,189.4,1,"[691, 128, 397, 857]",0.2149,0.1169,1.4,False,False,0.879,"{""bbox"": [846, 148, 148, 107], ""area"": 13788, ""angle_dev"": 0.0}","{""bbox"": [731, 532, 317, 178], ""area"": 44014, ""angle_dev"": 1.4, ""solidity"": 0.879}",3,"[""likely_good_normal_candidate""]",56957fff0958e99bbe054faa80aea18d,16782919960455866572
img_149.png,1920,1080,743585,189.4,1,"[691, 128, 398, 857]",0.2155,0.1169,0.96,False,False,0.883,"{""bbox"": [846, 148, 147, 107], ""area"": 13815, ""angle_dev"": 0.0}","{""bbox"": [731, 533, 318, 177], ""area"": 43951, ""angle_dev"": 0.96, ""solidity"": 0.883}",3,"[""likely_good_normal_candidate""]",bfb5b090289cebfa85c0753dd9ab3675,16782919960455866572
img_150.png,1920,1080,825817,189.4,1,"[691, 128, 398, 857]",0.2155,0.1169,0.98,False,False,0.881,"{""bbox"": [846, 148, 147, 107], ""area"": 13817, ""angle_dev"": 0.0}","{""bbox"": [731, 532, 318, 178], ""area"": 44075, ""angle_dev"": 0.98, ""solidity"": 0.881}",3,"[""likely_good_normal_candidate""]",51507131c51e694951660bb2195f4aae,16782919960455866572
img_151.png,1920,1080,749706,189.4,1,"[691, 128, 398, 857]",0.2155,0.1169,0.88,False,False,0.883,"{""bbox"": [846, 148, 148, 107], ""area"": 13789, ""angle_dev"": 0.0}","{""bbox"": [731, 533, 318, 177], ""area"": 44019, ""angle_dev"": 0.88, ""solidity"": 0.883}",3,"[""likely_good_normal_candidate""]",78c2c238304cf1cbd01939f70aff118c,16782919960455866572
img_152.png,1920,1080,975893,186.9,1,"[768, 137, 351, 848]",0.188,0.1049,28.92,False,False,0.866,"{""bbox"": [866, 157, 146, 96], ""area"": 12634, ""angle_dev"": 0.0}","{""bbox"": [808, 570, 271, 301], ""area"": 41729, ""angle_dev"": 28.92, ""solidity"": 0.866}",14,"[""likely_skewed_label""]",fc9a547188c97e1aa9a4a20e8c066d04,16782920097962182860
img_153.png,1920,1080,746231,186.6,1,"[768, 137, 352, 848]",0.1886,0.1049,28.91,False,False,0.866,"{""bbox"": [866, 157, 147, 96], ""area"": 12620, ""angle_dev"": 0.76}","{""bbox"": [808, 570, 272, 301], ""area"": 41871, ""angle_dev"": 28.91, ""solidity"": 0.866}",13,"[""likely_skewed_label""]",d77d2ddfbe4bde5dfd4be85a91d2dd83,16782920097962182860
img_154.png,1920,1080,822330,186.5,1,"[768, 137, 352, 848]",0.1886,0.106,28.99,False,False,0.86,"{""bbox"": [866, 157, 146, 97], ""area"": 12712, ""angle_dev"": 0.0}","{""bbox"": [808, 570, 272, 301], ""area"": 41628, ""angle_dev"": 28.99, ""solidity"": 0.86}",13,"[""likely_skewed_label""]",ee31ea74506cfdc38c6f5d990e299c7b,16782920097962182860
img_155.png,1920,1080,790539,186.5,1,"[768, 137, 351, 848]",0.188,0.1049,28.91,False,False,0.856,"{""bbox"": [867, 157, 146, 96], ""area"": 12622, ""angle_dev"": 0.0}","{""bbox"": [808, 571, 271, 300], ""area"": 41253, ""angle_dev"": 28.91, ""solidity"": 0.856}",14,"[""likely_skewed_label""]",947579f80acd6ee85ba8a020294df05d,16782920097962182860
img_156.png,1920,1080,736695,186.5,1,"[768, 137, 351, 848]",0.188,0.106,29.09,False,False,0.874,"{""bbox"": [867, 157, 146, 97], ""area"": 12606, ""angle_dev"": 0.0}","{""bbox"": [808, 570, 271, 301], ""area"": 42129, ""angle_dev"": 29.09, ""solidity"": 0.874}",13,"[""likely_skewed_label""]",60b3eeda8a7e0d0d399acb0b1dcebea0,16782920097962182860
img_157.png,1920,1080,782587,185.4,1,"[805, 175, 337, 810]",0.1724,0.0918,0.27,False,False,0.95,"{""bbox"": [901, 195, 144, 84], ""area"": 11077, ""angle_dev"": 0.0}","{""bbox"": [845, 573, 257, 170], ""area"": 40131, ""angle_dev"": 0.27, ""solidity"": 0.95}",0,"[""likely_good_normal_candidate""]",c8123f9e1041007024d08b301a06f2ae,17935841619748897996
img_158.png,1920,1080,957413,187.8,1,"[774, 139, 336, 846]",0.1796,0.1093,22.64,False,False,0.638,"{""bbox"": [873, 159, 144, 100], ""area"": 12487, ""angle_dev"": 0.0}","{""bbox"": [814, 529, 256, 263], ""area"": 29053, ""angle_dev"": 22.64, ""solidity"": 0.638}",4,"[""likely_skewed_label""]",d5e846a6a9328f03bcf142bc2cc94080,16782920097962187980
img_159.png,1920,1080,759972,187.8,1,"[774, 138, 336, 847]",0.1798,0.1093,22.6,False,False,0.651,"{""bbox"": [873, 158, 144, 100], ""area"": 12416, ""angle_dev"": 0.0}","{""bbox"": [814, 530, 256, 261], ""area"": 29088, ""angle_dev"": 22.6, ""solidity"": 0.651}",4,"[""likely_skewed_label""]",68fb3a17ed3fcdcfd5de5086072b15c4,16782920097962187980
img_160.png,1920,1080,731155,187.8,1,"[775, 138, 335, 847]",0.1793,0.1104,25.95,False,False,0.624,"{""bbox"": [873, 158, 144, 101], ""area"": 12534, ""angle_dev"": 0.0}","{""bbox"": [815, 530, 255, 268], ""area"": 29057, ""angle_dev"": 25.95, ""solidity"": 0.624}",4,"[""likely_skewed_label"", ""likely_damaged_label""]",7788cff60f1cac62c9ff5bbe20f601e9,16782920097962187980
img_161.png,1920,1080,791143,187.8,1,"[775, 138, 335, 847]",0.1793,0.1082,25.57,False,False,0.626,"{""bbox"": [873, 158, 144, 99], ""area"": 12501, ""angle_dev"": 0.0}","{""bbox"": [815, 530, 255, 266], ""area"": 29042, ""angle_dev"": 25.57, ""solidity"": 0.626}",4,"[""likely_skewed_label"", ""likely_damaged_label""]",a015c9efcc6a021565ac192faed760bb,16782920097962187980
img_162.png,1920,1080,720817,187.8,1,"[774, 139, 336, 846]",0.1796,0.1082,23.53,False,False,0.644,"{""bbox"": [872, 159, 145, 99], ""area"": 12523, ""angle_dev"": 0.0}","{""bbox"": [814, 530, 256, 262], ""area"": 29528, ""angle_dev"": 23.53, ""solidity"": 0.644}",4,"[""likely_skewed_label""]",4e2e9dd15b7e8ad3b85de1c36f2d6fec,16782920097962187980
img_163.png,1920,1080,784664,187.8,1,"[774, 139, 336, 846]",0.1796,0.1082,23.39,False,False,0.646,"{""bbox"": [873, 159, 144, 99], ""area"": 12481, ""angle_dev"": 0.0}","{""bbox"": [814, 530, 256, 262], ""area"": 29562, ""angle_dev"": 23.39, ""solidity"": 0.646}",4,"[""likely_skewed_label""]",83ea56c44e8453934aded96daf81fde7,16782920097962187980
img_164.png,1920,1080,747156,187.8,1,"[774, 138, 337, 847]",0.1803,0.1082,22.8,False,False,0.642,"{""bbox"": [873, 158, 144, 99], ""area"": 12497, ""angle_dev"": 0.0}","{""bbox"": [814, 530, 257, 261], ""area"": 28974, ""angle_dev"": 22.8, ""solidity"": 0.642}",4,"[""likely_skewed_label""]",9c61b25fa866898c7410b0f61eed2bec,16782920097962187980
img_165.png,1920,1080,952053,187.5,1,"[765, 138, 334, 847]",0.1787,0.1104,0.0,False,False,0.898,"{""bbox"": [865, 158, 141, 101], ""area"": 12381, ""angle_dev"": 0.0}","{""bbox"": [805, 531, 254, 188], ""area"": 38348, ""angle_dev"": 0.0, ""solidity"": 0.898}",0,"[""likely_good_normal_candidate""]",34d603368d54f955120d22e5fcf7d996,16782920097894812876
img_166.png,1920,1080,753711,186.9,1,"[765, 138, 334, 847]",0.1787,0.1104,1.05,False,False,0.947,"{""bbox"": [865, 158, 140, 101], ""area"": 12410, ""angle_dev"": 0.0}","{""bbox"": [805, 531, 254, 172], ""area"": 38413, ""angle_dev"": 1.05, ""solidity"": 0.947}",0,"[""likely_good_normal_candidate""]",e93877a0886ae295f9ff20c131039721,16782920097895075020
img_167.png,1920,1080,677292,188.2,1,"[740, 149, 272, 836]",0.1437,0.0962,0.0,False,False,0.98,"{""bbox"": [832, 169, 140, 88], ""area"": 11082, ""angle_dev"": 1.01}","{""bbox"": [780, 529, 170, 161], ""area"": 25549, ""angle_dev"": 0.0, ""solidity"": 0.98}",3,"[""likely_good_normal_candidate""]",c952e9754e6c5fdeeee7f9c63cd2c37f,17926851857994271944
img_168.png,1920,1080,705431,185.4,1,"[805, 175, 338, 810]",0.173,0.0918,0.7,False,False,0.945,"{""bbox"": [902, 195, 142, 84], ""area"": 11071, ""angle_dev"": 0.0}","{""bbox"": [845, 572, 258, 172], ""area"": 40069, ""angle_dev"": 0.7, ""solidity"": 0.945}",0,"[""likely_good_normal_candidate""]",99e9155ed5ae7f7255f5496f109440bc,17935841619748897996
img_169.png,1920,1080,817964,187.4,1,"[740, 149, 272, 836]",0.1437,0.094,0.0,False,False,0.98,"{""bbox"": [832, 169, 140, 86], ""area"": 11026, ""angle_dev"": 0.0}","{""bbox"": [780, 529, 170, 161], ""area"": 25566, ""angle_dev"": 0.0, ""solidity"": 0.98}",3,"[""likely_good_normal_candidate""]",27085fc7a057261164e5362bb41b87df,17926851857994271944
img_170.png,1920,1080,694045,187.4,1,"[740, 149, 272, 836]",0.1437,0.0951,0.0,False,False,0.976,"{""bbox"": [832, 169, 140, 87], ""area"": 11093, ""angle_dev"": 0.0}","{""bbox"": [780, 529, 170, 162], ""area"": 25526, ""angle_dev"": 0.0, ""solidity"": 0.976}",3,"[""likely_good_normal_candidate""]",65cdd4c4bbc1775635799fe3594f193f,17926851857994271944
img_171.png,1920,1080,778280,187.4,1,"[740, 149, 272, 836]",0.1437,0.0951,0.0,False,False,0.975,"{""bbox"": [832, 169, 140, 87], ""area"": 11086, ""angle_dev"": 0.66}","{""bbox"": [780, 529, 170, 162], ""area"": 25550, ""angle_dev"": 0.0, ""solidity"": 0.975}",3,"[""likely_good_normal_candidate""]",924aca3581d1cf77a73faaebdbd449b1,17926851857994271944
img_172.png,1920,1080,753506,187.5,1,"[740, 149, 272, 836]",0.1437,0.0984,0.0,False,False,0.978,"{""bbox"": [832, 169, 140, 90], ""area"": 11072, ""angle_dev"": 0.94}","{""bbox"": [780, 528, 170, 162], ""area"": 25595, ""angle_dev"": 0.0, ""solidity"": 0.978}",3,"[""likely_good_normal_candidate""]",12cb1220ddecc6e3a3a7c4644c8f013c,17926851857994271944
img_173.png,1920,1080,662121,189.9,1,"[772, 132, 374, 853]",0.2015,0.1082,0.74,False,False,0.802,"{""bbox"": [900, 152, 149, 99], ""area"": 13393, ""angle_dev"": 0.0}","{""bbox"": [812, 539, 294, 179], ""area"": 38170, ""angle_dev"": 0.74, ""solidity"": 0.802}",11,"[""likely_good_normal_candidate""]",1f30d85c7e6852bad1d91c511a1f5f96,16782920097962191052
img_174.png,1920,1080,815915,189.5,1,"[772, 132, 375, 853]",0.2021,0.1082,0.73,False,False,0.803,"{""bbox"": [900, 152, 149, 99], ""area"": 13450, ""angle_dev"": 0.0}","{""bbox"": [812, 539, 295, 179], ""area"": 38290, ""angle_dev"": 0.73, ""solidity"": 0.803}",12,"[""likely_good_normal_candidate""]",03af0e10fc555d89047cf796850ecef3,16782920097962191052
img_175.png,1920,1080,762846,189.5,1,"[773, 132, 374, 853]",0.2015,0.1093,0.69,False,False,0.796,"{""bbox"": [900, 152, 149, 100], ""area"": 13462, ""angle_dev"": 0.0}","{""bbox"": [813, 538, 294, 179], ""area"": 37973, ""angle_dev"": 0.69, ""solidity"": 0.796}",10,"[""likely_good_normal_candidate""]",59e0ce13457ede76e71e8e02ad15b37f,16782920097962191052
img_176.png,1920,1080,817225,189.4,1,"[772, 132, 375, 853]",0.2021,0.1093,0.69,False,False,0.795,"{""bbox"": [900, 152, 149, 100], ""area"": 13439, ""angle_dev"": 0.0}","{""bbox"": [812, 538, 295, 179], ""area"": 38039, ""angle_dev"": 0.69, ""solidity"": 0.795}",11,"[""likely_good_normal_candidate""]",a5791d3aff043f20247184bbdbe8a7ce,16782920097962191052
img_177.png,1920,1080,766472,189.5,1,"[772, 132, 375, 853]",0.2021,0.1082,0.7,False,False,0.797,"{""bbox"": [900, 152, 149, 99], ""area"": 13397, ""angle_dev"": 0.0}","{""bbox"": [812, 538, 295, 179], ""area"": 38166, ""angle_dev"": 0.7, ""solidity"": 0.797}",10,"[""likely_good_normal_candidate""]",4e13e597d06cb77fd3373b7080a9d5f4,16782920097962191052
img_178.png,1920,1080,717266,189.4,1,"[772, 132, 374, 853]",0.2015,0.1082,1.16,False,False,0.893,"{""bbox"": [900, 152, 150, 99], ""area"": 13463, ""angle_dev"": 0.0}","{""bbox"": [812, 536, 294, 181], ""area"": 42944, ""angle_dev"": 1.16, ""solidity"": 0.893}",10,"[""likely_good_normal_candidate""]",464196ca2e97162accc7271708289b54,16782920097962191052
img_179.png,1920,1080,779704,185.4,1,"[805, 175, 337, 810]",0.1724,0.0918,0.7,False,False,0.945,"{""bbox"": [901, 195, 144, 84], ""area"": 11096, ""angle_dev"": 0.0}","{""bbox"": [845, 572, 257, 172], ""area"": 40107, ""angle_dev"": 0.7, ""solidity"": 0.945}",0,"[""likely_good_normal_candidate""]",817b73425690cf7f698ace01bc610560,17935841619748897996
img_180.png,1920,1080,797958,189.5,1,"[772, 132, 373, 853]",0.201,0.1082,0.48,False,False,0.8,"{""bbox"": [900, 152, 149, 99], ""area"": 13501, ""angle_dev"": 0.0}","{""bbox"": [812, 539, 293, 178], ""area"": 38046, ""angle_dev"": 0.48, ""solidity"": 0.8}",11,"[""likely_good_normal_candidate""]",61201ae71dc13ccff289513014b69eec,16782920097962191052
img_181.png,1920,1080,730558,189.5,1,"[772, 131, 374, 854]",0.2018,0.1071,1.4,False,False,0.797,"{""bbox"": [900, 151, 149, 98], ""area"": 13315, ""angle_dev"": 0.0}","{""bbox"": [812, 536, 294, 181], ""area"": 38080, ""angle_dev"": 1.4, ""solidity"": 0.797}",11,"[""likely_good_normal_candidate""]",99b7eef9844321092197d46df121b918,16782920097962191052
img_182.png,1920,1080,803947,189.5,1,"[772, 132, 374, 853]",0.2015,0.106,1.4,False,False,0.799,"{""bbox"": [900, 152, 149, 97], ""area"": 13296, ""angle_dev"": 0.0}","{""bbox"": [812, 536, 294, 181], ""area"": 38201, ""angle_dev"": 1.4, ""solidity"": 0.799}",11,"[""likely_good_normal_candidate""]",6d8d1d64ed36861b8b621f5ff77e2516,16782920097962191052
img_183.png,1920,1080,729789,189.5,1,"[772, 132, 375, 853]",0.2021,0.1082,0.94,False,False,0.799,"{""bbox"": [900, 152, 150, 99], ""area"": 13478, ""angle_dev"": 0.0}","{""bbox"": [812, 538, 295, 179], ""area"": 38207, ""angle_dev"": 0.94, ""solidity"": 0.799}",9,"[""likely_good_normal_candidate""]",d686b6d6a73d2c51aa3768683afa1fa0,16782920097962191052
img_184.png,1920,1080,706148,189.5,1,"[772, 131, 374, 854]",0.2018,0.1093,1.18,False,False,0.9,"{""bbox"": [900, 151, 151, 100], ""area"": 13320, ""angle_dev"": 1.85}","{""bbox"": [812, 536, 294, 181], ""area"": 43053, ""angle_dev"": 1.18, ""solidity"": 0.9}",10,"[""likely_good_normal_candidate""]",b7dbfa67210ad4a55cefb936c9f1633b,16782920097962191052
img_185.png,1920,1080,876531,189.4,1,"[810, 131, 350, 854]",0.1888,0.1115,0.95,False,False,0.927,"{""bbox"": [916, 151, 149, 102], ""area"": 13680, ""angle_dev"": 0.0}","{""bbox"": [850, 537, 270, 178], ""area"": 41982, ""angle_dev"": 0.95, ""solidity"": 0.927}",0,"[""likely_good_normal_candidate""]",8568b510fb9526b228624cc5906cec9b,16782920097964288204
img_186.png,1920,1080,937096,188.9,1,"[809, 131, 354, 854]",0.191,0.1126,0.77,False,False,0.925,"{""bbox"": [916, 151, 149, 103], ""area"": 13636, ""angle_dev"": 1.85}","{""bbox"": [849, 538, 274, 177], ""area"": 42141, ""angle_dev"": 0.77, ""solidity"": 0.925}",0,"[""likely_good_normal_candidate""]",9e93e365a9f623c2cfef90b882a88990,16782920098501159116
img_187.png,1920,1080,806298,188.9,1,"[810, 131, 354, 854]",0.191,0.1126,1.04,False,False,0.92,"{""bbox"": [917, 151, 148, 103], ""area"": 13631, ""angle_dev"": 0.0}","{""bbox"": [850, 538, 274, 177], ""area"": 41885, ""angle_dev"": 1.04, ""solidity"": 0.92}",0,"[""likely_good_normal_candidate""]",222a743ea9864a261476bcb782fd87bf,16782920098501159116
img_188.png,1920,1080,753776,188.9,1,"[809, 131, 353, 854]",0.1904,0.1115,1.08,False,False,0.923,"{""bbox"": [916, 151, 150, 102], ""area"": 13530, ""angle_dev"": 0.0}","{""bbox"": [849, 537, 273, 178], ""area"": 41958, ""angle_dev"": 1.08, ""solidity"": 0.923}",0,"[""likely_good_normal_candidate""]",95d8e462a19484bc8cd0ec5a52f0429c,16782920098501159116
img_189.png,1920,1080,806252,188.9,1,"[809, 131, 353, 854]",0.1904,0.1115,0.86,False,False,0.922,"{""bbox"": [916, 151, 150, 102], ""area"": 13609, ""angle_dev"": 1.88}","{""bbox"": [849, 537, 273, 178], ""area"": 41905, ""angle_dev"": 0.86, ""solidity"": 0.922}",0,"[""likely_good_normal_candidate""]",47e8b98797244b3c9b6df35de9b19ab6,16782920098501159116
img_190.png,1920,1080,839401,185.4,1,"[804, 175, 338, 810]",0.173,0.0918,0.71,False,False,0.947,"{""bbox"": [901, 195, 144, 84], ""area"": 11081, ""angle_dev"": 0.0}","{""bbox"": [844, 572, 258, 172], ""area"": 40253, ""angle_dev"": 0.71, ""solidity"": 0.947}",0,"[""likely_good_normal_candidate""]",24fb1f48c7a68c7332795d9974e8099f,17935841619748897996
img_191.png,1920,1080,752269,189.0,1,"[810, 131, 355, 854]",0.1915,0.1126,0.86,False,False,0.927,"{""bbox"": [916, 151, 149, 103], ""area"": 13604, ""angle_dev"": 0.0}","{""bbox"": [850, 538, 275, 177], ""area"": 42010, ""angle_dev"": 0.86, ""solidity"": 0.927}",0,"[""likely_good_normal_candidate""]",811962b99fdb52735b9290d162f1b512,16782920098501159116
img_192.png,1920,1080,812622,189.0,1,"[810, 131, 355, 854]",0.1915,0.1115,0.97,False,False,0.926,"{""bbox"": [917, 151, 148, 102], ""area"": 13665, ""angle_dev"": 0.0}","{""bbox"": [850, 538, 275, 177], ""area"": 42011, ""angle_dev"": 0.97, ""solidity"": 0.926}",0,"[""likely_good_normal_candidate""]",d79f764886d2f9c6ea61fcb02165cb15,16782920098501159116
img_193.png,1920,1080,742634,189.0,1,"[810, 131, 353, 854]",0.1904,0.1126,1.06,False,False,0.921,"{""bbox"": [917, 151, 149, 103], ""area"": 13611, ""angle_dev"": 0.0}","{""bbox"": [850, 537, 273, 178], ""area"": 41988, ""angle_dev"": 1.06, ""solidity"": 0.921}",0,"[""likely_good_normal_candidate""]",d9291d998bb89a07518e2efd14e253e3,16782920098501159116
img_194.png,1920,1080,804111,188.9,1,"[810, 131, 353, 854]",0.1904,0.1126,1.06,False,False,0.919,"{""bbox"": [916, 151, 150, 103], ""area"": 13611, ""angle_dev"": 2.26}","{""bbox"": [850, 537, 273, 178], ""area"": 41876, ""angle_dev"": 1.06, ""solidity"": 0.919}",0,"[""likely_good_normal_candidate""]",01ddbe626f6859734b7d8e9e34a21818,16782920098501159116
img_195.png,1920,1080,726838,189.0,1,"[810, 131, 354, 854]",0.191,0.1115,1.4,False,False,0.92,"{""bbox"": [917, 151, 148, 102], ""area"": 13557, ""angle_dev"": 1.33}","{""bbox"": [850, 536, 274, 179], ""area"": 41924, ""angle_dev"": 1.4, ""solidity"": 0.92}",0,"[""likely_good_normal_candidate""]",13f7d110b2d0c1605446665a7942b98b,16782920098501159116
img_196.png,1920,1080,795129,189.0,1,"[809, 131, 355, 854]",0.1915,0.1115,0.78,False,False,0.92,"{""bbox"": [917, 151, 148, 102], ""area"": 13531, ""angle_dev"": 0.0}","{""bbox"": [849, 538, 275, 177], ""area"": 41885, ""angle_dev"": 0.78, ""solidity"": 0.92}",0,"[""likely_good_normal_candidate""]",4e3c87f31e70469947a349d51c7a5a06,16782920098501159116
img_197.png,1920,1080,1037449,190.1,1,"[806, 134, 345, 851]",0.1855,0.1126,0.0,False,False,0.902,"{""bbox"": [906, 154, 149, 103], ""area"": 13503, ""angle_dev"": 0.0}","{""bbox"": [846, 536, 265, 173], ""area"": 38888, ""angle_dev"": 0.0, ""solidity"": 0.902}",2,"[""likely_good_normal_candidate""]",1f08ebf29949c98d2e044e50a175387b,16782920097964288204
img_198.png,1920,1080,739446,189.5,1,"[806, 134, 345, 851]",0.1855,0.1126,0.0,False,False,0.913,"{""bbox"": [906, 154, 148, 103], ""area"": 13319, ""angle_dev"": 0.0}","{""bbox"": [846, 534, 265, 175], ""area"": 38767, ""angle_dev"": 0.0, ""solidity"": 0.913}",3,"[""likely_good_normal_candidate""]",d30a6b17836dd2f01003b0279162da8b,16782920097964288204
img_199.png,1920,1080,717141,189.4,1,"[805, 134, 347, 851]",0.1865,0.1137,0.0,False,False,0.92,"{""bbox"": [907, 154, 147, 104], ""area"": 13259, ""angle_dev"": 0.0}","{""bbox"": [845, 536, 267, 173], ""area"": 38940, ""angle_dev"": 0.0, ""solidity"": 0.92}",2,"[""likely_good_normal_candidate""]",ae46bf99541b154a8b8148e4bf87845e,16782920097964288204
img_200.png,1920,1080,822361,189.4,1,"[805, 134, 347, 851]",0.1865,0.1137,0.49,False,False,0.915,"{""bbox"": [907, 154, 147, 104], ""area"": 13402, ""angle_dev"": 0.0}","{""bbox"": [845, 535, 267, 174], ""area"": 38913, ""angle_dev"": 0.49, ""solidity"": 0.915}",2,"[""likely_good_normal_candidate""]",93aefdffcf153c4bebb160919f4e4600,16782920097964288204
img_201.png,1920,1080,841218,186.6,1,"[830, 173, 339, 812]",0.1739,0.094,0.0,False,False,0.86,"{""bbox"": [928, 193, 146, 86], ""area"": 11227, ""angle_dev"": 0.0}","{""bbox"": [870, 573, 259, 174], ""area"": 33869, ""angle_dev"": 0.0, ""solidity"": 0.86}",4,"[""likely_good_normal_candidate""]",f10de87f099c4576bc5c4b988f8824e7,17935841620287874252
img_202.png,1920,1080,750283,189.4,1,"[806, 134, 346, 851]",0.186,0.1126,0.0,False,False,0.917,"{""bbox"": [906, 154, 148, 103], ""area"": 13328, ""angle_dev"": 0.0}","{""bbox"": [846, 535, 266, 174], ""area"": 38898, ""angle_dev"": 0.0, ""solidity"": 0.917}",3,"[""likely_good_normal_candidate""]",ee20386365e1d020ddfd984a14be3ecf,16782920097964288204
img_203.png,1920,1080,821783,189.4,1,"[806, 134, 346, 851]",0.186,0.1126,0.0,False,False,0.918,"{""bbox"": [906, 154, 148, 103], ""area"": 13357, ""angle_dev"": 0.0}","{""bbox"": [846, 536, 266, 173], ""area"": 38851, ""angle_dev"": 0.0, ""solidity"": 0.918}",2,"[""likely_good_normal_candidate""]",76d242338e3649fd8ca2514afb48a83e,16782920097964288204
img_204.png,1920,1080,788781,189.4,1,"[805, 134, 347, 851]",0.1865,0.1137,0.0,False,False,0.918,"{""bbox"": [906, 154, 148, 104], ""area"": 13360, ""angle_dev"": 0.0}","{""bbox"": [845, 536, 267, 173], ""area"": 38756, ""angle_dev"": 0.0, ""solidity"": 0.918}",2,"[""likely_good_normal_candidate""]",80c6a43846bb196a813f0d7697739f7f,16782920097964288204
img_205.png,1920,1080,847124,189.4,1,"[805, 134, 347, 851]",0.1865,0.1137,0.0,False,False,0.921,"{""bbox"": [906, 154, 148, 104], ""area"": 13214, ""angle_dev"": 0.0}","{""bbox"": [845, 536, 267, 173], ""area"": 38770, ""angle_dev"": 0.0, ""solidity"": 0.921}",2,"[""likely_good_normal_candidate""]",6d31bdfde07f48364aca6ebaaeffbd04,16782920097964288204
img_206.png,1920,1080,854281,189.4,1,"[805, 134, 346, 851]",0.186,0.1126,0.0,False,False,0.911,"{""bbox"": [906, 154, 148, 103], ""area"": 13220, ""angle_dev"": 0.0}","{""bbox"": [845, 534, 266, 175], ""area"": 38677, ""angle_dev"": 0.0, ""solidity"": 0.911}",2,"[""likely_good_normal_candidate""]",d3df372e9f22dd43fd942880610704e7,16782920097964288204
img_207.png,1920,1080,841490,189.4,1,"[806, 134, 346, 851]",0.186,0.1126,0.0,False,False,0.913,"{""bbox"": [906, 154, 148, 103], ""area"": 13364, ""angle_dev"": 0.0}","{""bbox"": [846, 534, 266, 175], ""area"": 38735, ""angle_dev"": 0.0, ""solidity"": 0.913}",2,"[""likely_good_normal_candidate""]",401fee3dc40c6b00e5b6725dae6a97db,16782920097964288204
img_208.png,1920,1080,773518,189.4,1,"[805, 134, 346, 851]",0.186,0.1137,0.0,False,False,0.904,"{""bbox"": [906, 154, 148, 104], ""area"": 13419, ""angle_dev"": 0.0}","{""bbox"": [845, 534, 266, 175], ""area"": 38873, ""angle_dev"": 0.0, ""solidity"": 0.904}",2,"[""likely_good_normal_candidate""]",05606586c1e0c28fabe5fb4a393c12ec,16782920097964288204
img_209.png,1920,1080,828271,189.4,1,"[805, 134, 346, 851]",0.186,0.1137,0.0,False,False,0.915,"{""bbox"": [906, 154, 148, 104], ""area"": 13280, ""angle_dev"": 0.0}","{""bbox"": [845, 534, 266, 175], ""area"": 38813, ""angle_dev"": 0.0, ""solidity"": 0.915}",2,"[""likely_good_normal_candidate""]",c28e7728c409fe6ed0e8f27ecc6fc798,16782920097964288204
img_210.png,1920,1080,1038519,190.6,1,"[820, 136, 340, 849]",0.1824,0.1093,0.75,False,False,0.639,"{""bbox"": [912, 156, 147, 100], ""area"": 13190, ""angle_dev"": 0.0}","{""bbox"": [860, 535, 260, 174], ""area"": 27697, ""angle_dev"": 0.75, ""solidity"": 0.639}",4,"[""likely_good_normal_candidate""]",8f110bf34c12ca827ee6a146b9929933,16782920098501159116
img_211.png,1920,1080,781810,189.8,1,"[819, 136, 340, 849]",0.1824,0.1082,0.72,False,False,0.634,"{""bbox"": [912, 156, 147, 99], ""area"": 13052, ""angle_dev"": 0.0}","{""bbox"": [859, 535, 260, 174], ""area"": 27436, ""angle_dev"": 0.72, ""solidity"": 0.634}",5,"[""likely_good_normal_candidate""]",4adfd851ba800cda1ca1ac053084abdf,16782920098501159116
img_212.png,1920,1080,789828,186.6,1,"[829, 173, 341, 812]",0.1749,0.094,0.5,False,False,0.855,"{""bbox"": [928, 193, 146, 86], ""area"": 11379, ""angle_dev"": 0.69}","{""bbox"": [869, 573, 261, 174], ""area"": 33970, ""angle_dev"": 0.5, ""solidity"": 0.855}",4,"[""likely_good_normal_candidate""]",3fc7747d36b9fb9cd7d2be0aa53fd939,17935841620287874252
img_213.png,1920,1080,845280,189.7,1,"[819, 136, 340, 849]",0.1824,0.1093,0.94,False,False,0.635,"{""bbox"": [912, 156, 147, 100], ""area"": 12977, ""angle_dev"": 0.0}","{""bbox"": [859, 535, 260, 173], ""area"": 27370, ""angle_dev"": 0.94, ""solidity"": 0.635}",4,"[""likely_good_normal_candidate""]",ce8015f6c29819700885ee3b8d3161ca,16782920098501159116
img_214.png,1920,1080,769165,189.7,1,"[820, 136, 339, 849]",0.1818,0.1082,0.53,False,False,0.635,"{""bbox"": [912, 156, 147, 99], ""area"": 13110, ""angle_dev"": 0.0}","{""bbox"": [860, 536, 259, 172], ""area"": 27340, ""angle_dev"": 0.53, ""solidity"": 0.635}",3,"[""likely_good_normal_candidate""]",11ce420a58bcf3da3dc386604c16f21d,16782920098501159116
img_215.png,1920,1080,832265,189.7,1,"[820, 136, 338, 849]",0.1813,0.1093,0.52,False,False,0.636,"{""bbox"": [912, 156, 147, 100], ""area"": 13072, ""angle_dev"": 0.0}","{""bbox"": [860, 536, 258, 172], ""area"": 27353, ""angle_dev"": 0.52, ""solidity"": 0.636}",3,"[""likely_good_normal_candidate""]",6a7313006344b1e6f0c0846e998a30b7,16782920098501159116
img_216.png,1920,1080,659627,189.4,1,"[817, 135, 354, 850]",0.1901,0.1071,1.18,False,False,0.698,"{""bbox"": [922, 155, 148, 98], ""area"": 12994, ""angle_dev"": 1.55}","{""bbox"": [857, 536, 274, 175], ""area"": 28675, ""angle_dev"": 1.18, ""solidity"": 0.698}",11,"[""likely_good_normal_candidate""]",d4f0a68b5db49a9542a7d06011053318,16782920098501159116
img_217.png,1920,1080,749014,189.4,1,"[817, 135, 354, 850]",0.1901,0.1071,1.39,False,False,0.702,"{""bbox"": [923, 155, 147, 98], ""area"": 12871, ""angle_dev"": 1.94}","{""bbox"": [857, 535, 274, 176], ""area"": 28902, ""angle_dev"": 1.39, ""solidity"": 0.702}",13,"[""likely_good_normal_candidate""]",7683c2561e92b5464aea0f594f69939a,16782920098501159116
img_218.png,1920,1080,813578,189.4,1,"[817, 135, 355, 850]",0.1906,0.1071,1.59,False,False,0.694,"{""bbox"": [923, 155, 148, 98], ""area"": 13002, ""angle_dev"": 0.0}","{""bbox"": [857, 534, 275, 177], ""area"": 28646, ""angle_dev"": 1.59, ""solidity"": 0.694}",13,"[""likely_good_normal_candidate""]",b6a8d62dfe5e4dac9c7b77d8564d071f,16782920098501159116
img_219.png,1920,1080,744885,189.5,1,"[817, 135, 355, 850]",0.1906,0.1093,1.23,False,False,0.7,"{""bbox"": [922, 155, 149, 100], ""area"": 13089, ""angle_dev"": 2.73}","{""bbox"": [857, 535, 275, 176], ""area"": 29214, ""angle_dev"": 1.23, ""solidity"": 0.7}",12,"[""likely_good_normal_candidate""]",01f5528df162fd18ed22b6e40ace7123,16782920098501159116
img_220.png,1920,1080,803577,189.5,1,"[817, 135, 355, 850]",0.1906,0.1093,1.45,False,False,0.703,"{""bbox"": [922, 155, 148, 100], ""area"": 13009, ""angle_dev"": 2.73}","{""bbox"": [857, 535, 275, 176], ""area"": 29111, ""angle_dev"": 1.45, ""solidity"": 0.703}",12,"[""likely_good_normal_candidate""]",f857a67745505aa91ddafc2272c2d399,16782920098501159116
img_221.png,1920,1080,754235,189.6,1,"[815, 140, 344, 845]",0.1836,0.0995,0.47,False,False,0.9,"{""bbox"": [913, 160, 146, 91], ""area"": 12221, ""angle_dev"": 0.66}","{""bbox"": [855, 535, 264, 173], ""area"": 37322, ""angle_dev"": 0.47, ""solidity"": 0.9}",11,"[""likely_good_normal_candidate""]",4edde66e8cb826bdf9cf8e7ed3d54a84,16782920098501159116
img_222.png,1920,1080,844389,189.2,1,"[814, 140, 344, 845]",0.1836,0.0995,0.68,False,False,0.905,"{""bbox"": [913, 160, 146, 91], ""area"": 12251, ""angle_dev"": 0.0}","{""bbox"": [854, 535, 264, 173], ""area"": 37166, ""angle_dev"": 0.68, ""solidity"": 0.905}",11,"[""likely_good_normal_candidate""]",cc36dd701da4ab7001afb71253924061,16782920098501159116
img_223.png,1920,1080,785711,184.2,1,"[793, 178, 332, 807]",0.1693,0.0907,0.27,False,False,0.955,"{""bbox"": [888, 198, 145, 83], ""area"": 10499, ""angle_dev"": 1.38}","{""bbox"": [833, 570, 252, 168], ""area"": 39139, ""angle_dev"": 0.27, ""solidity"": 0.955}",13,"[""likely_good_normal_candidate""]",9e86e20e2b7f6053574976f50e34591d,17935841602569028812
img_224.png,1920,1080,860258,186.6,1,"[829, 173, 341, 812]",0.1749,0.094,0.5,False,False,0.859,"{""bbox"": [928, 193, 146, 86], ""area"": 11393, ""angle_dev"": 0.0}","{""bbox"": [869, 573, 261, 174], ""area"": 33999, ""angle_dev"": 0.5, ""solidity"": 0.859}",4,"[""likely_good_normal_candidate""]",b28842cf679d31f53745320656e1021a,17935841620287874252
img_225.png,1920,1080,699339,189.1,1,"[814, 140, 345, 845]",0.1842,0.0995,0.46,False,False,0.9,"{""bbox"": [913, 160, 146, 91], ""area"": 12279, ""angle_dev"": 0.0}","{""bbox"": [854, 535, 265, 173], ""area"": 37242, ""angle_dev"": 0.46, ""solidity"": 0.9}",11,"[""likely_good_normal_candidate""]",0234757088cf296dd0f98d571cd29c86,16782920098501159116
img_226.png,1920,1080,771400,189.1,1,"[814, 140, 344, 845]",0.1836,0.0995,0.24,False,False,0.904,"{""bbox"": [913, 160, 146, 91], ""area"": 12278, ""angle_dev"": 0.0}","{""bbox"": [854, 536, 264, 172], ""area"": 37217, ""angle_dev"": 0.24, ""solidity"": 0.904}",11,"[""likely_good_normal_candidate""]",4c5c44aed0aa0c49420150a67eb5982b,16782920098501159116
img_227.png,1920,1080,701321,189.1,1,"[814, 140, 344, 845]",0.1836,0.0984,0.45,False,False,0.905,"{""bbox"": [913, 160, 146, 90], ""area"": 12233, ""angle_dev"": 0.0}","{""bbox"": [854, 535, 264, 173], ""area"": 37236, ""angle_dev"": 0.45, ""solidity"": 0.905}",11,"[""likely_good_normal_candidate""]",5862e8c580a5207c24338ef6dfbc73e6,16782920098501159116
img_228.png,1920,1080,912532,188.4,1,"[793, 141, 353, 844]",0.1882,0.0995,1.44,False,False,0.865,"{""bbox"": [911, 161, 145, 91], ""area"": 11988, ""angle_dev"": 1.06}","{""bbox"": [833, 535, 273, 170], ""area"": 35107, ""angle_dev"": 1.44, ""solidity"": 0.865}",10,"[""likely_good_normal_candidate""]",6820a3e6e6947828b7e69253d8821b34,16782920097964288204
img_229.png,1920,1080,676492,188.0,1,"[792, 141, 354, 844]",0.1887,0.0995,1.72,False,False,0.857,"{""bbox"": [911, 161, 145, 91], ""area"": 12002, ""angle_dev"": 0.97}","{""bbox"": [832, 534, 274, 170], ""area"": 34723, ""angle_dev"": 1.72, ""solidity"": 0.857}",10,"[""likely_good_normal_candidate""]",f2c6899db9bffe657eb775f820c074c9,16782920097964288204
img_230.png,1920,1080,759999,188.1,1,"[793, 141, 354, 844]",0.1887,0.0984,1.78,False,False,0.854,"{""bbox"": [911, 161, 145, 90], ""area"": 11988, ""angle_dev"": 0.0}","{""bbox"": [833, 534, 274, 170], ""area"": 34788, ""angle_dev"": 1.78, ""solidity"": 0.854}",9,"[""likely_good_normal_candidate""]",252724b138070831dd5765a6b32f1873,16782920097964288204
img_231.png,1920,1080,673041,188.1,1,"[793, 141, 353, 844]",0.1882,0.0995,1.69,False,False,0.856,"{""bbox"": [911, 161, 145, 91], ""area"": 11994, ""angle_dev"": 1.01}","{""bbox"": [833, 534, 273, 171], ""area"": 34777, ""angle_dev"": 1.69, ""solidity"": 0.856}",9,"[""likely_good_normal_candidate""]",45515676f2ea752aac6f05919ce16fb4,16782920097964288204
img_232.png,1920,1080,654334,188.0,1,"[742, 144, 338, 841]",0.1796,0.0973,0.5,False,False,0.901,"{""bbox"": [838, 164, 143, 89], ""area"": 11794, ""angle_dev"": 0.0}","{""bbox"": [782, 532, 258, 169], ""area"": 35361, ""angle_dev"": 0.5, ""solidity"": 0.901}",9,"[""likely_good_normal_candidate""]",6067cda5dd7a16fa07c38edbf7df5ff1,16782937552641903820
img_233.png,1920,1080,738460,188.0,1,"[743, 144, 337, 841]",0.179,0.0984,0.71,False,False,0.897,"{""bbox"": [838, 164, 143, 90], ""area"": 11797, ""angle_dev"": 0.0}","{""bbox"": [783, 531, 257, 170], ""area"": 35329, ""angle_dev"": 0.71, ""solidity"": 0.897}",9,"[""likely_good_normal_candidate""]",4b8c5e5bc9d6cdc5e130db268c4fdeb2,16782937552641903820
img_234.png,1920,1080,736328,187.9,1,"[742, 144, 340, 841]",0.1806,0.0995,0.5,False,False,0.902,"{""bbox"": [838, 164, 143, 91], ""area"": 11822, ""angle_dev"": 0.0}","{""bbox"": [782, 532, 260, 168], ""area"": 35399, ""angle_dev"": 0.5, ""solidity"": 0.902}",9,"[""likely_good_normal_candidate""]",59ccc5955c3461cece2d1fed2aa45c00,16782937552641903820
img_235.png,1920,1080,811591,186.5,1,"[829, 173, 340, 812]",0.1744,0.0918,0.0,False,False,0.853,"{""bbox"": [928, 193, 145, 84], ""area"": 11160, ""angle_dev"": 0.0}","{""bbox"": [869, 574, 260, 173], ""area"": 33787, ""angle_dev"": 0.0, ""solidity"": 0.853}",3,"[""likely_good_normal_candidate""]",bc1a4aee7e12022d1559de07ab8f9248,17935841620287874252
img_236.png,1920,1080,779224,187.9,1,"[743, 144, 338, 841]",0.1796,0.0995,0.5,False,False,0.906,"{""bbox"": [838, 164, 143, 91], ""area"": 11823, ""angle_dev"": 0.0}","{""bbox"": [783, 532, 258, 169], ""area"": 35328, ""angle_dev"": 0.5, ""solidity"": 0.906}",9,"[""likely_good_normal_candidate""]",db2a0e94567ec80e9b12b9237493b8a6,16782937552641903820
img_237.png,1920,1080,736056,187.9,1,"[743, 144, 338, 841]",0.1796,0.0984,0.5,False,False,0.9,"{""bbox"": [838, 164, 143, 90], ""area"": 11773, ""angle_dev"": 1.17}","{""bbox"": [783, 532, 258, 168], ""area"": 35542, ""angle_dev"": 0.5, ""solidity"": 0.9}",9,"[""likely_good_normal_candidate""]",1fb1ec092154fbb6446908081428e9f9,16782937552641903820
img_238.png,1920,1080,778861,187.9,1,"[743, 144, 338, 841]",0.1796,0.0984,0.25,False,False,0.899,"{""bbox"": [838, 164, 143, 90], ""area"": 11781, ""angle_dev"": 0.0}","{""bbox"": [783, 532, 258, 168], ""area"": 35518, ""angle_dev"": 0.25, ""solidity"": 0.899}",9,"[""likely_good_normal_candidate""]",f54156da9720ca934f29ce43c8c5195a,16782937552641903820
img_239.png,1920,1080,795339,187.6,1,"[806, 145, 334, 840]",0.1772,0.106,1.48,False,False,0.866,"{""bbox"": [909, 165, 140, 97], ""area"": 11982, ""angle_dev"": 1.64}","{""bbox"": [846, 525, 254, 168], ""area"": 34957, ""angle_dev"": 1.48, ""solidity"": 0.866}",0,"[""likely_good_normal_candidate""]",afdbdabcb26d22e20dc0604fccfae486,16782920097962183884
img_240.png,1920,1080,725124,187.5,1,"[806, 145, 334, 840]",0.1772,0.106,1.26,False,False,0.866,"{""bbox"": [909, 165, 141, 97], ""area"": 11910, ""angle_dev"": 0.0}","{""bbox"": [846, 525, 254, 168], ""area"": 35031, ""angle_dev"": 1.26, ""solidity"": 0.866}",0,"[""likely_good_normal_candidate""]",5bdf18e3f5db5ccdba39b2e5a50489e5,16782920097962183884
img_241.png,1920,1080,789446,187.5,1,"[807, 145, 333, 840]",0.1767,0.106,1.25,False,False,0.867,"{""bbox"": [910, 165, 140, 97], ""area"": 12051, ""angle_dev"": 0.0}","{""bbox"": [847, 525, 253, 168], ""area"": 35017, ""angle_dev"": 1.25, ""solidity"": 0.867}",0,"[""likely_good_normal_candidate""]",3d51fa7894ce38e709cca1a0984d2636,16782920097962183884
img_242.png,1920,1080,720077,187.5,1,"[806, 145, 334, 840]",0.1772,0.106,1.46,False,False,0.866,"{""bbox"": [910, 165, 139, 97], ""area"": 11960, ""angle_dev"": 0.0}","{""bbox"": [846, 525, 254, 168], ""area"": 34966, ""angle_dev"": 1.46, ""solidity"": 0.866}",0,"[""likely_good_normal_candidate""]",397271ef6e1cf91d41e67fa467b831bb,16782920097962183884
img_243.png,1920,1080,784004,187.5,1,"[806, 145, 334, 840]",0.1772,0.106,1.46,False,False,0.866,"{""bbox"": [910, 165, 139, 97], ""area"": 11871, ""angle_dev"": 0.0}","{""bbox"": [846, 525, 254, 168], ""area"": 35014, ""angle_dev"": 1.46, ""solidity"": 0.866}",0,"[""likely_good_normal_candidate""]",77ffb16a73beb82f7005d644e9e6cff9,16782920097962183884
img_244.png,1920,1080,698993,187.5,1,"[806, 145, 335, 840]",0.1778,0.1049,1.27,False,False,0.867,"{""bbox"": [909, 165, 140, 96], ""area"": 11872, ""angle_dev"": 0.0}","{""bbox"": [846, 526, 255, 167], ""area"": 34915, ""angle_dev"": 1.27, ""solidity"": 0.867}",0,"[""likely_good_normal_candidate""]",fb1c7f14dc83358405bed3bcb82ef4f1,16782920097962183884
img_245.png,1920,1080,773209,187.5,1,"[806, 145, 334, 840]",0.1772,0.106,1.01,False,False,0.868,"{""bbox"": [910, 165, 140, 97], ""area"": 11953, ""angle_dev"": 0.0}","{""bbox"": [846, 526, 254, 167], ""area"": 35084, ""angle_dev"": 1.01, ""solidity"": 0.868}",0,"[""likely_good_normal_candidate""]",d5b74b915899904d6a1b261dad8cba37,16782920097962183884
img_246.png,1920,1080,863104,186.5,1,"[829, 173, 340, 812]",0.1744,0.094,0.0,False,False,0.853,"{""bbox"": [928, 193, 145, 86], ""area"": 11352, ""angle_dev"": 0.0}","{""bbox"": [869, 574, 260, 173], ""area"": 33842, ""angle_dev"": 0.0, ""solidity"": 0.853}",4,"[""likely_good_normal_candidate""]",6e8f282526b06cc3ee523bcc8d38ea16,17935841620287874252
img_247.png,1920,1080,878577,187.9,1,"[779, 139, 341, 846]",0.1822,0.1082,0.39,False,False,0.719,"{""bbox"": [883, 159, 145, 99], ""area"": 12568, ""angle_dev"": 0.0}","{""bbox"": [819, 536, 261, 167], ""area"": 27248, ""angle_dev"": 0.39, ""solidity"": 0.719}",1,"[""likely_good_normal_candidate""]",58c8aef42f8df7b24e17e7cda5b0a713,16782920097962191052
img_248.png,1920,1080,725998,187.6,1,"[779, 140, 340, 845]",0.1815,0.1071,0.0,False,False,0.72,"{""bbox"": [885, 160, 144, 98], ""area"": 12428, ""angle_dev"": 3.07}","{""bbox"": [819, 537, 260, 166], ""area"": 27088, ""angle_dev"": 0.0, ""solidity"": 0.72}",1,"[""likely_good_normal_candidate""]",dc884602dc33006b9c642b5700f68ac3,16782920097962191052
img_249.png,1920,1080,787072,187.6,1,"[780, 140, 340, 845]",0.1815,0.1071,0.0,False,False,0.719,"{""bbox"": [885, 160, 145, 98], ""area"": 12462, ""angle_dev"": 2.2}","{""bbox"": [820, 537, 260, 166], ""area"": 27108, ""angle_dev"": 0.0, ""solidity"": 0.719}",1,"[""likely_good_normal_candidate""]",e1480378e96a6a741e5e163b7c6aab5a,16782920097962191052
img_250.png,1920,1080,714122,187.6,1,"[781, 140, 338, 845]",0.1804,0.1071,0.0,False,False,0.699,"{""bbox"": [886, 160, 145, 98], ""area"": 12554, ""angle_dev"": 0.0}","{""bbox"": [821, 536, 258, 167], ""area"": 26471, ""angle_dev"": 0.0, ""solidity"": 0.699}",1,"[""likely_good_normal_candidate""]",dc3823b8b78a9244b82f8ce7aff01173,16782920097962191052
img_251.png,1920,1080,781930,187.6,1,"[779, 140, 340, 845]",0.1815,0.1071,0.39,False,False,0.706,"{""bbox"": [886, 160, 144, 98], ""area"": 12635, ""angle_dev"": 0.0}","{""bbox"": [819, 536, 260, 167], ""area"": 26669, ""angle_dev"": 0.39, ""solidity"": 0.706}",1,"[""likely_good_normal_candidate""]",7b7b8dd39e9e202fa2cd81d72e5cfe62,16782920097962191052
img_252.png,1920,1080,702320,187.6,1,"[781, 140, 339, 845]",0.181,0.1082,0.0,False,False,0.718,"{""bbox"": [886, 160, 144, 99], ""area"": 12596, ""angle_dev"": 0.0}","{""bbox"": [821, 536, 259, 167], ""area"": 26909, ""angle_dev"": 0.0, ""solidity"": 0.718}",1,"[""likely_good_normal_candidate""]",487d82b759bb04b3f061ce42ff05f2e5,16782920097962191052
img_253.png,1920,1080,902695,189.1,1,"[797, 140, 334, 845]",0.1783,0.0995,1.86,False,False,0.697,"{""bbox"": [895, 160, 145, 91], ""area"": 12046, ""angle_dev"": 0.0}","{""bbox"": [837, 534, 254, 172], ""area"": 27106, ""angle_dev"": 1.86, ""solidity"": 0.697}",7,"[""likely_good_normal_candidate""]",02143357ef08ffb36743767c0d6eacb2,16782920097962191052
img_254.png,1920,1080,673223,188.8,1,"[797, 140, 332, 845]",0.1772,0.0995,1.91,False,False,0.698,"{""bbox"": [896, 160, 145, 91], ""area"": 12096, ""angle_dev"": 0.82}","{""bbox"": [837, 534, 252, 172], ""area"": 27086, ""angle_dev"": 1.91, ""solidity"": 0.698}",8,"[""likely_good_normal_candidate""]",1fdb5bbe4ddc5b132e8bd901fbbcd356,16782920097962191052
img_255.png,1920,1080,761492,188.8,1,"[797, 140, 333, 845]",0.1778,0.0995,0.0,False,False,0.697,"{""bbox"": [896, 160, 145, 91], ""area"": 12080, ""angle_dev"": 0.84}","{""bbox"": [837, 535, 253, 170], ""area"": 26990, ""angle_dev"": 0.0, ""solidity"": 0.697}",7,"[""likely_good_normal_candidate""]",06cf12296bd5349eba7a8d0c691d00c5,16782920097962191052
img_256.png,1920,1080,660285,188.7,1,"[797, 140, 334, 845]",0.1783,0.0995,1.74,False,False,0.7,"{""bbox"": [895, 160, 146, 91], ""area"": 12058, ""angle_dev"": 1.25}","{""bbox"": [837, 534, 254, 172], ""area"": 27254, ""angle_dev"": 1.74, ""solidity"": 0.7}",8,"[""likely_good_normal_candidate""]",308b583cc146a60e1a141b3880fc916f,16782920097962191052
img_257.png,1920,1080,796895,186.5,1,"[836, 137, 342, 848]",0.1832,0.094,0.68,False,False,0.621,"{""bbox"": [938, 157, 145, 86], ""area"": 11196, ""angle_dev"": 0.0}","{""bbox"": [876, 540, 262, 175], ""area"": 27203, ""angle_dev"": 0.68, ""solidity"": 0.621}",9,"[""likely_damaged_label""]",67e97e3f55def6a56aa5933ced741988,16784050413634383046
img_258.png,1920,1080,747932,188.7,1,"[797, 141, 334, 844]",0.1781,0.0984,1.73,False,False,0.696,"{""bbox"": [895, 161, 146, 90], ""area"": 12033, ""angle_dev"": 1.15}","{""bbox"": [837, 534, 254, 172], ""area"": 27116, ""angle_dev"": 1.73, ""solidity"": 0.696}",7,"[""likely_good_normal_candidate""]",444ed49f33eb6576a20606c5034cef47,16782920097962191052
img_259.png,1920,1080,822896,189.0,1,"[722, 143, 339, 842]",0.1803,0.0984,4.97,False,False,0.492,"{""bbox"": [813, 163, 144, 90], ""area"": 11908, ""angle_dev"": 0.0}","{""bbox"": [762, 534, 259, 167], ""area"": 14701, ""angle_dev"": 4.97, ""solidity"": 0.492}",3,"[""likely_skewed_label"", ""likely_damaged_label""]",a766680cb143004f9f7ef45374eaadc8,17926851858262453452
img_260.png,1920,1080,706427,189.3,1,"[721, 143, 339, 842]",0.1803,0.1005,0.0,False,False,0.499,"{""bbox"": [814, 163, 143, 92], ""area"": 11862, ""angle_dev"": 0.0}","{""bbox"": [761, 535, 259, 166], ""area"": 14851, ""angle_dev"": 0.0, ""solidity"": 0.499}",4,"[""likely_damaged_label""]",a1b841a08b695a3962f0c35826747d51,17926851858262445260
img_261.png,1920,1080,775206,189.4,1,"[722, 143, 338, 842]",0.1798,0.1005,0.0,False,False,0.503,"{""bbox"": [813, 163, 144, 92], ""area"": 11839, ""angle_dev"": 0.0}","{""bbox"": [762, 535, 258, 166], ""area"": 14970, ""angle_dev"": 0.0, ""solidity"": 0.503}",4,"[""likely_damaged_label""]",8d838727e1eb9538e75bb0912ce6375f,17926851858262445260
img_262.png,1920,1080,696425,189.5,1,"[722, 143, 339, 842]",0.1803,0.1005,1.33,False,False,0.534,"{""bbox"": [814, 163, 143, 92], ""area"": 11890, ""angle_dev"": 0.0}","{""bbox"": [762, 534, 259, 167], ""area"": 15898, ""angle_dev"": 1.33, ""solidity"": 0.534}",4,"[""likely_damaged_label""]",e3ab140686102c78d6b0723ff5567052,17926851858262453468
img_263.png,1920,1080,770035,189.5,1,"[722, 144, 339, 841]",0.1801,0.0995,1.25,False,False,0.532,"{""bbox"": [814, 164, 143, 91], ""area"": 11846, ""angle_dev"": 0.0}","{""bbox"": [762, 536, 259, 165], ""area"": 15888, ""angle_dev"": 1.25, ""solidity"": 0.532}",4,"[""likely_damaged_label""]",3d0dfbfaafe4b373809ad9f60a6b919e,17926851858262453468
img_264.png,1920,1080,688759,189.6,1,"[722, 143, 339, 842]",0.1803,0.1005,0.0,False,False,0.516,"{""bbox"": [813, 163, 144, 92], ""area"": 11857, ""angle_dev"": 0.0}","{""bbox"": [762, 535, 259, 166], ""area"": 15284, ""angle_dev"": 0.0, ""solidity"": 0.516}",4,"[""likely_damaged_label""]",fb9f5601ca2587aeb6c1171b0121a6cb,17926851858262453468
img_265.png,1920,1080,768280,189.6,1,"[722, 143, 339, 842]",0.1803,0.0984,1.79,False,False,0.516,"{""bbox"": [813, 163, 144, 90], ""area"": 11892, ""angle_dev"": 0.0}","{""bbox"": [762, 534, 259, 167], ""area"": 16176, ""angle_dev"": 1.79, ""solidity"": 0.516}",4,"[""likely_damaged_label""]",284c87836c0feccfd18090537f0a992f,17926851858262453452
img_266.png,1920,1080,694009,189.7,1,"[721, 143, 339, 842]",0.1803,0.1005,2.54,False,False,0.526,"{""bbox"": [814, 163, 143, 92], ""area"": 11829, ""angle_dev"": 0.0}","{""bbox"": [761, 535, 259, 167], ""area"": 16497, ""angle_dev"": 2.54, ""solidity"": 0.526}",4,"[""likely_damaged_label""]",d4e1017c34cd249efea09abf39852332,17926851858262453452
img_267.png,1920,1080,776150,189.7,1,"[721, 143, 340, 842]",0.1809,0.0984,2.16,False,False,0.533,"{""bbox"": [813, 163, 144, 90], ""area"": 11832, ""angle_dev"": 0.0}","{""bbox"": [761, 535, 260, 167], ""area"": 16724, ""angle_dev"": 2.16, ""solidity"": 0.533}",4,"[""likely_damaged_label""]",873d210fbac4885ea4296189f5f45817,17926851858262453452
img_268.png,1920,1080,706772,186.7,1,"[836, 137, 340, 848]",0.1821,0.0929,0.47,False,False,0.631,"{""bbox"": [938, 157, 145, 85], ""area"": 11221, ""angle_dev"": 0.0}","{""bbox"": [876, 540, 260, 174], ""area"": 27460, ""angle_dev"": 0.47, ""solidity"": 0.631}",9,"[""likely_good_normal_candidate""]",363832e008ffe8ca63762cc2af3a480d,16784050396454513862
img_269.png,1920,1080,715685,189.7,1,"[722, 143, 339, 842]",0.1803,0.1005,3.99,False,False,0.532,"{""bbox"": [813, 163, 144, 92], ""area"": 11929, ""angle_dev"": 0.0}","{""bbox"": [762, 535, 259, 167], ""area"": 16741, ""angle_dev"": 3.99, ""solidity"": 0.532}",5,"[""likely_skewed_label"", ""likely_damaged_label""]",d6afb9467a11e3068bd005cc92042511,17926851858262453452
img_270.png,1920,1080,957664,189.5,1,"[620, 141, 448, 844]",0.2389,0.106,1.68,False,False,0.581,"{""bbox"": [824, 161, 143, 97], ""area"": 12210, ""angle_dev"": 1.66}","{""bbox"": [660, 530, 368, 171], ""area"": 29369, ""angle_dev"": 1.68, ""solidity"": 0.581}",15,"[""likely_damaged_label""]",2b7c49be2da57a7b94a5b8e5eb0db773,16773930353655597260
img_271.png,1920,1080,742020,189.2,1,"[622, 141, 446, 844]",0.2378,0.1049,1.35,False,False,0.635,"{""bbox"": [824, 161, 142, 96], ""area"": 12270, ""angle_dev"": 0.0}","{""bbox"": [662, 531, 366, 169], ""area"": 31874, ""angle_dev"": 1.35, ""solidity"": 0.635}",16,"[""likely_good_normal_candidate""]",e6cf38f98cddba66cd6cc0afc09bc195,16773930353655597260
img_272.png,1920,1080,815916,189.1,1,"[622, 141, 446, 844]",0.2378,0.1049,1.31,False,False,0.606,"{""bbox"": [824, 161, 142, 96], ""area"": 12272, ""angle_dev"": 0.0}","{""bbox"": [662, 531, 366, 169], ""area"": 30386, ""angle_dev"": 1.31, ""solidity"": 0.606}",15,"[""likely_damaged_label""]",5a0334b68f12dcd303d7982f64447ae1,16773930353655597260
img_273.png,1920,1080,750980,189.1,1,"[622, 141, 445, 844]",0.2373,0.1049,1.42,False,False,0.621,"{""bbox"": [824, 161, 143, 96], ""area"": 12395, ""angle_dev"": 0.0}","{""bbox"": [662, 531, 365, 170], ""area"": 31132, ""angle_dev"": 1.42, ""solidity"": 0.621}",13,"[""likely_damaged_label""]",6b7a7d3750f0aafd8eee4f7c091b6a65,16773930353655597260
img_274.png,1920,1080,815012,189.1,1,"[624, 141, 444, 844]",0.2367,0.1049,1.31,False,False,0.632,"{""bbox"": [824, 161, 143, 96], ""area"": 12411, ""angle_dev"": 0.0}","{""bbox"": [664, 531, 364, 170], ""area"": 31624, ""angle_dev"": 1.31, ""solidity"": 0.632}",14,"[""likely_good_normal_candidate""]",29189ed24d306fc302ec647a0a9ec07b,16773930353655597260
img_275.png,1920,1080,747942,189.1,1,"[624, 141, 444, 844]",0.2367,0.1049,1.4,False,False,0.602,"{""bbox"": [824, 161, 142, 96], ""area"": 12317, ""angle_dev"": 1.36}","{""bbox"": [664, 530, 364, 170], ""area"": 30314, ""angle_dev"": 1.4, ""solidity"": 0.602}",15,"[""likely_damaged_label""]",1f633623eb7acf4076c3ec11a9d9ec55,16773930353655597260
img_276.png,1920,1080,806836,189.1,1,"[625, 141, 443, 844]",0.2362,0.1049,1.35,False,False,0.599,"{""bbox"": [824, 161, 142, 96], ""area"": 12313, ""angle_dev"": 0.0}","{""bbox"": [665, 530, 363, 171], ""area"": 30100, ""angle_dev"": 1.35, ""solidity"": 0.599}",15,"[""likely_damaged_label""]",6990c5253dc4ac90f136f058f81250e7,16773930353655597260
img_277.png,1920,1080,695575,189.4,1,"[749, 136, 359, 849]",0.1925,0.1038,3.92,False,False,0.52,"{""bbox"": [844, 156, 147, 95], ""area"": 12669, ""angle_dev"": 0.0}","{""bbox"": [789, 539, 279, 226], ""area"": 26509, ""angle_dev"": 3.92, ""solidity"": 0.52}",12,"[""likely_skewed_label"", ""likely_damaged_label""]",c349d04e43d104eaf3bdfb7048539d73,16782919960455866572
img_278.png,1920,1080,797751,189.3,1,"[749, 136, 360, 849]",0.1931,0.1038,3.84,False,False,0.513,"{""bbox"": [843, 156, 148, 95], ""area"": 12668, ""angle_dev"": 0.0}","{""bbox"": [789, 539, 280, 226], ""area"": 26146, ""angle_dev"": 3.84, ""solidity"": 0.513}",14,"[""likely_skewed_label"", ""likely_damaged_label""]",3373abfe74f93cc35450d8e32e4d55d2,16782919960456128716
img_279.png,1920,1080,802113,186.7,1,"[836, 137, 340, 848]",0.1821,0.0929,0.24,False,False,0.635,"{""bbox"": [937, 157, 146, 85], ""area"": 11150, ""angle_dev"": 0.0}","{""bbox"": [876, 541, 260, 173], ""area"": 27579, ""angle_dev"": 0.24, ""solidity"": 0.635}",9,"[""likely_good_normal_candidate""]",78dc5b30da4d90051ca35130183fdafb,16784050413634383046
img_280.png,1920,1080,855323,189.2,1,"[749, 136, 361, 849]",0.1936,0.1049,3.39,False,False,0.524,"{""bbox"": [843, 156, 148, 96], ""area"": 12677, ""angle_dev"": 0.99}","{""bbox"": [789, 539, 281, 225], ""area"": 26860, ""angle_dev"": 3.39, ""solidity"": 0.524}",16,"[""likely_skewed_label"", ""likely_damaged_label""]",73b05782c584901ba3f215c80c48f982,16782919960456128716
img_281.png,1920,1080,789928,189.1,1,"[749, 136, 366, 849]",0.1963,0.1038,1.86,False,False,0.537,"{""bbox"": [844, 156, 146, 95], ""area"": 12654, ""angle_dev"": 0.0}","{""bbox"": [789, 539, 286, 221], ""area"": 28018, ""angle_dev"": 1.86, ""solidity"": 0.537}",16,"[""likely_damaged_label""]",9bba240afb772b94952798bf413fd628,16782919960455866572
img_282.png,1920,1080,853931,189.0,1,"[749, 136, 366, 849]",0.1963,0.1049,1.86,False,False,0.552,"{""bbox"": [844, 156, 146, 96], ""area"": 12690, ""angle_dev"": 0.9}","{""bbox"": [789, 539, 286, 221], ""area"": 28821, ""angle_dev"": 1.86, ""solidity"": 0.552}",15,"[""likely_damaged_label""]",9d0ebaf5abb6af39f03799c5ed77a430,16782919960455866572
img_283.png,1920,1080,785184,189.1,1,"[749, 136, 364, 849]",0.1952,0.1049,1.4,False,False,0.557,"{""bbox"": [843, 156, 147, 96], ""area"": 12699, ""angle_dev"": 0.0}","{""bbox"": [789, 539, 284, 221], ""area"": 29133, ""angle_dev"": 1.4, ""solidity"": 0.557}",15,"[""likely_damaged_label""]",fb7f037dc66684bd5d23414036c8385c,16782919960455866572
img_284.png,1920,1080,672416,190.0,1,"[763, 138, 358, 847]",0.1916,0.1005,2.99,False,False,0.651,"{""bbox"": [859, 158, 147, 92], ""area"": 12395, ""angle_dev"": 0.0}","{""bbox"": [803, 539, 278, 172], ""area"": 20966, ""angle_dev"": 2.99, ""solidity"": 0.651}",6,"[""likely_good_normal_candidate""]",9428f24b1a80d03e637c7b8ae4c2698e,16782920097962191052
img_285.png,1920,1080,800205,189.5,1,"[762, 138, 359, 847]",0.1921,0.1005,3.28,False,False,0.644,"{""bbox"": [858, 158, 149, 92], ""area"": 12407, ""angle_dev"": 0.0}","{""bbox"": [802, 538, 279, 173], ""area"": 20831, ""angle_dev"": 3.28, ""solidity"": 0.644}",6,"[""likely_skewed_label""]",0688ba9e5a44684553d8661183727745,16782920097962191052
img_286.png,1920,1080,851827,189.4,1,"[762, 138, 359, 847]",0.1921,0.1005,3.28,False,False,0.646,"{""bbox"": [858, 158, 149, 92], ""area"": 12435, ""angle_dev"": 0.0}","{""bbox"": [802, 538, 279, 173], ""area"": 20896, ""angle_dev"": 3.28, ""solidity"": 0.646}",6,"[""likely_skewed_label""]",c0c9487e6259203266be05cf9822d293,16782920097962191052
img_287.png,1920,1080,748282,189.3,1,"[762, 138, 358, 847]",0.1916,0.1005,3.95,False,False,0.646,"{""bbox"": [858, 158, 148, 92], ""area"": 12424, ""angle_dev"": 0.0}","{""bbox"": [802, 537, 278, 174], ""area"": 20958, ""angle_dev"": 3.95, ""solidity"": 0.646}",6,"[""likely_skewed_label""]",15ae1f63dd47b0cd4dbb3d27b1a0cf0e,16782920097962191052
img_288.png,1920,1080,808346,189.3,1,"[763, 138, 357, 847]",0.191,0.1005,3.51,False,False,0.644,"{""bbox"": [859, 158, 147, 92], ""area"": 12405, ""angle_dev"": 0.56}","{""bbox"": [803, 538, 277, 173], ""area"": 20873, ""angle_dev"": 3.51, ""solidity"": 0.644}",6,"[""likely_skewed_label""]",6f6344c8f15105e42f08376f222e2441,16782920097962191052
img_289.png,1920,1080,736781,189.3,1,"[762, 138, 358, 847]",0.1916,0.1016,2.89,False,False,0.619,"{""bbox"": [858, 158, 148, 93], ""area"": 12502, ""angle_dev"": 1.15}","{""bbox"": [802, 539, 278, 172], ""area"": 22027, ""angle_dev"": 2.89, ""solidity"": 0.619}",6,"[""likely_damaged_label""]",f0ff8f3f56c3d77ef5099cb6db5f0811,16782920097962191052
img_290.png,1920,1080,716441,186.7,1,"[836, 137, 341, 848]",0.1827,0.094,0.46,False,False,0.625,"{""bbox"": [938, 157, 145, 86], ""area"": 11289, ""angle_dev"": 0.0}","{""bbox"": [876, 540, 261, 174], ""area"": 27266, ""angle_dev"": 0.46, ""solidity"": 0.625}",9,"[""likely_damaged_label""]",b9237f0ef87a14a453a5962890a0b499,16784050413634383046
img_291.png,1920,1080,920263,189.6,1,"[773, 135, 352, 850]",0.189,0.1093,0.3,False,False,0.931,"{""bbox"": [879, 155, 148, 100], ""area"": 13111, ""angle_dev"": 1.27}","{""bbox"": [813, 540, 272, 172], ""area"": 38217, ""angle_dev"": 0.3, ""solidity"": 0.931}",5,"[""likely_good_normal_candidate""]",83e7a305bb629974bfe1156cb455ca54,16782920097961928908
img_292.png,1920,1080,718818,189.4,1,"[774, 135, 352, 850]",0.189,0.1082,0.0,False,False,0.71,"{""bbox"": [879, 155, 149, 99], ""area"": 13002, ""angle_dev"": 1.41}","{""bbox"": [814, 541, 272, 171], ""area"": 28721, ""angle_dev"": 0.0, ""solidity"": 0.71}",5,"[""likely_good_normal_candidate""]",3e5b31737929502fd50132ad61eba365,16782920097961928908
img_293.png,1920,1080,795077,189.3,1,"[774, 135, 352, 850]",0.189,0.1082,0.0,False,False,0.707,"{""bbox"": [879, 155, 149, 99], ""area"": 13103, ""angle_dev"": 1.4}","{""bbox"": [814, 541, 272, 171], ""area"": 28754, ""angle_dev"": 0.0, ""solidity"": 0.707}",5,"[""likely_good_normal_candidate""]",65b4f79f025030d7f30df2df4132b6b0,16782920097961928908
img_294.png,1920,1080,697728,189.3,1,"[773, 135, 351, 850]",0.1885,0.1082,0.35,False,False,0.72,"{""bbox"": [879, 155, 149, 99], ""area"": 13054, ""angle_dev"": 0.0}","{""bbox"": [813, 541, 271, 171], ""area"": 29166, ""angle_dev"": 0.35, ""solidity"": 0.72}",5,"[""likely_good_normal_candidate""]",88d275f6260406d46453a07c6b2e982b,16782920097961928908
img_295.png,1920,1080,1122462,190.8,1,"[708, 133, 389, 852]",0.2094,0.1104,0.64,False,False,0.637,"{""bbox"": [849, 153, 150, 101], ""area"": 13459, ""angle_dev"": 0.0}","{""bbox"": [748, 538, 309, 189], ""area"": 32148, ""angle_dev"": 0.64, ""solidity"": 0.637}",5,"[""likely_good_normal_candidate""]",1d327ba109e240fc4e60db3ab1b3270b,16782920097894820044
img_296.png,1920,1080,843145,189.7,1,"[726, 133, 371, 852]",0.1997,0.1082,2.44,False,False,0.626,"{""bbox"": [848, 153, 150, 99], ""area"": 13363, ""angle_dev"": 0.0}","{""bbox"": [766, 537, 291, 178], ""area"": 27455, ""angle_dev"": 2.44, ""solidity"": 0.626}",5,"[""likely_damaged_label""]",21ef331cccc920d5467f726f6ffca6f1,16782920097894820044
img_297.png,1920,1080,905049,189.6,1,"[726, 133, 372, 852]",0.2002,0.1126,2.44,False,False,0.623,"{""bbox"": [848, 153, 150, 103], ""area"": 13432, ""angle_dev"": 0.0}","{""bbox"": [766, 537, 292, 178], ""area"": 27339, ""angle_dev"": 2.44, ""solidity"": 0.623}",6,"[""likely_damaged_label""]",7ba8a9cfb794c120a27805c888e51e3e,16782920097894820044
img_298.png,1920,1080,779337,189.6,1,"[727, 133, 370, 852]",0.1991,0.1115,0.0,False,False,0.626,"{""bbox"": [849, 153, 150, 102], ""area"": 13525, ""angle_dev"": 0.0}","{""bbox"": [767, 538, 290, 177], ""area"": 27517, ""angle_dev"": 0.0, ""solidity"": 0.626}",5,"[""likely_damaged_label""]",14ecccfe89af9654dd72b204e65db457,16782920097894820044
img_299.png,1920,1080,814436,189.6,1,"[708, 133, 389, 852]",0.2094,0.1115,3.99,False,False,0.632,"{""bbox"": [848, 153, 151, 102], ""area"": 13530, ""angle_dev"": 0.0}","{""bbox"": [748, 535, 309, 192], ""area"": 31781, ""angle_dev"": 3.99, ""solidity"": 0.632}",6,"[""likely_skewed_label""]",696ab671b08b8eb12ea2ee21c6e26ba0,16782920097894820044
img_300.png,1920,1080,713387,189.6,1,"[729, 132, 369, 853]",0.1988,0.1115,2.37,False,False,0.627,"{""bbox"": [849, 152, 150, 102], ""area"": 13508, ""angle_dev"": 0.0}","{""bbox"": [769, 538, 289, 177], ""area"": 27161, ""angle_dev"": 2.37, ""solidity"": 0.627}",6,"[""likely_damaged_label""]",67eb3b4fa7b83ecafae28729ec0108f0,16782920097894820044
img_301.png,1920,1080,754160,186.6,1,"[836, 137, 341, 848]",0.1827,0.094,0.48,False,False,0.622,"{""bbox"": [937, 157, 146, 86], ""area"": 11370, ""angle_dev"": 0.55}","{""bbox"": [876, 541, 261, 173], ""area"": 27063, ""angle_dev"": 0.48, ""solidity"": 0.622}",9,"[""likely_damaged_label""]",77346807baa093e2b9fa77528ca6a59d,16784050413634383046
img_302.png,1920,1080,800360,189.6,1,"[730, 132, 368, 853]",0.1983,0.1126,1.26,False,False,0.628,"{""bbox"": [849, 152, 149, 103], ""area"": 13485, ""angle_dev"": 0.0}","{""bbox"": [770, 538, 288, 177], ""area"": 27405, ""angle_dev"": 1.26, ""solidity"": 0.628}",6,"[""likely_good_normal_candidate""]",edb10a82aab5810fd037360c471dc987,16782920097894820044
img_303.png,1920,1080,848151,189.6,1,"[728, 132, 370, 853]",0.1994,0.1115,2.24,False,False,0.622,"{""bbox"": [849, 152, 150, 102], ""area"": 13505, ""angle_dev"": 0.0}","{""bbox"": [768, 537, 290, 178], ""area"": 27195, ""angle_dev"": 2.24, ""solidity"": 0.622}",5,"[""likely_damaged_label""]",e6d18db53cb4d4e60a60b71d1958a299,16782920097894820044
img_304.png,1920,1080,965688,189.2,1,"[735, 126, 377, 859]",0.2046,0.1137,8.84,False,False,0.64,"{""bbox"": [851, 146, 155, 104], ""area"": 14149, ""angle_dev"": 2.54}","{""bbox"": [775, 544, 297, 217], ""area"": 31157, ""angle_dev"": 8.84, ""solidity"": 0.64}",16,"[""likely_skewed_label""]",aa378ebc76ce043a788a995595a8bf37,16782920097962191052
img_305.png,1920,1080,737150,189.2,1,"[735, 126, 376, 859]",0.204,0.1115,9.0,False,False,0.613,"{""bbox"": [851, 146, 155, 102], ""area"": 14055, ""angle_dev"": 0.0}","{""bbox"": [775, 545, 296, 216], ""area"": 27299, ""angle_dev"": 9.0, ""solidity"": 0.613}",16,"[""likely_skewed_label"", ""likely_damaged_label""]",7efc16884e6403376cd82b98ed9680ea,16782919960523237580
img_306.png,1920,1080,832769,189.3,1,"[735, 126, 377, 859]",0.2046,0.1126,9.34,False,False,0.641,"{""bbox"": [851, 146, 155, 103], ""area"": 14092, ""angle_dev"": 0.0}","{""bbox"": [775, 545, 297, 216], ""area"": 31089, ""angle_dev"": 9.34, ""solidity"": 0.641}",16,"[""likely_skewed_label""]",1678803fb853d29d207befe11917b8c5,16782919960523237580
img_307.png,1920,1080,665304,187.1,1,"[831, 139, 225, 846]",0.1203,0.1071,2.29,False,False,,"{""bbox"": [871, 159, 145, 98], ""area"": 12467, ""angle_dev"": 2.29}",null,0,"[""likely_good_normal_candidate""]",816afb09320a3b41ca42745892e36a02,16782919960455859404
img_308.png,1920,1080,751857,186.8,1,"[831, 138, 225, 847]",0.1204,0.1082,1.94,False,False,,"{""bbox"": [871, 158, 145, 99], ""area"": 12449, ""angle_dev"": 1.94}",null,0,"[""likely_good_normal_candidate""]",17feb7ffb12414ad4d3fc80617d63ff6,16782919960455859404
img_309.png,1920,1080,627571,186.7,1,"[831, 139, 224, 846]",0.1197,0.1082,0.0,False,False,,"{""bbox"": [871, 159, 144, 99], ""area"": 12587, ""angle_dev"": 0.0}",null,0,"[""likely_good_normal_candidate""]",a893a66bb9e89ce8a9bd9e81ad0ece39,16782919960455859404
img_310.png,1920,1080,715342,186.6,1,"[831, 139, 225, 846]",0.1203,0.1082,2.05,False,False,,"{""bbox"": [871, 159, 145, 99], ""area"": 12587, ""angle_dev"": 2.05}",null,0,"[""likely_good_normal_candidate""]",14e3a3dffde5277d90ec83bb6ba1453f,16782919960455859404
img_311.png,1920,1080,766587,186.6,1,"[831, 139, 225, 846]",0.1203,0.1082,0.0,False,False,,"{""bbox"": [871, 159, 145, 99], ""area"": 12579, ""angle_dev"": 0.0}",null,0,"[""likely_good_normal_candidate""]",4533aeab34a28be936f3ac11d8e942ac,16782919960455859404
img_312.png,1920,1080,738156,186.7,1,"[836, 137, 340, 848]",0.1821,0.0929,0.48,False,False,0.617,"{""bbox"": [938, 157, 145, 85], ""area"": 10935, ""angle_dev"": 0.0}","{""bbox"": [876, 541, 260, 173], ""area"": 26764, ""angle_dev"": 0.48, ""solidity"": 0.617}",8,"[""likely_damaged_label""]",829cd5f438e698cee93b5cbdae853c32,16784050413634383046
img_313.png,1920,1080,708899,186.6,1,"[831, 139, 225, 846]",0.1203,0.1082,2.91,False,False,,"{""bbox"": [871, 159, 145, 99], ""area"": 12553, ""angle_dev"": 2.91}",null,0,"[""likely_good_normal_candidate""]",20b1cf4d9decd047bf2e421cebf00cd5,16782919960455859404
img_314.png,1920,1080,763496,186.6,1,"[831, 139, 225, 846]",0.1203,0.1082,0.0,False,False,,"{""bbox"": [871, 159, 145, 99], ""area"": 12623, ""angle_dev"": 0.0}",null,0,"[""likely_good_normal_candidate""]",0532ee93ae74fcd6389161021833ee6a,16782919960456121548
img_315.png,1920,1080,703895,186.7,1,"[831, 139, 225, 846]",0.1203,0.1071,1.94,False,False,,"{""bbox"": [871, 159, 145, 98], ""area"": 12537, ""angle_dev"": 1.94}",null,0,"[""likely_good_normal_candidate""]",bfecd112a03ecaec49ce252a26cb8d81,16782919960456121548
img_316.png,1920,1080,754461,186.6,1,"[831, 139, 225, 846]",0.1203,0.1071,2.35,False,False,,"{""bbox"": [871, 159, 145, 98], ""area"": 12520, ""angle_dev"": 2.35}",null,0,"[""likely_good_normal_candidate""]",c66212516c60ceb96e6f1dab376eca10,16782919960456121548
img_317.png,1920,1080,689493,186.7,1,"[831, 139, 225, 846]",0.1203,0.1049,0.0,False,False,,"{""bbox"": [871, 159, 145, 96], ""area"": 12462, ""angle_dev"": 0.0}",null,0,"[""likely_good_normal_candidate""]",a4e50e72e28c38e35cba71089ccc94cd,16782919960456121548
img_318.png,1920,1080,754967,186.6,1,"[831, 138, 225, 847]",0.1204,0.1071,0.91,False,False,,"{""bbox"": [871, 158, 145, 98], ""area"": 12540, ""angle_dev"": 0.91}",null,0,"[""likely_good_normal_candidate""]",ed1d7e6ae35f5e02d894ccecdc59bde0,16782919960456121548
img_319.png,1920,1080,683140,186.7,1,"[831, 139, 225, 846]",0.1203,0.1082,2.42,False,False,,"{""bbox"": [871, 159, 145, 99], ""area"": 12612, ""angle_dev"": 2.42}",null,0,"[""likely_good_normal_candidate""]",dba1bb2b2691e78c58c0a5e46c0b3630,16782919960456121548
img_320.png,1920,1080,749291,186.7,1,"[831, 139, 225, 846]",0.1203,0.1082,2.42,False,False,,"{""bbox"": [871, 159, 145, 99], ""area"": 12610, ""angle_dev"": 2.42}",null,0,"[""likely_good_normal_candidate""]",b55f544cc67554cc5cd0cc4a0744665e,16782919960456121548
img_321.png,1920,1080,782115,188.8,1,"[834, 111, 225, 874]",0.1242,0.1366,0.0,False,False,,"{""bbox"": [874, 131, 145, 125], ""area"": 15780, ""angle_dev"": 0.0}",null,0,"[""likely_good_normal_candidate""]",da04f189edcd12db153a593ae7625ec0,16782919960455858380
img_322.png,1920,1080,872460,187.9,1,"[835, 111, 225, 874]",0.1242,0.1366,0.0,False,False,,"{""bbox"": [875, 131, 145, 125], ""area"": 15751, ""angle_dev"": 0.0}",null,0,"[""likely_good_normal_candidate""]",3c059e961e7e87f51dc74ff691402fe0,16782919960456120524
img_323.png,1920,1080,812691,186.7,1,"[836, 137, 341, 848]",0.1827,0.0951,0.47,False,False,0.619,"{""bbox"": [938, 157, 145, 87], ""area"": 11213, ""angle_dev"": 0.0}","{""bbox"": [876, 541, 261, 173], ""area"": 26917, ""angle_dev"": 0.47, ""solidity"": 0.619}",9,"[""likely_damaged_label""]",6b08f7748124392bf31807f6062126a1,16784050413634383046
img_324.png,1920,1080,719927,187.7,1,"[835, 111, 225, 874]",0.1242,0.1366,0.0,False,False,,"{""bbox"": [875, 131, 145, 125], ""area"": 15679, ""angle_dev"": 0.0}",null,0,"[""likely_good_normal_candidate""]",a728971941d1385fcf5d5cadf4eca017,16782919960456120524
img_325.png,1920,1080,777400,187.6,1,"[835, 111, 225, 874]",0.1242,0.1366,0.0,False,False,,"{""bbox"": [875, 131, 145, 125], ""area"": 15754, ""angle_dev"": 0.0}",null,0,"[""likely_good_normal_candidate""]",92f3c400d0b4bf04b57f29ef6b9c937f,16782919960456120524
img_326.png,1920,1080,708387,187.6,1,"[835, 111, 225, 874]",0.1242,0.1355,0.0,False,False,,"{""bbox"": [875, 131, 145, 124], ""area"": 15668, ""angle_dev"": 0.0}",null,0,"[""likely_good_normal_candidate""]",311b3b59a0981732ff1a47365e8ef0da,16782919960455858380
img_327.png,1920,1080,764291,187.6,1,"[835, 111, 225, 874]",0.1242,0.1355,0.0,False,False,,"{""bbox"": [875, 131, 145, 124], ""area"": 15649, ""angle_dev"": 0.0}",null,0,"[""likely_good_normal_candidate""]",f01367e47a4b975c161a60a992074e82,16782919960456120524
img_328.png,1920,1080,927334,190.9,1,"[834, 188, 226, 797]",0.1138,0.047,1.4,False,False,,"{""bbox"": [874, 208, 146, 43], ""area"": 4271, ""angle_dev"": 1.4}",null,0,"[""likely_good_normal_candidate""]",d561f8bfb57a220f13de6791dd4c40fb,17359380712759544012
img_329.png,1920,1080,698306,190.2,1,"[834, 188, 226, 797]",0.1138,0.047,1.51,False,False,,"{""bbox"": [874, 208, 146, 43], ""area"": 4296, ""angle_dev"": 1.51}",null,0,"[""likely_good_normal_candidate""]",91e7f2f4a44a5c04e19211b4dc0e7ea9,17359380712759544012
img_330.png,1920,1080,804935,189.5,1,"[833, 188, 227, 797]",0.1143,0.0459,1.81,False,False,,"{""bbox"": [873, 208, 147, 42], ""area"": 4116, ""angle_dev"": 1.81}",null,0,"[""likely_good_normal_candidate""]",f7f1ade53ede1639a1da84e52fe52c18,17935841465062967500
img_331.png,1920,1080,694280,189.1,1,"[833, 189, 227, 796]",0.1141,0.0426,1.12,False,False,,"{""bbox"": [873, 209, 147, 39], ""area"": 4051, ""angle_dev"": 1.12}",null,0,"[""likely_good_normal_candidate""]",af981a449d75d9cc3e25b35f1f13fa55,17359380712759544012
img_332.png,1920,1080,743836,189.1,1,"[834, 189, 226, 796]",0.1136,0.0426,0.63,False,False,,"{""bbox"": [874, 209, 146, 39], ""area"": 4010, ""angle_dev"": 0.63}",null,0,"[""likely_good_normal_candidate""]",efbbf28edc871d792e14378d36775e45,17359380712759544012
img_333.png,1920,1080,681271,189.0,1,"[834, 189, 225, 796]",0.1131,0.0481,1.27,False,False,,"{""bbox"": [874, 209, 145, 44], ""area"": 4181, ""angle_dev"": 1.27}",null,0,"[""likely_good_normal_candidate""]",f7d642bca11908a95a4dcb13c643e18a,17359380712759544012
img_334.png,1920,1080,727262,184.2,1,"[792, 178, 333, 807]",0.1698,0.0907,0.25,False,False,0.957,"{""bbox"": [888, 198, 145, 83], ""area"": 10549, ""angle_dev"": 0.52}","{""bbox"": [832, 570, 253, 167], ""area"": 39284, ""angle_dev"": 0.25, ""solidity"": 0.957}",13,"[""likely_good_normal_candidate""]",e0a66bfc4952df1b71fb99133024f99b,17935841602569028812
img_335.png,1920,1080,772693,186.7,1,"[836, 137, 340, 848]",0.1821,0.094,0.47,False,False,0.623,"{""bbox"": [937, 157, 146, 86], ""area"": 11191, ""angle_dev"": 0.0}","{""bbox"": [876, 541, 260, 173], ""area"": 26993, ""angle_dev"": 0.47, ""solidity"": 0.623}",10,"[""likely_damaged_label""]",fcc2ad61478f71a6fb78e9e5970412a0,16784050413634383046
img_336.png,1920,1080,737405,189.0,1,"[834, 189, 225, 796]",0.1131,0.0481,2.41,False,False,,"{""bbox"": [874, 209, 145, 44], ""area"": 4064, ""angle_dev"": 2.41}",null,0,"[""likely_good_normal_candidate""]",ba75fe475477f7681a15b66a02d1904f,17359380712759544012
img_337.png,1920,1080,683477,189.0,1,"[834, 190, 226, 795]",0.1135,0.0426,1.67,False,False,,"{""bbox"": [874, 210, 146, 39], ""area"": 4043, ""angle_dev"": 1.67}",null,0,"[""likely_good_normal_candidate""]",4178483eba82f8b0317d209c0438c835,17359380712759544012
img_338.png,1920,1080,733722,189.0,1,"[833, 189, 227, 796]",0.1141,0.0448,1.16,False,False,,"{""bbox"": [873, 209, 147, 41], ""area"": 4288, ""angle_dev"": 1.16}",null,0,"[""likely_good_normal_candidate""]",92797a5c5b3c1bc77de8ca421e3be533,17359380712759544012
img_339.png,1920,1080,675530,189.0,1,"[834, 189, 225, 796]",0.1131,0.0448,0.0,False,False,,"{""bbox"": [874, 209, 145, 41], ""area"": 4130, ""angle_dev"": 0.0}",null,0,"[""likely_good_normal_candidate""]",dabed65509ce3b3f6bb5510b03feb826,17359380712759544012
img_340.png,1920,1080,723458,189.0,1,"[835, 189, 224, 796]",0.1126,0.0448,0.0,False,False,,"{""bbox"": [875, 209, 144, 41], ""area"": 4060, ""angle_dev"": 0.0}",null,0,"[""likely_good_normal_candidate""]",602d9a312b009e83e2d5c5f817ce138f,17359380712759544012
img_341.png,1920,1080,712354,189.0,1,"[833, 189, 227, 796]",0.1141,0.0448,1.09,False,False,,"{""bbox"": [873, 209, 147, 41], ""area"": 4261, ""angle_dev"": 1.09}",null,0,"[""likely_good_normal_candidate""]",96adfcb56c9fe5c59c45a1f14fc562e7,17359380712759544012
img_342.png,1920,1080,694206,188.9,1,"[836, 96, 231, 889]",0.1297,0.1541,1.94,False,False,,"{""bbox"": [876, 116, 151, 141], ""area"": 17745, ""angle_dev"": 1.94}",null,0,"[""likely_close_up_view""]",823dfa5853f9820dd53f92af5efb8fd2,16782919960455858380
img_343.png,1920,1080,802400,188.6,1,"[836, 96, 231, 889]",0.1297,0.1552,3.95,False,False,,"{""bbox"": [876, 116, 151, 142], ""area"": 17537, ""angle_dev"": 3.95}",null,0,"[""likely_close_up_view""]",6a21ec49c3e7a93e45e6213423bc9247,16782919960455858380
img_344.png,1920,1080,686573,188.5,1,"[835, 96, 232, 889]",0.1303,0.1541,2.96,False,False,,"{""bbox"": [875, 116, 152, 141], ""area"": 17287, ""angle_dev"": 2.96}",null,0,"[""likely_close_up_view""]",b69a661d66e765a1be1ce28e7ba0cd98,16782919960455858380
img_345.png,1920,1080,738093,188.5,1,"[835, 97, 232, 888]",0.1301,0.153,2.96,False,False,,"{""bbox"": [875, 117, 152, 140], ""area"": 17456, ""angle_dev"": 2.96}",null,0,"[""likely_good_normal_candidate""]",8332e7180b8c34cc5f3e847edc8fcdb4,16782919960455858380
img_346.png,1920,1080,755974,187.7,1,"[836, 138, 342, 847]",0.183,0.0929,0.0,False,False,0.764,"{""bbox"": [936, 158, 147, 85], ""area"": 10957, ""angle_dev"": 0.0}","{""bbox"": [876, 540, 262, 173], ""area"": 32529, ""angle_dev"": 0.0, ""solidity"": 0.764}",13,"[""likely_good_normal_candidate""]",9a72e9427e5917fda41b42962e824fda,16784050413634382022
img_347.png,1920,1080,772626,189.4,1,"[835, 97, 234, 888]",0.1313,0.1541,5.71,False,False,,"{""bbox"": [875, 117, 154, 141], ""area"": 17443, ""angle_dev"": 5.71}",null,0,"[""likely_tilted_cap"", ""likely_close_up_view""]",994758e7ad42225619c10f7ecef1cdd1,16782919960456121548
img_348.png,1920,1080,846199,188.9,1,"[835, 97, 234, 888]",0.1313,0.1541,5.36,False,False,,"{""bbox"": [875, 117, 154, 141], ""area"": 17284, ""angle_dev"": 5.36}",null,0,"[""likely_tilted_cap"", ""likely_close_up_view""]",2ebe5508012cabede3e9473a4aaa9f3d,16782919960456121548
img_349.png,1920,1080,725207,188.4,1,"[835, 97, 234, 888]",0.1313,0.1541,4.67,False,False,,"{""bbox"": [875, 117, 154, 141], ""area"": 17147, ""angle_dev"": 4.67}",null,0,"[""likely_tilted_cap"", ""likely_close_up_view""]",6933f1e49acf1e417ad3e87ee9873ba7,16782919960456121548
img_350.png,1920,1080,781993,188.3,1,"[835, 97, 234, 888]",0.1313,0.1541,5.36,False,False,,"{""bbox"": [875, 117, 154, 141], ""area"": 17307, ""angle_dev"": 5.36}",null,0,"[""likely_tilted_cap"", ""likely_close_up_view""]",569086b8acc4508b641540c1faeea8f9,16782919960456121548
img_351.png,1920,1080,715314,188.2,1,"[836, 97, 233, 888]",0.1307,0.1541,4.97,False,False,,"{""bbox"": [876, 117, 153, 141], ""area"": 17320, ""angle_dev"": 4.97}",null,0,"[""likely_tilted_cap"", ""likely_close_up_view""]",1768fded91549ccaf81ad26fb579a98a,16782919960456121548
img_352.png,1920,1080,760928,188.2,1,"[835, 97, 234, 888]",0.1313,0.1541,5.19,False,False,,"{""bbox"": [875, 117, 154, 141], ""area"": 17226, ""angle_dev"": 5.19}",null,0,"[""likely_tilted_cap"", ""likely_close_up_view""]",9cd2326cd7f85a57a13fae2916989f39,16782919960456121548
img_353.png,1920,1080,701404,188.2,1,"[835, 97, 234, 888]",0.1313,0.1541,3.69,False,False,,"{""bbox"": [875, 117, 154, 141], ""area"": 17199, ""angle_dev"": 3.69}",null,0,"[""likely_close_up_view""]",89658d3523673ad0c4af80482c222ccb,16782919960456121548
img_354.png,1920,1080,750738,188.2,1,"[836, 97, 233, 888]",0.1307,0.1541,4.47,False,False,,"{""bbox"": [876, 117, 153, 141], ""area"": 17228, ""angle_dev"": 4.47}",null,0,"[""likely_tilted_cap"", ""likely_close_up_view""]",3009a23955377f2e6583d072ed87e606,16782919960456121548
img_355.png,1920,1080,835102,189.7,1,"[835, 117, 229, 868]",0.1256,0.1301,3.52,False,False,,"{""bbox"": [875, 137, 149, 119], ""area"": 15102, ""angle_dev"": 3.52}",null,0,"[""likely_good_normal_candidate""]",66f91496438d9854fad4803266becf95,16782919960456120524
img_356.png,1920,1080,684448,189.1,1,"[835, 117, 229, 868]",0.1256,0.1301,3.37,False,False,,"{""bbox"": [875, 137, 149, 119], ""area"": 15115, ""angle_dev"": 3.37}",null,0,"[""likely_good_normal_candidate""]",fe636eba7b5e4facb34f7286d8437c0e,16782919960455858380
img_357.png,1920,1080,739718,187.2,1,"[836, 137, 344, 848]",0.1843,0.0951,0.0,False,False,0.746,"{""bbox"": [937, 157, 146, 87], ""area"": 10884, ""angle_dev"": 1.44}","{""bbox"": [876, 541, 264, 172], ""area"": 31763, ""angle_dev"": 0.0, ""solidity"": 0.746}",12,"[""likely_good_normal_candidate""]",733b4ad6caa3623a8169ed7acf168774,16784050413634382022
img_358.png,1920,1080,761327,188.8,1,"[835, 117, 229, 868]",0.1256,0.1301,2.79,False,False,,"{""bbox"": [875, 137, 149, 119], ""area"": 15128, ""angle_dev"": 2.79}",null,0,"[""likely_good_normal_candidate""]",1fc99673a577b6781630922fe899c057,16782919960456120524
img_359.png,1920,1080,676771,188.7,1,"[835, 117, 229, 868]",0.1256,0.1301,3.47,False,False,,"{""bbox"": [875, 137, 149, 119], ""area"": 15186, ""angle_dev"": 3.47}",null,0,"[""likely_good_normal_candidate""]",b9f1ce3adcf8aa85e5f76b10bac3f70b,16782919960456120524
img_360.png,1920,1080,730661,188.6,1,"[835, 117, 229, 868]",0.1256,0.1301,3.09,False,False,,"{""bbox"": [875, 137, 149, 119], ""area"": 15114, ""angle_dev"": 3.09}",null,0,"[""likely_good_normal_candidate""]",ac720b24246f583d48bf5fb519bff361,16782919960456120524
img_361.png,1920,1080,719139,187.8,1,"[850, 132, 223, 853]",0.1202,0.1158,0.0,False,False,,"{""bbox"": [890, 152, 143, 106], ""area"": 13534, ""angle_dev"": 0.0}",null,0,"[""likely_good_normal_candidate""]",cff0c8ec0ada886665ec5a48996151c1,16782920097962183884
img_362.png,1920,1080,646288,187.8,1,"[851, 131, 222, 854]",0.1198,0.1169,0.0,False,False,,"{""bbox"": [891, 151, 142, 107], ""area"": 13416, ""angle_dev"": 0.0}",null,0,"[""likely_good_normal_candidate""]",1930b094ebee6d8b2db8825d75931529,16782920097962183884
img_363.png,1920,1080,722150,187.8,1,"[851, 131, 222, 854]",0.1198,0.1169,0.0,False,False,,"{""bbox"": [891, 151, 142, 107], ""area"": 13450, ""angle_dev"": 0.0}",null,0,"[""likely_good_normal_candidate""]",7be6d38d3d256808a05cfdbfa9f96449,16782920097962183884
img_364.png,1920,1080,631484,187.8,1,"[851, 132, 222, 853]",0.1196,0.1137,0.0,False,False,,"{""bbox"": [891, 152, 142, 104], ""area"": 13393, ""angle_dev"": 0.0}",null,0,"[""likely_good_normal_candidate""]",ffb77709b626226f9ebc3355748833f8,16782920097962183884
img_365.png,1920,1080,708171,187.8,1,"[851, 132, 222, 853]",0.1196,0.1158,0.0,False,False,,"{""bbox"": [891, 152, 142, 106], ""area"": 13464, ""angle_dev"": 0.0}",null,0,"[""likely_good_normal_candidate""]",a47e53857aae3e15b4e4c66cfe89159b,16782920097962183884
img_366.png,1920,1080,752406,187.8,1,"[851, 132, 223, 853]",0.1202,0.1158,0.0,False,False,,"{""bbox"": [891, 152, 143, 106], ""area"": 13469, ""angle_dev"": 0.0}",null,0,"[""likely_good_normal_candidate""]",de6d7cfbdf493d71a5cd14f18b6e4686,16782920097962183884
img_367.png,1920,1080,755846,187.8,1,"[851, 132, 222, 853]",0.1196,0.1158,0.0,False,False,,"{""bbox"": [891, 152, 142, 106], ""area"": 13520, ""angle_dev"": 0.0}",null,0,"[""likely_good_normal_candidate""]",bb184dc72d221b648b232cd13ab6fc44,16782920097962183884
img_368.png,1920,1080,814174,187.2,1,"[836, 137, 344, 848]",0.1843,0.094,0.0,False,False,0.748,"{""bbox"": [936, 157, 147, 86], ""area"": 10873, ""angle_dev"": 0.97}","{""bbox"": [876, 540, 264, 173], ""area"": 31968, ""angle_dev"": 0.0, ""solidity"": 0.748}",12,"[""likely_good_normal_candidate""]",0efdea56b388d3b5d2cab940b545f9b9,16784050413634382022
img_369.png,1920,1080,719665,187.8,1,"[851, 132, 222, 853]",0.1196,0.1148,0.0,False,False,,"{""bbox"": [891, 152, 142, 105], ""area"": 13512, ""angle_dev"": 0.0}",null,0,"[""likely_good_normal_candidate""]",cc198cdaea79b1d4618937cfa1c155c4,16782920097962183884
img_370.png,1920,1080,929728,186.9,1,"[819, 124, 223, 861]",0.1213,0.1191,0.0,False,False,,"{""bbox"": [859, 144, 143, 109], ""area"": 13781, ""angle_dev"": 0.0}",null,0,"[""likely_good_normal_candidate""]",0d1868bbc258a08edde5845bedad6ed8,16782919960456121548
img_371.png,1920,1080,719550,186.2,1,"[819, 124, 223, 861]",0.1213,0.1191,1.85,False,False,,"{""bbox"": [859, 144, 143, 109], ""area"": 13705, ""angle_dev"": 1.85}",null,0,"[""likely_good_normal_candidate""]",cccbd726d498914a44a588ca6c3e7e8a,16782919960455859404
img_372.png,1920,1080,793755,186.1,1,"[819, 124, 223, 861]",0.1213,0.1191,0.0,False,False,,"{""bbox"": [859, 144, 143, 109], ""area"": 13678, ""angle_dev"": 0.0}",null,0,"[""likely_good_normal_candidate""]",32a32b59cebdfbf04ffa848e80118b8b,16782919960455859404
img_373.png,1920,1080,703045,186.0,1,"[819, 124, 223, 861]",0.1213,0.1191,0.0,False,False,,"{""bbox"": [859, 144, 143, 109], ""area"": 13670, ""angle_dev"": 0.0}",null,0,"[""likely_good_normal_candidate""]",2a5b55c2c99f0a774e79fc079f0d7bae,16782919960456121548
img_374.png,1920,1080,765442,186.0,1,"[819, 124, 223, 861]",0.1213,0.1191,0.0,False,False,,"{""bbox"": [859, 144, 143, 109], ""area"": 13736, ""angle_dev"": 0.0}",null,0,"[""likely_good_normal_candidate""]",8f1ca7fb8efeda3a0d7f5357a5325005,16782919960455859404
img_375.png,1920,1080,826389,188.3,1,"[754, 177, 340, 808]",0.1735,0.1027,0.95,False,False,0.93,"{""bbox"": [859, 197, 143, 94], ""area"": 12062, ""angle_dev"": 0.0}","{""bbox"": [794, 566, 260, 171], ""area"": 38791, ""angle_dev"": 0.95, ""solidity"": 0.93}",14,"[""likely_good_normal_candidate""]",c0e15f00156f1a1a8ac5d0cd58182706,17359380712759279820
img_376.png,1920,1080,718431,188.6,1,"[755, 176, 339, 809]",0.1733,0.1038,0.97,False,False,0.924,"{""bbox"": [859, 196, 143, 95], ""area"": 12106, ""angle_dev"": 0.0}","{""bbox"": [795, 566, 259, 170], ""area"": 38522, ""angle_dev"": 0.97, ""solidity"": 0.924}",15,"[""likely_good_normal_candidate""]",99104c13b66c9905dc69117be45b023e,17359398304945328332
img_377.png,1920,1080,778353,188.7,1,"[755, 176, 339, 809]",0.1733,0.1038,0.96,False,False,0.926,"{""bbox"": [859, 196, 143, 95], ""area"": 12155, ""angle_dev"": 1.59}","{""bbox"": [795, 566, 259, 170], ""area"": 38567, ""angle_dev"": 0.96, ""solidity"": 0.926}",15,"[""likely_good_normal_candidate""]",cfb2747c5cc866327086e18c8a5f6eed,17359380712759283916
img_378.png,1920,1080,722822,188.7,1,"[755, 177, 338, 808]",0.1725,0.1027,0.95,False,False,0.93,"{""bbox"": [859, 197, 144, 94], ""area"": 12030, ""angle_dev"": 1.08}","{""bbox"": [795, 566, 258, 170], ""area"": 38665, ""angle_dev"": 0.95, ""solidity"": 0.93}",14,"[""likely_good_normal_candidate""]",c6ed73514e1ad94fc05f00c09ac98ed5,17359380712759283916
img_379.png,1920,1080,775864,187.2,1,"[836, 137, 341, 848]",0.1827,0.094,0.23,False,False,0.747,"{""bbox"": [936, 157, 147, 86], ""area"": 11132, ""angle_dev"": 0.0}","{""bbox"": [876, 540, 261, 173], ""area"": 31718, ""angle_dev"": 0.23, ""solidity"": 0.747}",13,"[""likely_good_normal_candidate""]",0ce9324a108ff2e79b27f914201deb82,16784050413634382022
img_380.png,1920,1080,792235,188.7,1,"[755, 176, 339, 809]",0.1733,0.1038,0.94,False,False,0.929,"{""bbox"": [859, 196, 143, 95], ""area"": 12188, ""angle_dev"": 0.0}","{""bbox"": [795, 566, 259, 170], ""area"": 38705, ""angle_dev"": 0.94, ""solidity"": 0.929}",14,"[""likely_good_normal_candidate""]",d5cd3e12242ede32720e65a8fdc0b58e,17359380712759283916
img_381.png,1920,1080,707760,188.7,1,"[755, 176, 339, 809]",0.1733,0.1038,0.95,False,False,0.919,"{""bbox"": [859, 196, 144, 95], ""area"": 12095, ""angle_dev"": 0.0}","{""bbox"": [795, 566, 259, 170], ""area"": 38315, ""angle_dev"": 0.95, ""solidity"": 0.919}",15,"[""likely_good_normal_candidate""]",038c0f1f73a66af07f23101dce823abc,17359380712759283916
img_382.png,1920,1080,781705,188.7,1,"[755, 176, 339, 809]",0.1733,0.1038,0.94,False,False,0.932,"{""bbox"": [859, 196, 144, 95], ""area"": 12016, ""angle_dev"": 0.0}","{""bbox"": [795, 566, 259, 170], ""area"": 38835, ""angle_dev"": 0.94, ""solidity"": 0.932}",15,"[""likely_good_normal_candidate""]",c5928941a598164164739370a4cd5dc5,17359380712759283916
img_383.png,1920,1080,693886,188.7,1,"[755, 177, 338, 808]",0.1725,0.1027,0.73,False,False,0.924,"{""bbox"": [859, 197, 143, 94], ""area"": 12095, ""angle_dev"": 0.0}","{""bbox"": [795, 567, 258, 169], ""area"": 38355, ""angle_dev"": 0.73, ""solidity"": 0.924}",14,"[""likely_good_normal_candidate""]",5974622db353edb65912b480d76fe929,17359380712759283916
img_384.png,1920,1080,790731,188.7,1,"[755, 177, 339, 808]",0.173,0.1027,0.71,False,False,0.924,"{""bbox"": [858, 197, 144, 94], ""area"": 12131, ""angle_dev"": 0.0}","{""bbox"": [795, 566, 259, 171], ""area"": 38653, ""angle_dev"": 0.71, ""solidity"": 0.924}",15,"[""likely_good_normal_candidate""]",31388c1c2d7c3624933b3d6bd71a3fbe,17359380712759283916
img_385.png,1920,1080,713644,188.7,1,"[755, 176, 339, 809]",0.1733,0.1038,0.73,False,False,0.933,"{""bbox"": [859, 196, 143, 95], ""area"": 12181, ""angle_dev"": 0.0}","{""bbox"": [795, 567, 259, 170], ""area"": 38809, ""angle_dev"": 0.73, ""solidity"": 0.933}",15,"[""likely_good_normal_candidate""]",5776e767c0f98bc549f6a04c32204c48,17359380712759283916
img_386.png,1920,1080,764136,188.7,1,"[755, 176, 339, 809]",0.1733,0.1038,0.74,False,False,0.928,"{""bbox"": [859, 196, 143, 95], ""area"": 12076, ""angle_dev"": 1.74}","{""bbox"": [795, 567, 259, 169], ""area"": 38605, ""angle_dev"": 0.74, ""solidity"": 0.928}",14,"[""likely_good_normal_candidate""]",9528f03cf6c4cac7e0c6a63aa2c5338e,17359380712759283916
img_387.png,1920,1080,802345,188.7,1,"[755, 176, 339, 809]",0.1733,0.1038,0.96,False,False,0.93,"{""bbox"": [859, 196, 143, 95], ""area"": 12131, ""angle_dev"": 1.74}","{""bbox"": [795, 566, 259, 170], ""area"": 38798, ""angle_dev"": 0.96, ""solidity"": 0.93}",13,"[""likely_good_normal_candidate""]",43483404e7c2c3aec611c40cfa9a3ac9,17359380712759283916
img_388.png,1920,1080,728403,188.7,1,"[755, 176, 340, 809]",0.1738,0.1038,0.94,False,False,0.916,"{""bbox"": [859, 196, 143, 95], ""area"": 12049, ""angle_dev"": 0.73}","{""bbox"": [795, 566, 260, 170], ""area"": 38250, ""angle_dev"": 0.94, ""solidity"": 0.916}",14,"[""likely_good_normal_candidate""]",9cc86859adeb78717285c22f001a943a,17359380712759283916
img_389.png,1920,1080,781619,188.7,1,"[755, 176, 340, 809]",0.1738,0.1038,0.94,False,False,0.923,"{""bbox"": [859, 196, 143, 95], ""area"": 12092, ""angle_dev"": 0.83}","{""bbox"": [795, 566, 260, 170], ""area"": 38534, ""angle_dev"": 0.94, ""solidity"": 0.923}",14,"[""likely_good_normal_candidate""]",adcfcd10b7efe58faee92328b4b258f9,17359380712759283916
img_390.png,1920,1080,735860,187.2,1,"[836, 137, 342, 848]",0.1832,0.094,0.0,False,False,0.768,"{""bbox"": [937, 157, 146, 86], ""area"": 11120, ""angle_dev"": 0.0}","{""bbox"": [876, 540, 262, 173], ""area"": 32734, ""angle_dev"": 0.0, ""solidity"": 0.768}",12,"[""likely_good_normal_candidate""]",f34e423ccf11fdb7e19083143b252a70,16784050413634382022
img_391.png,1920,1080,822979,188.1,1,"[757, 176, 333, 809]",0.1702,0.106,0.72,False,False,0.919,"{""bbox"": [849, 196, 143, 97], ""area"": 12422, ""angle_dev"": 0.0}","{""bbox"": [797, 567, 253, 171], ""area"": 38089, ""angle_dev"": 0.72, ""solidity"": 0.919}",9,"[""likely_good_normal_candidate""]",334e5007b8038193823d59c3febf280d,17359398304945324236
img_392.png,1920,1080,674816,188.7,1,"[757, 176, 332, 809]",0.1697,0.1038,0.0,False,False,0.909,"{""bbox"": [849, 196, 143, 95], ""area"": 12379, ""angle_dev"": 0.0}","{""bbox"": [797, 568, 252, 169], ""area"": 37422, ""angle_dev"": 0.0, ""solidity"": 0.909}",7,"[""likely_good_normal_candidate""]",39be3071e8e29a09407e85c8e28854d5,17359398304945324236
img_393.png,1920,1080,756277,188.8,1,"[757, 176, 333, 809]",0.1702,0.1049,0.54,False,False,0.959,"{""bbox"": [848, 196, 144, 96], ""area"": 12452, ""angle_dev"": 0.0}","{""bbox"": [797, 568, 253, 169], ""area"": 39615, ""angle_dev"": 0.54, ""solidity"": 0.959}",8,"[""likely_good_normal_candidate""]",9587aea91a2b888295d9c6c6fc3ed6c8,17359398304945324236
img_394.png,1920,1080,667110,188.9,1,"[758, 176, 331, 809]",0.1692,0.1049,0.73,False,False,0.959,"{""bbox"": [849, 196, 143, 96], ""area"": 12392, ""angle_dev"": 0.0}","{""bbox"": [798, 567, 251, 171], ""area"": 39595, ""angle_dev"": 0.73, ""solidity"": 0.959}",10,"[""likely_good_normal_candidate""]",7356da4990022e9327cb28aa72b12a01,17359398304945324236
img_395.png,1920,1080,747422,188.8,1,"[757, 176, 333, 809]",0.1702,0.1049,0.76,False,False,0.958,"{""bbox"": [849, 196, 143, 96], ""area"": 12381, ""angle_dev"": 0.0}","{""bbox"": [797, 567, 253, 171], ""area"": 39736, ""angle_dev"": 0.76, ""solidity"": 0.958}",10,"[""likely_good_normal_candidate""]",90bb6f59707ced4d6db263911d018258,17359398304945324236
img_396.png,1920,1080,691732,188.8,1,"[756, 176, 335, 809]",0.1712,0.1049,0.71,False,False,0.954,"{""bbox"": [849, 196, 143, 96], ""area"": 12386, ""angle_dev"": 0.7}","{""bbox"": [796, 567, 255, 171], ""area"": 39685, ""angle_dev"": 0.71, ""solidity"": 0.954}",11,"[""likely_good_normal_candidate""]",ff9bbee7162336c4812800dd892e2c7f,17359398304945324236
img_397.png,1920,1080,1009161,188.9,1,"[752, 176, 344, 809]",0.1758,0.1027,0.96,False,False,0.965,"{""bbox"": [844, 196, 145, 94], ""area"": 12323, ""angle_dev"": 0.0}","{""bbox"": [792, 568, 264, 171], ""area"": 41478, ""angle_dev"": 0.96, ""solidity"": 0.965}",1,"[""likely_good_normal_candidate""]",79ecaa77c707f554fe2c3d60d45e28bc,17359398442384277708
img_398.png,1920,1080,726252,188.4,1,"[753, 176, 343, 809]",0.1753,0.1038,0.93,False,False,0.96,"{""bbox"": [844, 196, 145, 95], ""area"": 12314, ""angle_dev"": 0.0}","{""bbox"": [793, 568, 263, 172], ""area"": 41198, ""angle_dev"": 0.93, ""solidity"": 0.96}",1,"[""likely_good_normal_candidate""]",9d847fce93d2ce22492bfe33f9600bff,17359398442384277708
img_399.png,1920,1080,798698,188.6,1,"[752, 176, 345, 809]",0.1763,0.1038,0.94,False,False,0.955,"{""bbox"": [844, 196, 145, 95], ""area"": 12342, ""angle_dev"": 0.0}","{""bbox"": [792, 568, 265, 172], ""area"": 41209, ""angle_dev"": 0.94, ""solidity"": 0.955}",1,"[""likely_good_normal_candidate""]",ba7c9cfedaa7b84a84368fada8fd3aa9,17359398442384277708
img_400.png,1920,1080,718091,188.7,1,"[752, 176, 344, 809]",0.1758,0.1027,0.96,False,False,0.97,"{""bbox"": [844, 196, 144, 94], ""area"": 12318, ""angle_dev"": 0.0}","{""bbox"": [792, 569, 264, 170], ""area"": 41546, ""angle_dev"": 0.96, ""solidity"": 0.97}",1,"[""likely_good_normal_candidate""]",152036465ebd4ee7dedfffa16a6ef492,17359398442384277708
img_401.png,1920,1080,830291,187.2,1,"[836, 137, 342, 848]",0.1832,0.094,0.0,False,False,0.757,"{""bbox"": [937, 157, 146, 86], ""area"": 11014, ""angle_dev"": 0.0}","{""bbox"": [876, 540, 262, 173], ""area"": 32119, ""angle_dev"": 0.0, ""solidity"": 0.757}",13,"[""likely_good_normal_candidate""]",2b9f582080c830eada80443ccce90e09,16784050413634382022
img_402.png,1920,1080,786879,188.7,1,"[752, 176, 344, 809]",0.1758,0.1027,0.95,False,False,0.964,"{""bbox"": [844, 196, 145, 94], ""area"": 12321, ""angle_dev"": 0.0}","{""bbox"": [792, 568, 264, 171], ""area"": 41517, ""angle_dev"": 0.95, ""solidity"": 0.964}",1,"[""likely_good_normal_candidate""]",37b45b338e4a57a493efe1e9591cc817,17359398442384277708
img_403.png,1920,1080,741101,188.7,1,"[752, 176, 344, 809]",0.1758,0.1038,0.48,False,False,0.96,"{""bbox"": [844, 196, 145, 95], ""area"": 12305, ""angle_dev"": 0.0}","{""bbox"": [792, 569, 264, 171], ""area"": 41189, ""angle_dev"": 0.48, ""solidity"": 0.96}",2,"[""likely_good_normal_candidate""]",51943f792d9d3bb98b1b707305e1bc7f,17359398442384277708
img_404.png,1920,1080,854117,188.7,1,"[723, 179, 327, 806]",0.1665,0.1016,0.25,False,False,0.895,"{""bbox"": [815, 199, 142, 93], ""area"": 11808, ""angle_dev"": 0.0}","{""bbox"": [763, 569, 247, 168], ""area"": 34931, ""angle_dev"": 0.25, ""solidity"": 0.895}",0,"[""likely_good_normal_candidate""]",677ca0cc19ce0291f8bdd458643c4dfa,17350391105690586332
img_405.png,1920,1080,755540,188.9,1,"[723, 179, 327, 806]",0.1665,0.1016,0.25,False,False,0.918,"{""bbox"": [815, 199, 141, 93], ""area"": 11833, ""angle_dev"": 0.0}","{""bbox"": [763, 569, 247, 167], ""area"": 34840, ""angle_dev"": 0.25, ""solidity"": 0.918}",0,"[""likely_good_normal_candidate""]",a85355926136acda7186f30dd8f48c38,17350391105690586332
img_406.png,1920,1080,809600,189.0,1,"[723, 179, 328, 806]",0.167,0.1005,0.49,False,False,0.911,"{""bbox"": [814, 199, 142, 92], ""area"": 11795, ""angle_dev"": 0.0}","{""bbox"": [763, 568, 248, 168], ""area"": 34881, ""angle_dev"": 0.49, ""solidity"": 0.911}",0,"[""likely_good_normal_candidate""]",9eac7ed4b6741d4da69e2c2d8925f661,17350391105690586332
img_407.png,1920,1080,781764,189.0,1,"[724, 179, 327, 806]",0.1665,0.1016,0.25,False,False,0.914,"{""bbox"": [815, 199, 141, 93], ""area"": 11814, ""angle_dev"": 0.0}","{""bbox"": [764, 569, 247, 167], ""area"": 34919, ""angle_dev"": 0.25, ""solidity"": 0.914}",0,"[""likely_good_normal_candidate""]",1e9fcf89e8566cc3b77a2e39bb07d944,17350391105690586332
img_408.png,1920,1080,708343,189.1,1,"[723, 179, 327, 806]",0.1665,0.1027,0.49,False,False,0.915,"{""bbox"": [814, 199, 143, 94], ""area"": 11871, ""angle_dev"": 0.0}","{""bbox"": [763, 568, 247, 169], ""area"": 34853, ""angle_dev"": 0.49, ""solidity"": 0.915}",0,"[""likely_good_normal_candidate""]",8d92b66cf61e7071de6303d9e2386dbf,17350391105690586332
img_409.png,1920,1080,789756,189.0,1,"[723, 179, 327, 806]",0.1665,0.1016,0.25,False,False,0.908,"{""bbox"": [814, 199, 142, 93], ""area"": 11820, ""angle_dev"": 0.0}","{""bbox"": [763, 569, 247, 169], ""area"": 34964, ""angle_dev"": 0.25, ""solidity"": 0.908}",0,"[""likely_good_normal_candidate""]",1060772f5235c41d5a5ab5eb740752d9,17350391105690586332
img_410.png,1920,1080,721857,189.0,1,"[724, 179, 326, 806]",0.166,0.1016,0.25,False,False,0.905,"{""bbox"": [815, 199, 142, 93], ""area"": 11887, ""angle_dev"": 0.0}","{""bbox"": [764, 569, 246, 167], ""area"": 34740, ""angle_dev"": 0.25, ""solidity"": 0.905}",0,"[""likely_good_normal_candidate""]",c1458c77045cb7a0db9de95e7e390a8e,17350391105690586332
img_411.png,1920,1080,726890,188.1,1,"[726, 178, 340, 807]",0.1733,0.1016,1.15,False,False,0.625,"{""bbox"": [828, 198, 144, 93], ""area"": 11855, ""angle_dev"": 0.0}","{""bbox"": [766, 565, 260, 171], ""area"": 26274, ""angle_dev"": 1.15, ""solidity"": 0.625}",9,"[""likely_damaged_label""]",7db6ed45f87b69e4af1be029e69f8dbf,17350391105690586332
img_412.png,1920,1080,818099,187.2,1,"[836, 138, 341, 847]",0.1825,0.0929,0.0,False,False,0.746,"{""bbox"": [936, 158, 147, 85], ""area"": 10959, ""angle_dev"": 0.0}","{""bbox"": [876, 540, 261, 173], ""area"": 31704, ""angle_dev"": 0.0, ""solidity"": 0.746}",13,"[""likely_good_normal_candidate""]",9e8d3e96a4ec98916bf5e4db829763db,16784050413634382022
img_413.png,1920,1080,803124,188.1,1,"[725, 178, 340, 807]",0.1733,0.1016,0.94,False,False,0.624,"{""bbox"": [829, 198, 143, 93], ""area"": 11903, ""angle_dev"": 0.0}","{""bbox"": [765, 565, 260, 170], ""area"": 26354, ""angle_dev"": 0.94, ""solidity"": 0.624}",8,"[""likely_damaged_label""]",f16109f7f0a58fe41460a2cc749457c1,17350391105690586332
img_414.png,1920,1080,730057,188.1,1,"[724, 178, 341, 807]",0.1738,0.1016,1.15,False,False,0.617,"{""bbox"": [828, 198, 144, 93], ""area"": 11983, ""angle_dev"": 0.0}","{""bbox"": [764, 565, 261, 171], ""area"": 25941, ""angle_dev"": 1.15, ""solidity"": 0.617}",9,"[""likely_damaged_label""]",03c0a02555421232a00dbd5de42b0000,17350391105690586332
img_415.png,1920,1080,792888,188.0,1,"[724, 178, 340, 807]",0.1733,0.1016,0.95,False,False,0.617,"{""bbox"": [828, 198, 144, 93], ""area"": 11869, ""angle_dev"": 1.55}","{""bbox"": [764, 566, 260, 170], ""area"": 25822, ""angle_dev"": 0.95, ""solidity"": 0.617}",9,"[""likely_damaged_label""]",5fcd1422b27f0e01f56008decfbf1449,17350391105690586332
img_416.png,1920,1080,733757,188.0,1,"[726, 178, 338, 807]",0.1723,0.1016,0.94,False,False,0.636,"{""bbox"": [828, 198, 144, 93], ""area"": 11847, ""angle_dev"": 0.0}","{""bbox"": [766, 566, 258, 170], ""area"": 26545, ""angle_dev"": 0.94, ""solidity"": 0.636}",7,"[""likely_good_normal_candidate""]",1be9400c6daea8482c3f1cf3bcc68981,17350391105690586332
img_417.png,1920,1080,719813,189.1,1,"[712, 169, 330, 816]",0.1701,0.1115,0.73,False,False,0.937,"{""bbox"": [806, 189, 144, 102], ""area"": 12659, ""angle_dev"": 0.0}","{""bbox"": [752, 567, 250, 172], ""area"": 38495, ""angle_dev"": 0.73, ""solidity"": 0.937}",11,"[""likely_good_normal_candidate""]",068c912cb918a883abeea35f94416904,17350391174410062028
img_418.png,1920,1080,781492,189.0,1,"[712, 169, 330, 816]",0.1701,0.1115,0.28,False,False,0.936,"{""bbox"": [806, 189, 143, 102], ""area"": 12662, ""angle_dev"": 0.0}","{""bbox"": [752, 568, 250, 171], ""area"": 38396, ""angle_dev"": 0.28, ""solidity"": 0.936}",11,"[""likely_good_normal_candidate""]",5deb66744ba0a7be142a0bbf7e4f076e,17350391174410062028
img_419.png,1920,1080,709959,188.9,1,"[712, 169, 330, 816]",0.1701,0.1126,0.51,False,False,0.945,"{""bbox"": [806, 189, 143, 103], ""area"": 12698, ""angle_dev"": 0.0}","{""bbox"": [752, 568, 250, 171], ""area"": 38726, ""angle_dev"": 0.51, ""solidity"": 0.945}",11,"[""likely_good_normal_candidate""]",e55aef8288b863ff973c416795152829,17350391174410062028
img_420.png,1920,1080,761968,188.9,1,"[713, 169, 329, 816]",0.1696,0.1115,0.51,False,False,0.944,"{""bbox"": [806, 189, 143, 102], ""area"": 12678, ""angle_dev"": 0.0}","{""bbox"": [753, 568, 249, 171], ""area"": 38606, ""angle_dev"": 0.51, ""solidity"": 0.944}",10,"[""likely_good_normal_candidate""]",9f16b9329aaa49a526aff75a47143321,17350391174410062028
img_421.png,1920,1080,690917,188.9,1,"[713, 169, 328, 816]",0.1691,0.1115,0.26,False,False,0.942,"{""bbox"": [806, 189, 143, 102], ""area"": 12632, ""angle_dev"": 0.0}","{""bbox"": [753, 567, 248, 172], ""area"": 38613, ""angle_dev"": 0.26, ""solidity"": 0.942}",11,"[""likely_good_normal_candidate""]",79cd629ab1ba8168149da36ab7fdaebe,17350391174410062028
img_422.png,1920,1080,859654,189.7,1,"[706, 175, 346, 810]",0.177,0.1049,1.21,False,False,0.762,"{""bbox"": [814, 195, 145, 96], ""area"": 12050, ""angle_dev"": 3.18}","{""bbox"": [746, 565, 266, 172], ""area"": 33097, ""angle_dev"": 1.21, ""solidity"": 0.762}",12,"[""likely_good_normal_candidate""]",6cdb11411e83390500235c914c911a58,17350391105690585308
img_423.png,1920,1080,868824,185.9,1,"[851, 144, 298, 841]",0.1583,0.1005,1.4,False,False,0.932,"{""bbox"": [924, 164, 142, 92], ""area"": 11908, ""angle_dev"": 0.0}","{""bbox"": [891, 532, 218, 176], ""area"": 33647, ""angle_dev"": 1.4, ""solidity"": 0.932}",36,"[""candidate_black_marker_marking""]",9f8195d4553afef8d62f1eaac3639556,16782924513727532236
img_424.png,1920,1080,762276,189.6,1,"[705, 175, 347, 810]",0.1776,0.1049,1.15,False,False,0.69,"{""bbox"": [814, 195, 144, 96], ""area"": 12119, ""angle_dev"": 2.39}","{""bbox"": [745, 565, 267, 172], ""area"": 30027, ""angle_dev"": 1.15, ""solidity"": 0.69}",13,"[""likely_good_normal_candidate""]",718cb4e49470eb0d6b3d783b6f83dfd4,17350391105690585308
img_425.png,1920,1080,802560,189.6,1,"[705, 176, 347, 809]",0.1773,0.1027,0.92,False,False,0.749,"{""bbox"": [814, 196, 144, 94], ""area"": 12052, ""angle_dev"": 0.0}","{""bbox"": [745, 565, 267, 172], ""area"": 32673, ""angle_dev"": 0.92, ""solidity"": 0.749}",12,"[""likely_good_normal_candidate""]",6f564d36f993a66114157cbbb3384449,17350391105690585308
img_426.png,1920,1080,751388,189.6,1,"[706, 175, 346, 810]",0.177,0.1049,1.14,False,False,0.753,"{""bbox"": [814, 195, 144, 96], ""area"": 12125, ""angle_dev"": 0.9}","{""bbox"": [746, 565, 266, 172], ""area"": 32730, ""angle_dev"": 1.14, ""solidity"": 0.753}",12,"[""likely_good_normal_candidate""]",9756630a962f1ace65528923c81c4e07,17350391105690585308
img_427.png,1920,1080,751988,188.6,1,"[736, 178, 334, 807]",0.1703,0.1038,0.82,False,False,0.963,"{""bbox"": [830, 198, 142, 95], ""area"": 11989, ""angle_dev"": 0.0}","{""bbox"": [776, 565, 254, 170], ""area"": 39596, ""angle_dev"": 0.82, ""solidity"": 0.963}",8,"[""likely_good_normal_candidate""]",d3579bfd6b07b0916a957994a7163747,17350391105690584268
img_428.png,1920,1080,810292,188.7,1,"[736, 178, 334, 807]",0.1703,0.1027,0.99,False,False,0.961,"{""bbox"": [830, 198, 142, 94], ""area"": 11975, ""angle_dev"": 0.0}","{""bbox"": [776, 564, 254, 171], ""area"": 39609, ""angle_dev"": 0.99, ""solidity"": 0.961}",8,"[""likely_good_normal_candidate""]",1df192a9b247a86e8e33ac85a70f6694,17350391105690584268
img_429.png,1920,1080,728727,188.7,1,"[736, 177, 334, 808]",0.1705,0.1027,1.22,False,False,0.959,"{""bbox"": [830, 197, 142, 94], ""area"": 11827, ""angle_dev"": 1.15}","{""bbox"": [776, 563, 254, 172], ""area"": 39765, ""angle_dev"": 1.22, ""solidity"": 0.959}",9,"[""likely_good_normal_candidate""]",38de6dcf33e549a6ead3d2f0aa0bd0dd,17350391105690584268
img_430.png,1920,1080,773211,188.7,1,"[736, 177, 334, 808]",0.1705,0.1049,1.22,False,False,0.959,"{""bbox"": [830, 197, 142, 96], ""area"": 11862, ""angle_dev"": 1.85}","{""bbox"": [776, 563, 254, 172], ""area"": 39691, ""angle_dev"": 1.22, ""solidity"": 0.959}",8,"[""likely_good_normal_candidate""]",a547cbfa3be7365485969a61bbf0ef96,17350391105690584268
img_431.png,1920,1080,724845,188.7,1,"[737, 178, 333, 807]",0.1698,0.1016,1.18,False,False,0.955,"{""bbox"": [829, 198, 143, 93], ""area"": 11803, ""angle_dev"": 0.0}","{""bbox"": [777, 562, 253, 173], ""area"": 39698, ""angle_dev"": 1.18, ""solidity"": 0.955}",8,"[""likely_good_normal_candidate""]",0816578cd76b13aa6acffad3db369717,17350391105690584268
img_432.png,1920,1080,683760,189.1,1,"[731, 177, 339, 808]",0.173,0.1027,1.18,False,False,0.877,"{""bbox"": [836, 197, 144, 94], ""area"": 11798, ""angle_dev"": 1.38}","{""bbox"": [771, 564, 259, 171], ""area"": 35851, ""angle_dev"": 1.18, ""solidity"": 0.877}",14,"[""likely_good_normal_candidate""]",4897386a01cf403d25440da0d13c71c2,17350391105690586316
img_433.png,1920,1080,789323,188.8,1,"[731, 177, 340, 808]",0.1735,0.1027,1.18,False,False,0.847,"{""bbox"": [836, 197, 143, 94], ""area"": 11806, ""angle_dev"": 1.49}","{""bbox"": [771, 564, 260, 171], ""area"": 34621, ""angle_dev"": 1.18, ""solidity"": 0.847}",13,"[""likely_good_normal_candidate""]",0a891c6d5b9006da6c8b6e1692c048bf,17359398304945325260
img_434.png,1920,1080,772403,186.1,1,"[851, 144, 297, 841]",0.1578,0.1005,1.43,False,False,0.949,"{""bbox"": [923, 164, 142, 92], ""area"": 11911, ""angle_dev"": 0.0}","{""bbox"": [891, 534, 217, 173], ""area"": 33919, ""angle_dev"": 1.43, ""solidity"": 0.949}",35,"[""candidate_black_marker_marking""]",81d7ecce9e25e4718525cc021bfc561b,16782924513727532236
img_435.png,1920,1080,686742,188.7,1,"[732, 178, 340, 807]",0.1733,0.1016,1.62,False,False,0.867,"{""bbox"": [836, 198, 143, 93], ""area"": 11718, ""angle_dev"": 2.29}","{""bbox"": [772, 563, 260, 171], ""area"": 35586, ""angle_dev"": 1.62, ""solidity"": 0.867}",15,"[""likely_good_normal_candidate""]",69df8a43f9233945a705ff3df677690a,17359398304945325260
img_436.png,1920,1080,768061,188.7,1,"[731, 178, 341, 807]",0.1738,0.1016,1.16,False,False,0.793,"{""bbox"": [836, 198, 143, 93], ""area"": 11722, ""angle_dev"": 2.86}","{""bbox"": [771, 564, 261, 171], ""area"": 32434, ""angle_dev"": 1.16, ""solidity"": 0.793}",14,"[""likely_good_normal_candidate""]",dcd4abaf72cceeeb257900848de58a65,17359398304945325260
img_437.png,1920,1080,657546,188.7,1,"[731, 177, 339, 808]",0.173,0.1027,0.76,False,False,0.858,"{""bbox"": [836, 197, 144, 94], ""area"": 11902, ""angle_dev"": 2.29}","{""bbox"": [771, 565, 259, 170], ""area"": 35045, ""angle_dev"": 0.76, ""solidity"": 0.858}",14,"[""likely_good_normal_candidate""]",3afca5fab5663b5e3078c2cd809dac9c,17359398304945325260
img_438.png,1920,1080,896321,188.4,1,"[744, 184, 328, 801]",0.166,0.0984,0.73,False,False,0.672,"{""bbox"": [842, 204, 137, 90], ""area"": 10901, ""angle_dev"": 0.0}","{""bbox"": [784, 560, 248, 166], ""area"": 26347, ""angle_dev"": 0.73, ""solidity"": 0.672}",7,"[""likely_good_normal_candidate""]",9f412d889d6d3996d2bd64f37dda064c,17359398304945593548
img_439.png,1920,1080,730692,188.4,1,"[745, 184, 327, 801]",0.1655,0.0984,0.73,False,False,0.669,"{""bbox"": [842, 204, 137, 90], ""area"": 10913, ""angle_dev"": 1.47}","{""bbox"": [785, 561, 247, 165], ""area"": 25967, ""angle_dev"": 0.73, ""solidity"": 0.669}",8,"[""likely_good_normal_candidate""]",6a2e0741865165c110b5190140dc2f76,17359398442384542924
img_440.png,1920,1080,791408,188.3,1,"[744, 185, 328, 800]",0.1658,0.0973,0.73,False,False,0.667,"{""bbox"": [842, 205, 137, 89], ""area"": 10894, ""angle_dev"": 0.0}","{""bbox"": [784, 561, 248, 165], ""area"": 25920, ""angle_dev"": 0.73, ""solidity"": 0.667}",9,"[""likely_good_normal_candidate""]",03bdc939978b98d7743b01e93abaca7c,17359398442384542924
img_441.png,1920,1080,721493,188.3,1,"[746, 185, 326, 800]",0.1648,0.0973,0.74,False,False,0.671,"{""bbox"": [841, 205, 138, 89], ""area"": 10928, ""angle_dev"": 0.0}","{""bbox"": [786, 560, 246, 166], ""area"": 26111, ""angle_dev"": 0.74, ""solidity"": 0.671}",9,"[""likely_good_normal_candidate""]",ab8b8193e7377c41806e3d6c2a273ec2,17359398442384542924
img_442.png,1920,1080,724820,187.8,1,"[767, 180, 334, 805]",0.1699,0.0995,1.19,False,False,0.94,"{""bbox"": [857, 200, 141, 91], ""area"": 11661, ""angle_dev"": 0.0}","{""bbox"": [807, 563, 254, 170], ""area"": 38384, ""angle_dev"": 1.19, ""solidity"": 0.94}",0,"[""likely_good_normal_candidate""]",a67b34e77209e408eee631c9ed6abe80,17359380850198496460
img_443.png,1920,1080,812852,187.7,1,"[767, 180, 334, 805]",0.1699,0.1005,1.19,False,False,0.941,"{""bbox"": [857, 200, 141, 92], ""area"": 11682, ""angle_dev"": 0.0}","{""bbox"": [807, 563, 254, 170], ""area"": 38313, ""angle_dev"": 1.19, ""solidity"": 0.941}",0,"[""likely_good_normal_candidate""]",dd0ae9ebf0ffed0c81afe6a24a0de70c,17359380850198496460
img_444.png,1920,1080,709784,187.8,1,"[767, 180, 334, 805]",0.1699,0.1005,0.73,False,False,0.939,"{""bbox"": [857, 200, 140, 92], ""area"": 11666, ""angle_dev"": 0.0}","{""bbox"": [807, 564, 254, 169], ""area"": 38270, ""angle_dev"": 0.73, ""solidity"": 0.939}",0,"[""likely_good_normal_candidate""]",c88db96efda12e103f92e49673bc1541,17359380850198496460
img_445.png,1920,1080,790108,184.2,1,"[792, 178, 333, 807]",0.1698,0.0896,0.25,False,False,0.95,"{""bbox"": [888, 198, 145, 82], ""area"": 10527, ""angle_dev"": 0.0}","{""bbox"": [832, 570, 253, 167], ""area"": 39014, ""angle_dev"": 0.25, ""solidity"": 0.95}",13,"[""likely_good_normal_candidate""]",cb08d5e328bc6585c2650dbceeb8e0fd,17935841602569028812
img_446.png,1920,1080,866179,186.1,1,"[851, 144, 298, 841]",0.1583,0.0995,1.42,False,False,0.939,"{""bbox"": [923, 164, 142, 91], ""area"": 11931, ""angle_dev"": 0.0}","{""bbox"": [891, 534, 218, 174], ""area"": 33629, ""angle_dev"": 1.42, ""solidity"": 0.939}",36,"[""candidate_black_marker_marking""]",288519dbeddb532e7ed37ebc270fbbc5,16782924513727532236
img_447.png,1920,1080,776771,187.9,1,"[768, 180, 333, 805]",0.1693,0.1005,0.97,False,False,0.944,"{""bbox"": [857, 200, 140, 92], ""area"": 11681, ""angle_dev"": 0.0}","{""bbox"": [808, 564, 253, 169], ""area"": 38337, ""angle_dev"": 0.97, ""solidity"": 0.944}",0,"[""likely_good_normal_candidate""]",c0af759733dd4dac889b5c886a9f0695,17359380850198496460
img_448.png,1920,1080,752015,190.4,1,"[711, 181, 328, 804]",0.1666,0.0984,0.25,False,False,0.697,"{""bbox"": [805, 201, 140, 90], ""area"": 11412, ""angle_dev"": 0.0}","{""bbox"": [751, 564, 248, 169], ""area"": 27976, ""angle_dev"": 0.25, ""solidity"": 0.697}",6,"[""likely_good_normal_candidate""]",48af3fa752765dadc237f4b8650c62ee,17350391105959027916
img_449.png,1920,1080,839192,190.1,1,"[711, 181, 328, 804]",0.1666,0.0984,0.25,False,False,0.694,"{""bbox"": [804, 201, 141, 90], ""area"": 11492, ""angle_dev"": 0.0}","{""bbox"": [751, 565, 248, 168], ""area"": 27633, ""angle_dev"": 0.25, ""solidity"": 0.694}",6,"[""likely_good_normal_candidate""]",756d00b5f992cbdee92d4b611d9089b1,17350391174678498508
img_512.png,1920,1080,839497,186.2,1,"[851, 144, 298, 841]",0.1583,0.1005,1.08,False,False,0.94,"{""bbox"": [923, 164, 143, 92], ""area"": 11857, ""angle_dev"": 0.0}","{""bbox"": [891, 534, 218, 173], ""area"": 33723, ""angle_dev"": 1.08, ""solidity"": 0.94}",36,"[""candidate_black_marker_marking""]",eaf5ce5cc819da4365cb1bc25624e3c2,16782924513727532236
img_549.png,1920,1080,1320772,185.0,4,"[542, 147, 345, 838]",0.1826,0.1082,1.35,False,False,0.747,"{""bbox"": [646, 167, 151, 99], ""area"": 13513, ""angle_dev"": 0.0}","{""bbox"": [582, 556, 265, 186], ""area"": 34645, ""angle_dev"": 1.35, ""solidity"": 0.747}",6,"[""likely_multiple_bottles""]",2137ad1fa8a56b63622e8c4bc4680484,17353197247433987216
img_550.png,1920,1080,1366710,185.0,4,"[542, 147, 345, 838]",0.1826,0.1082,1.35,False,False,0.751,"{""bbox"": [646, 167, 150, 99], ""area"": 13486, ""angle_dev"": 0.0}","{""bbox"": [582, 557, 265, 184], ""area"": 34608, ""angle_dev"": 1.35, ""solidity"": 0.751}",6,"[""likely_multiple_bottles""]",1e3e28a335245b111ebe7a7e7849cacc,17354323147340829840
img_551.png,1920,1080,1297534,185.0,4,"[542, 147, 345, 838]",0.1826,0.1082,1.35,False,False,0.756,"{""bbox"": [646, 167, 151, 99], ""area"": 13520, ""angle_dev"": 0.0}","{""bbox"": [582, 557, 265, 184], ""area"": 34707, ""angle_dev"": 1.35, ""solidity"": 0.756}",6,"[""likely_multiple_bottles""]",4560192365cc1e1b202964a5b1b7f008,17353201645480498320
img_552.png,1920,1080,1342377,185.0,4,"[542, 147, 345, 838]",0.1826,0.1082,1.35,False,False,0.75,"{""bbox"": [646, 167, 151, 99], ""area"": 13496, ""angle_dev"": 0.0}","{""bbox"": [582, 557, 265, 184], ""area"": 34507, ""angle_dev"": 1.35, ""solidity"": 0.75}",6,"[""likely_multiple_bottles""]",d331bd0ae0a55c7be88092de6b5080a5,17353201645480498320
img_553.png,1920,1080,1286043,185.0,4,"[542, 147, 345, 838]",0.1826,0.1082,1.56,False,False,0.759,"{""bbox"": [645, 167, 153, 99], ""area"": 13544, ""angle_dev"": 0.0}","{""bbox"": [582, 556, 265, 185], ""area"": 34928, ""angle_dev"": 1.56, ""solidity"": 0.759}",6,"[""likely_multiple_bottles""]",b884574eee3e0f7a685206725fe29382,17354323147340829840
img_554.png,1920,1080,1457421,183.4,4,"[425, 147, 354, 838]",0.1874,0.1071,1.19,False,False,0.729,"{""bbox"": [530, 167, 152, 98], ""area"": 13597, ""angle_dev"": 0.0}","{""bbox"": [465, 555, 274, 188], ""area"": 34833, ""angle_dev"": 1.19, ""solidity"": 0.729}",39,"[""likely_multiple_bottles"", ""candidate_black_marker_marking""]",87878d9b79311f3f7b30abb2006417cc,17344119405096121520
img_555.png,1920,1080,1348942,183.9,4,"[425, 148, 355, 837]",0.1877,0.106,0.45,False,False,0.746,"{""bbox"": [529, 168, 155, 97], ""area"": 13594, ""angle_dev"": 0.0}","{""bbox"": [465, 560, 275, 183], ""area"": 34981, ""angle_dev"": 0.45, ""solidity"": 0.746}",38,"[""likely_multiple_bottles"", ""candidate_black_marker_marking""]",715ba434b925f269a627d6c54bbfa524,17344119405096121520
img_556.png,1920,1080,719653,184.2,1,"[792, 178, 334, 807]",0.1703,0.0907,0.0,False,False,0.952,"{""bbox"": [888, 198, 144, 83], ""area"": 10392, ""angle_dev"": 2.16}","{""bbox"": [832, 570, 254, 167], ""area"": 39159, ""angle_dev"": 0.0, ""solidity"": 0.952}",13,"[""likely_good_normal_candidate""]",3a7bf702188ae57dfb84a03cc5723dc0,17935841602569028812
img_557.png,1920,1080,841837,187.0,1,"[822, 142, 337, 843]",0.1795,0.1049,0.92,False,False,0.723,"{""bbox"": [921, 162, 142, 96], ""area"": 12071, ""angle_dev"": 0.0}","{""bbox"": [862, 527, 257, 176], ""area"": 30953, ""angle_dev"": 0.92, ""solidity"": 0.723}",27,"[""likely_good_normal_candidate""]",5c62bfb7a23ea4dadb02c0654010ead1,16782920115681027276
img_558.png,1920,1080,1435344,184.2,4,"[425, 147, 355, 838]",0.1879,0.1071,0.45,False,False,0.753,"{""bbox"": [529, 167, 154, 98], ""area"": 13606, ""angle_dev"": 0.0}","{""bbox"": [465, 560, 275, 183], ""area"": 35335, ""angle_dev"": 0.45, ""solidity"": 0.753}",36,"[""likely_multiple_bottles"", ""candidate_black_marker_marking""]",f113c465c7da3037c4b28972a2c368ed,17344119405096121520
img_559.png,1920,1080,1476063,184.3,4,"[425, 147, 355, 838]",0.1879,0.1082,0.45,False,False,0.752,"{""bbox"": [529, 167, 154, 99], ""area"": 13669, ""angle_dev"": 1.22}","{""bbox"": [465, 560, 275, 183], ""area"": 35458, ""angle_dev"": 0.45, ""solidity"": 0.752}",35,"[""likely_multiple_bottles"", ""candidate_black_marker_marking""]",d3b9d7e1747c93a96770846030a4e4b3,17344119405096121520
img_560.png,1920,1080,1422261,184.4,4,"[425, 147, 355, 838]",0.1879,0.1082,0.72,False,False,0.74,"{""bbox"": [529, 167, 154, 99], ""area"": 13617, ""angle_dev"": 0.74}","{""bbox"": [465, 556, 275, 187], ""area"": 35305, ""angle_dev"": 0.72, ""solidity"": 0.74}",38,"[""likely_multiple_bottles"", ""candidate_black_marker_marking""]",77a376da6ac59af9dbb45f43eebfedf1,17344119405096121520
img_561.png,1920,1080,1406376,181.4,4,"[424, 146, 355, 839]",0.1882,0.1082,0.45,False,False,0.737,"{""bbox"": [529, 166, 154, 99], ""area"": 13635, ""angle_dev"": 0.0}","{""bbox"": [464, 559, 275, 183], ""area"": 34734, ""angle_dev"": 0.45, ""solidity"": 0.737}",37,"[""likely_multiple_bottles"", ""candidate_black_marker_marking""]",7c069e1777934cab91e0db0bc13eb7a6,17344686735882499254
img_562.png,1920,1080,1461208,181.5,4,"[424, 147, 355, 838]",0.1879,0.1082,0.22,False,False,0.734,"{""bbox"": [529, 167, 154, 99], ""area"": 13648, ""angle_dev"": 0.72}","{""bbox"": [464, 558, 275, 184], ""area"": 34889, ""angle_dev"": 0.22, ""solidity"": 0.734}",37,"[""likely_multiple_bottles"", ""candidate_black_marker_marking""]",223a36a3a33588ecd6a0dfd31bf0a5aa,17344686735882499254
img_563.png,1920,1080,1418132,181.6,4,"[424, 147, 356, 838]",0.1885,0.1071,0.0,False,False,0.747,"{""bbox"": [529, 167, 153, 98], ""area"": 13595, ""angle_dev"": 0.0}","{""bbox"": [464, 560, 276, 182], ""area"": 35138, ""angle_dev"": 0.0, ""solidity"": 0.747}",37,"[""likely_multiple_bottles"", ""candidate_black_marker_marking""]",b4511236afd2614526bd80aa0c65cbdc,17344686735882499254
img_564.png,1920,1080,1466097,181.6,4,"[424, 147, 356, 838]",0.1885,0.106,0.0,False,False,0.744,"{""bbox"": [529, 167, 153, 97], ""area"": 13575, ""angle_dev"": 0.0}","{""bbox"": [464, 560, 276, 182], ""area"": 35014, ""angle_dev"": 0.0, ""solidity"": 0.744}",37,"[""likely_multiple_bottles"", ""candidate_black_marker_marking""]",ceb3800196ab1e2778ce75bdad38916d,17344686735882499254
img_565.png,1920,1080,1402512,181.6,4,"[424, 147, 356, 838]",0.1885,0.1071,0.45,False,False,0.734,"{""bbox"": [529, 167, 153, 98], ""area"": 13596, ""angle_dev"": 0.0}","{""bbox"": [464, 559, 276, 183], ""area"": 34606, ""angle_dev"": 0.45, ""solidity"": 0.734}",36,"[""likely_multiple_bottles"", ""candidate_black_marker_marking""]",4ee290a00240e25c38cf19d0f0c09244,17344686735882499254
img_566.png,1920,1080,1448876,181.6,4,"[424, 147, 356, 838]",0.1885,0.106,0.45,False,False,0.738,"{""bbox"": [529, 167, 153, 97], ""area"": 13631, ""angle_dev"": 0.0}","{""bbox"": [464, 559, 276, 183], ""area"": 34759, ""angle_dev"": 0.45, ""solidity"": 0.738}",36,"[""likely_multiple_bottles"", ""candidate_black_marker_marking""]",bac6d8650452c46add06270cf5dd7ecb,17344686735882499254
img_567.png,1920,1080,1394432,181.6,4,"[424, 147, 356, 838]",0.1885,0.1071,1.36,False,False,0.72,"{""bbox"": [529, 167, 153, 98], ""area"": 13620, ""angle_dev"": 0.0}","{""bbox"": [464, 555, 276, 187], ""area"": 34319, ""angle_dev"": 1.36, ""solidity"": 0.72}",37,"[""likely_multiple_bottles"", ""candidate_black_marker_marking""]",fef7dbcacba158c02ded31ee0edb40dc,17344686735882499254
img_568.png,1920,1080,766959,187.1,1,"[822, 142, 337, 843]",0.1795,0.1038,1.36,False,False,0.726,"{""bbox"": [922, 162, 141, 95], ""area"": 12196, ""angle_dev"": 0.0}","{""bbox"": [862, 527, 257, 176], ""area"": 31034, ""angle_dev"": 1.36, ""solidity"": 0.726}",26,"[""likely_good_normal_candidate""]",e9eb92347c3e21f7d2f2bc73ffa20bb0,16782920115681027276
img_569.png,1920,1080,1345313,181.4,4,"[1648, 138, 217, 847]",0.1161,0.1071,0.0,False,False,0.69,"{""bbox"": [1753, 158, 72, 98], ""area"": 6117, ""angle_dev"": 0.0}","{""bbox"": [1688, 558, 137, 187], ""area"": 15578, ""angle_dev"": 0.0, ""solidity"": 0.69}",12,"[""likely_multiple_bottles""]",c1a12fddb59e01fed1c8c36f17bc8d45,17344757104630887670
img_570.png,1920,1080,1283321,181.4,4,"[1648, 138, 217, 847]",0.1161,0.106,0.0,False,False,0.701,"{""bbox"": [1753, 158, 72, 97], ""area"": 6144, ""angle_dev"": 0.0}","{""bbox"": [1688, 557, 137, 189], ""area"": 15617, ""angle_dev"": 0.0, ""solidity"": 0.701}",12,"[""likely_multiple_bottles""]",1f55e627acd265f8d25d7884786423aa,17344757104626693366
img_571.png,1920,1080,1336903,181.4,4,"[1648, 138, 217, 847]",0.1161,0.1049,0.0,False,False,0.703,"{""bbox"": [1753, 158, 72, 96], ""area"": 6085, ""angle_dev"": 0.0}","{""bbox"": [1688, 557, 137, 188], ""area"": 15612, ""angle_dev"": 0.0, ""solidity"": 0.703}",12,"[""likely_multiple_bottles""]",d77d61e91a24ef5354a65c4897901681,17344757104626693366
img_572.png,1920,1080,1303157,181.4,4,"[1647, 139, 218, 846]",0.1165,0.1049,0.0,False,False,0.699,"{""bbox"": [1753, 159, 72, 96], ""area"": 6068, ""angle_dev"": 0.0}","{""bbox"": [1687, 558, 138, 187], ""area"": 15582, ""angle_dev"": 0.0, ""solidity"": 0.699}",10,"[""likely_multiple_bottles""]",9c7f764784445cbae92d696949127f5c,17344757104626693366
img_573.png,1920,1080,1355414,181.4,4,"[1647, 139, 218, 846]",0.1165,0.1038,0.0,False,False,0.7,"{""bbox"": [1753, 159, 72, 95], ""area"": 6114, ""angle_dev"": 0.0}","{""bbox"": [1687, 557, 138, 188], ""area"": 15609, ""angle_dev"": 0.0, ""solidity"": 0.7}",12,"[""likely_multiple_bottles""]",585777816ed53768b3b88de34a49d73a,17344757104626693366
img_574.png,1920,1080,1295347,181.4,4,"[1647, 138, 218, 847]",0.1166,0.106,0.0,False,False,0.686,"{""bbox"": [1753, 158, 72, 97], ""area"": 6083, ""angle_dev"": 0.0}","{""bbox"": [1687, 558, 138, 188], ""area"": 15632, ""angle_dev"": 0.0, ""solidity"": 0.686}",12,"[""likely_multiple_bottles""]",a95b42f24b7fc248e4a5f8ffbd5e9475,17344757104626693366
img_575.png,1920,1080,1340787,181.4,4,"[1648, 138, 217, 847]",0.1161,0.106,0.0,False,False,0.68,"{""bbox"": [1753, 158, 72, 97], ""area"": 6100, ""angle_dev"": 0.0}","{""bbox"": [1688, 558, 137, 187], ""area"": 15623, ""angle_dev"": 0.0, ""solidity"": 0.68}",12,"[""likely_multiple_bottles""]",d9a47126b73596113e2a8d725863474d,17344757104626693366
img_576.png,1920,1080,1303602,181.4,4,"[1648, 139, 217, 846]",0.116,0.106,0.0,False,False,0.679,"{""bbox"": [1753, 159, 72, 97], ""area"": 6069, ""angle_dev"": 0.0}","{""bbox"": [1688, 557, 137, 188], ""area"": 15652, ""angle_dev"": 0.0, ""solidity"": 0.679}",13,"[""likely_multiple_bottles""]",a8e1480a96cc1ca1899deab0e84b79c4,17344757104630887670
img_577.png,1920,1080,1343830,181.4,4,"[1649, 138, 216, 847]",0.1156,0.106,0.0,False,False,0.693,"{""bbox"": [1753, 158, 72, 97], ""area"": 6093, ""angle_dev"": 0.0}","{""bbox"": [1689, 557, 136, 188], ""area"": 15587, ""angle_dev"": 0.0, ""solidity"": 0.693}",12,"[""likely_multiple_bottles""]",12b9c0453d41129b92ad3024c95c8602,17344757104630887670
img_578.png,1920,1080,1318455,186.1,4,"[1025, 145, 357, 840]",0.1894,0.1071,0.66,False,False,0.953,"{""bbox"": [1131, 165, 152, 98], ""area"": 13402, ""angle_dev"": 0.0}","{""bbox"": [1065, 558, 277, 182], ""area"": 46043, ""angle_dev"": 0.66, ""solidity"": 0.953}",13,"[""likely_multiple_bottles""]",a81609b916fc8fc115adf92ef23d041f,17345315673818461424
img_579.png,1920,1080,871297,187.1,1,"[822, 142, 337, 843]",0.1795,0.1038,1.35,False,False,0.726,"{""bbox"": [922, 162, 141, 95], ""area"": 12164, ""angle_dev"": 0.0}","{""bbox"": [862, 527, 257, 175], ""area"": 30977, ""angle_dev"": 1.35, ""solidity"": 0.726}",28,"[""likely_good_normal_candidate""]",b581c2ef5a8ae69411089df9dabedf71,16782920115681027276
img_580.png,1920,1080,1232102,186.3,4,"[1025, 145, 357, 840]",0.1894,0.1071,0.66,False,False,0.958,"{""bbox"": [1131, 165, 153, 98], ""area"": 13483, ""angle_dev"": 0.0}","{""bbox"": [1065, 559, 277, 181], ""area"": 46115, ""angle_dev"": 0.66, ""solidity"": 0.958}",12,"[""likely_multiple_bottles""]",1bb61c66dc31f70518af0e0fd4334d4d,17345315673818461424
img_581.png,1920,1080,1301159,186.3,4,"[1024, 145, 358, 840]",0.19,0.1082,0.44,False,False,0.953,"{""bbox"": [1131, 165, 153, 99], ""area"": 13436, ""angle_dev"": 1.1}","{""bbox"": [1064, 559, 278, 181], ""area"": 45975, ""angle_dev"": 0.44, ""solidity"": 0.953}",14,"[""likely_multiple_bottles""]",6d8d7cf82d9fbb580fa7f40e07b6122c,17345315673818461424
img_582.png,1920,1080,1250291,186.3,4,"[1025, 146, 357, 839]",0.1892,0.1071,0.0,False,False,0.952,"{""bbox"": [1131, 166, 153, 98], ""area"": 13430, ""angle_dev"": 0.58}","{""bbox"": [1065, 559, 277, 181], ""area"": 46096, ""angle_dev"": 0.0, ""solidity"": 0.952}",13,"[""likely_multiple_bottles""]",38d8169e8cf71417a27428464688d965,17345315673818461424
img_583.png,1920,1080,1299979,186.3,4,"[1025, 146, 357, 839]",0.1892,0.1082,0.23,False,False,0.955,"{""bbox"": [1131, 166, 153, 99], ""area"": 13402, ""angle_dev"": 1.15}","{""bbox"": [1065, 559, 277, 181], ""area"": 46113, ""angle_dev"": 0.23, ""solidity"": 0.955}",13,"[""likely_multiple_bottles""]",dfb748cbd5a725cc744b30b49b6d7b85,17345315673818461424
img_584.png,1920,1080,1322624,186.3,4,"[1025, 145, 357, 840]",0.1894,0.1082,0.39,False,False,0.949,"{""bbox"": [1131, 165, 153, 99], ""area"": 13452, ""angle_dev"": 0.57}","{""bbox"": [1065, 557, 277, 183], ""area"": 45963, ""angle_dev"": 0.39, ""solidity"": 0.949}",13,"[""likely_multiple_bottles""]",bc0a6a86d8b1623d206dccb87f58c77a,17345315673818461424
img_585.png,1920,1080,1268840,186.3,4,"[1025, 145, 357, 840]",0.1894,0.1169,0.22,False,False,0.955,"{""bbox"": [1131, 165, 153, 107], ""area"": 13554, ""angle_dev"": 1.22}","{""bbox"": [1065, 559, 277, 181], ""area"": 46196, ""angle_dev"": 0.22, ""solidity"": 0.955}",14,"[""likely_multiple_bottles""]",1ae1a8158118ad431847c5291bac6ca1,17345315673818461424
img_586.png,1920,1080,1211657,186.3,4,"[1025, 146, 357, 839]",0.1892,0.1071,0.65,False,False,0.952,"{""bbox"": [1131, 166, 153, 98], ""area"": 13422, ""angle_dev"": 1.17}","{""bbox"": [1065, 558, 277, 182], ""area"": 46126, ""angle_dev"": 0.65, ""solidity"": 0.952}",13,"[""likely_multiple_bottles""]",37d7c87a7bb7ca6cca1f0400ca415317,17345315673818461424
img_587.png,1920,1080,1235314,186.3,4,"[1025, 146, 357, 839]",0.1892,0.106,0.44,False,False,0.951,"{""bbox"": [1131, 166, 152, 97], ""area"": 13441, ""angle_dev"": 0.0}","{""bbox"": [1065, 558, 277, 182], ""area"": 46069, ""angle_dev"": 0.44, ""solidity"": 0.951}",13,"[""likely_multiple_bottles""]",3fbd6ccd3af44eb34fdf8aeeb423116c,17345315673818461424
img_588.png,1920,1080,1288394,187.6,4,"[1025, 146, 356, 839]",0.1887,0.106,0.0,False,False,0.955,"{""bbox"": [1131, 166, 152, 97], ""area"": 13379, ""angle_dev"": 0.0}","{""bbox"": [1065, 560, 276, 180], ""area"": 45956, ""angle_dev"": 0.0, ""solidity"": 0.955}",12,"[""likely_multiple_bottles""]",34ca9a9822b9afcbd92e6199b5be6176,17345245287881814192
img_589.png,1920,1080,1346474,187.6,4,"[1025, 145, 357, 840]",0.1894,0.1082,0.0,False,False,0.927,"{""bbox"": [1131, 165, 153, 99], ""area"": 13411, ""angle_dev"": 0.53}","{""bbox"": [1065, 560, 277, 180], ""area"": 44693, ""angle_dev"": 0.0, ""solidity"": 0.927}",13,"[""likely_multiple_bottles""]",a1cdc0265855d8247cd4c9e1b0a76210,17345245287881814192
img_590.png,1920,1080,858777,187.0,1,"[821, 142, 338, 843]",0.18,0.1038,1.02,False,False,0.72,"{""bbox"": [922, 162, 141, 95], ""area"": 12273, ""angle_dev"": 0.0}","{""bbox"": [861, 527, 258, 176], ""area"": 30985, ""angle_dev"": 1.02, ""solidity"": 0.72}",27,"[""likely_good_normal_candidate""]",42baa63f6d6d802c47103cc3ab787036,16782920115681027276
img_591.png,1920,1080,1294694,187.6,4,"[1025, 145, 357, 840]",0.1894,0.1082,0.22,False,False,0.953,"{""bbox"": [1131, 165, 153, 99], ""area"": 13471, ""angle_dev"": 0.88}","{""bbox"": [1065, 559, 277, 181], ""area"": 46016, ""angle_dev"": 0.22, ""solidity"": 0.953}",13,"[""likely_multiple_bottles""]",82dfb5a0f71ab1a8c89d6c9272fc082c,17345245287881814192
img_592.png,1920,1080,1344715,187.7,4,"[1025, 145, 357, 840]",0.1894,0.1082,0.22,False,False,0.954,"{""bbox"": [1131, 165, 153, 99], ""area"": 13462, ""angle_dev"": 0.0}","{""bbox"": [1065, 559, 277, 181], ""area"": 46095, ""angle_dev"": 0.22, ""solidity"": 0.954}",14,"[""likely_multiple_bottles""]",ad1e5f91a511f86059e0b5e55c9f570f,17345245287881814192
img_593.png,1920,1080,1366909,186.1,4,"[1025, 145, 357, 840]",0.1894,0.1082,0.0,False,False,0.957,"{""bbox"": [1131, 165, 154, 99], ""area"": 13498, ""angle_dev"": 0.58}","{""bbox"": [1065, 559, 277, 181], ""area"": 46261, ""angle_dev"": 0.0, ""solidity"": 0.957}",13,"[""likely_multiple_bottles""]",9f815c24ab46e9710c8bd2371526e7a5,17345245287881814192
img_594.png,1920,1080,1394496,186.1,4,"[1025, 145, 357, 840]",0.1894,0.1082,0.0,False,False,0.957,"{""bbox"": [1131, 165, 154, 99], ""area"": 13516, ""angle_dev"": 0.59}","{""bbox"": [1065, 559, 277, 181], ""area"": 46288, ""angle_dev"": 0.0, ""solidity"": 0.957}",14,"[""likely_multiple_bottles""]",6e3b06e0be4e52a97b501868a2ac3b60,17345245287881814192
img_595.png,1920,1080,1350803,186.1,4,"[1025, 145, 357, 840]",0.1894,0.1082,0.22,False,False,0.953,"{""bbox"": [1132, 165, 153, 99], ""area"": 13417, ""angle_dev"": 0.0}","{""bbox"": [1065, 559, 277, 182], ""area"": 46273, ""angle_dev"": 0.22, ""solidity"": 0.953}",14,"[""likely_multiple_bottles""]",bf3077e26cf373aaa8a70e8ffcb8fcda,17345245287881814192
img_596.png,1920,1080,1417039,184.3,4,"[1030, 143, 354, 842]",0.1883,0.1115,0.4,False,False,0.951,"{""bbox"": [1131, 163, 154, 102], ""area"": 13901, ""angle_dev"": 0.0}","{""bbox"": [1070, 559, 274, 183], ""area"": 44763, ""angle_dev"": 0.4, ""solidity"": 0.951}",2,"[""likely_multiple_bottles""]",6bfbdab15720c03f52eafd845729db7b,17345245287881814192
img_597.png,1920,1080,1339703,184.2,4,"[1029, 143, 355, 842]",0.1888,0.1115,0.7,False,False,0.956,"{""bbox"": [1131, 163, 154, 102], ""area"": 13855, ""angle_dev"": 0.0}","{""bbox"": [1069, 560, 275, 182], ""area"": 44490, ""angle_dev"": 0.7, ""solidity"": 0.956}",3,"[""likely_multiple_bottles""]",1b37dc52d2f7a3dc6deb1442a54f01c7,17345245287881814192
img_598.png,1920,1080,1269940,181.7,3,"[1031, 143, 353, 842]",0.1878,0.1104,0.0,False,False,0.95,"{""bbox"": [1131, 163, 154, 101], ""area"": 13916, ""angle_dev"": 0.0}","{""bbox"": [1071, 556, 273, 185], ""area"": 44533, ""angle_dev"": 0.0, ""solidity"": 0.95}",3,"[""likely_multiple_bottles""]",6f424c6628d94c6873c7ead6211923e9,17327160244678579408
img_599.png,1920,1080,1348692,181.7,3,"[1031, 143, 353, 842]",0.1878,0.1104,0.0,False,False,0.952,"{""bbox"": [1131, 163, 154, 101], ""area"": 13942, ""angle_dev"": 0.0}","{""bbox"": [1071, 557, 273, 184], ""area"": 44596, ""angle_dev"": 0.0, ""solidity"": 0.952}",3,"[""likely_multiple_bottles""]",f995afddec055b3cc236928c164ac23d,17327160244678579408
img_600.png,1920,1080,1269516,181.7,4,"[1030, 143, 354, 842]",0.1883,0.1093,0.72,False,False,0.954,"{""bbox"": [1131, 163, 154, 100], ""area"": 13916, ""angle_dev"": 0.0}","{""bbox"": [1070, 560, 274, 182], ""area"": 44299, ""angle_dev"": 0.72, ""solidity"": 0.954}",3,"[""likely_multiple_bottles""]",f4f947049f69da65b6d42ca73e443956,17327160244678579408
img_601.png,1920,1080,826347,187.0,1,"[822, 142, 337, 843]",0.1795,0.1038,1.79,False,False,0.74,"{""bbox"": [921, 162, 143, 95], ""area"": 12202, ""angle_dev"": 0.0}","{""bbox"": [862, 529, 257, 174], ""area"": 31529, ""angle_dev"": 1.79, ""solidity"": 0.74}",26,"[""likely_good_normal_candidate""]",c77131de9ae683134766206266ecace4,16782920115681027276
img_602.png,1920,1080,1331052,181.7,3,"[1030, 143, 354, 842]",0.1883,0.1093,0.0,False,False,0.952,"{""bbox"": [1131, 163, 154, 100], ""area"": 13893, ""angle_dev"": 0.0}","{""bbox"": [1070, 560, 274, 182], ""area"": 44315, ""angle_dev"": 0.0, ""solidity"": 0.952}",3,"[""likely_multiple_bottles""]",ce918d64282fdf8586c6e6c49f8f3e0d,17327160244678579408
img_603.png,1920,1080,1358914,181.7,4,"[1030, 143, 354, 842]",0.1883,0.1093,0.0,False,False,0.955,"{""bbox"": [1131, 163, 154, 100], ""area"": 13880, ""angle_dev"": 0.0}","{""bbox"": [1070, 560, 274, 182], ""area"": 44356, ""angle_dev"": 0.0, ""solidity"": 0.955}",3,"[""likely_multiple_bottles""]",7f2447578cf086b31a40e3e7c4446fe2,17327160244678579408
img_604.png,1920,1080,1294135,181.7,3,"[1030, 143, 353, 842]",0.1878,0.1104,0.7,False,False,0.954,"{""bbox"": [1131, 163, 154, 101], ""area"": 13934, ""angle_dev"": 0.0}","{""bbox"": [1070, 560, 273, 182], ""area"": 44390, ""angle_dev"": 0.7, ""solidity"": 0.954}",2,"[""likely_multiple_bottles""]",b534cb539d485adaf8d846a6cc4f95fd,17327160244678578384
img_605.png,1920,1080,592266,177.1,1,"[693, 353, 555, 632]",0.2216,0.318,1.1,False,False,,"{""bbox"": [733, 373, 475, 291], ""area"": 127393, ""angle_dev"": 1.1}",null,10,"[""likely_close_up_view""]",7aa8c5fb67a426d42d51ba899ce63bd5,17361601743494632598
img_606.png,1920,1080,742483,177.1,1,"[683, 355, 575, 630]",0.2288,0.3169,0.32,False,False,,"{""bbox"": [723, 375, 495, 290], ""area"": 127403, ""angle_dev"": 0.32}",null,9,"[""likely_close_up_view""]",a60254411d9ffc7c06fbcde194736b76,17357098143867262102
img_607.png,1920,1080,722110,177.0,1,"[693, 360, 553, 625]",0.2183,0.3158,0.63,False,False,,"{""bbox"": [733, 380, 473, 289], ""area"": 126091, ""angle_dev"": 0.63}",null,8,"[""likely_close_up_view""]",51cdd2165139aed4679dd93782148e47,16204176639260415118
img_608.png,1920,1080,679938,177.1,1,"[691, 362, 554, 623]",0.218,0.3158,1.11,False,False,,"{""bbox"": [731, 382, 474, 289], ""area"": 126321, ""angle_dev"": 1.11}",null,6,"[""likely_close_up_view""]",4096c6665aacc38d6046ad2a8dbe6e9c,16208680238887785614
img_609.png,1920,1080,605460,177.2,1,"[691, 363, 566, 622]",0.2224,0.3148,0.65,False,False,,"{""bbox"": [731, 383, 486, 288], ""area"": 126222, ""angle_dev"": 0.65}",null,7,"[""likely_close_up_view""]",e84f653235620fae55ab85bc54d3d530,16208680238887785614
img_610.png,1920,1080,725477,177.2,1,"[691, 364, 564, 621]",0.2213,0.3148,0.58,False,False,,"{""bbox"": [731, 384, 484, 288], ""area"": 126114, ""angle_dev"": 0.58}",null,7,"[""likely_close_up_view""]",794a6d1955f28367ddbef2a5a41322e0,16208680238887785614
img_611.png,1920,1080,665438,177.2,1,"[691, 365, 553, 620]",0.2166,0.3148,0.41,False,False,,"{""bbox"": [731, 385, 473, 288], ""area"": 126005, ""angle_dev"": 0.41}",null,9,"[""likely_close_up_view""]",20bbf23e3a7909c2a3889a4207c467ff,16208680238887785614
img_612.png,1920,1080,763558,187.0,1,"[822, 142, 338, 843]",0.18,0.1049,1.96,False,False,0.73,"{""bbox"": [921, 162, 142, 96], ""area"": 12195, ""angle_dev"": 1.3}","{""bbox"": [862, 530, 258, 173], ""area"": 31013, ""angle_dev"": 1.96, ""solidity"": 0.73}",27,"[""likely_good_normal_candidate""]",8b15d78dba3ddc6ccafc8f6fa74644ea,16782920115681027276
img_613.png,1920,1080,552280,177.2,1,"[692, 366, 558, 619]",0.2182,0.3148,0.0,False,False,,"{""bbox"": [732, 386, 478, 288], ""area"": 126070, ""angle_dev"": 0.0}",null,7,"[""likely_close_up_view""]",7b4802d697a6d02f6d3c332ee8ca283b,16208680238887785614
img_614.png,1920,1080,774657,179.1,1,"[734, 402, 511, 583]",0.1882,0.2874,0.65,False,False,,"{""bbox"": [774, 422, 431, 263], ""area"": 100950, ""angle_dev"": 0.65}",null,19,"[""likely_close_up_view""]",2f8b7d3ed16ee1bd1c0df0e1735f4732,17361641325913232538
img_615.png,1920,1080,641340,179.0,1,"[735, 403, 524, 582]",0.1927,0.2863,0.0,False,False,0.701,"{""bbox"": [775, 423, 444, 262], ""area"": 100634, ""angle_dev"": 0.0}","{""bbox"": [844, 713, 45, 20], ""area"": 442, ""angle_dev"": 0.0, ""solidity"": 0.701}",19,"[""likely_close_up_view""]",6ddae2b580ff0633a31e29fc16148b8a,17361641325913232602
img_616.png,1920,1080,717477,179.1,1,"[734, 404, 510, 581]",0.1872,0.2874,0.0,False,False,0.916,"{""bbox"": [774, 424, 430, 263], ""area"": 100627, ""angle_dev"": 0.47}","{""bbox"": [845, 716, 29, 19], ""area"": 406, ""angle_dev"": 0.0, ""solidity"": 0.916}",18,"[""likely_close_up_view""]",4279c09effe0aea6f2af240396b645a8,17361641325913232538
img_617.png,1920,1080,621954,179.1,1,"[734, 405, 510, 580]",0.1869,0.2874,3.73,False,False,0.736,"{""bbox"": [774, 425, 430, 263], ""area"": 101163, ""angle_dev"": 0.81}","{""bbox"": [842, 714, 55, 21], ""area"": 660, ""angle_dev"": 3.73, ""solidity"": 0.736}",16,"[""likely_skewed_label"", ""likely_close_up_view""]",8d62c18245bc768e9e632d22dae84134,17361641325913232538
img_618.png,1920,1080,765182,179.1,1,"[734, 405, 510, 580]",0.1869,0.2874,0.0,False,False,0.772,"{""bbox"": [774, 425, 430, 263], ""area"": 101125, ""angle_dev"": 0.76}","{""bbox"": [844, 716, 47, 19], ""area"": 521, ""angle_dev"": 0.0, ""solidity"": 0.772}",17,"[""likely_close_up_view""]",f122f083fedc3f78600fb22644ff9378,17361641325913232602
img_619.png,1920,1080,720484,179.1,1,"[734, 406, 510, 579]",0.1865,0.2874,0.0,False,False,0.822,"{""bbox"": [774, 426, 430, 263], ""area"": 100918, ""angle_dev"": 0.78}","{""bbox"": [844, 715, 35, 21], ""area"": 474, ""angle_dev"": 0.0, ""solidity"": 0.822}",19,"[""likely_close_up_view""]",e8a68340373f50ef15a4875966bbcd66,17361641325913232602
img_620.png,1920,1080,833297,179.6,1,"[770, 403, 511, 582]",0.1879,0.2907,9.46,False,False,0.692,"{""bbox"": [810, 423, 431, 266], ""area"": 106241, ""angle_dev"": 0.34}","{""bbox"": [1018, 805, 51, 17], ""area"": 395, ""angle_dev"": 9.46, ""solidity"": 0.692}",27,"[""likely_skewed_label"", ""likely_close_up_view""]",a65e2cc06d89986433c7cbc54e892f02,17361641325778486482
img_621.png,1920,1080,678026,179.6,1,"[770, 404, 511, 581]",0.1876,0.2907,3.18,False,False,0.726,"{""bbox"": [810, 424, 431, 266], ""area"": 106108, ""angle_dev"": 0.39}","{""bbox"": [1012, 807, 60, 11], ""area"": 366, ""angle_dev"": 3.18, ""solidity"": 0.726}",28,"[""likely_skewed_label"", ""likely_close_up_view""]",b7600648f2adb12058b6dff16526c53a,17363893125726389458
img_622.png,1920,1080,925284,175.0,1,"[572, 296, 589, 689]",0.2564,0.4306,1.51,False,False,0.577,"{""bbox"": [612, 316, 509, 394], ""area"": 157288, ""angle_dev"": 0.24}","{""bbox"": [869, 577, 60, 18], ""area"": 424, ""angle_dev"": 1.51, ""solidity"": 0.577}",18,"[""likely_damaged_label"", ""likely_close_up_view""]",640b8543f0b28626cc114dfeec6c1f88,17361548690981690540
img_623.png,1920,1080,868013,187.1,1,"[822, 142, 338, 843]",0.18,0.1049,2.12,False,False,0.731,"{""bbox"": [921, 162, 142, 96], ""area"": 12197, ""angle_dev"": 0.0}","{""bbox"": [862, 529, 258, 174], ""area"": 31188, ""angle_dev"": 2.12, ""solidity"": 0.731}",27,"[""likely_good_normal_candidate""]",f132e4bff02efebd8c61792b0539ae6d,16782920115681029324
img_624.png,1920,1080,737031,174.8,1,"[566, 297, 598, 688]",0.2599,0.4284,0.69,False,False,,"{""bbox"": [606, 317, 518, 392], ""area"": 158317, ""angle_dev"": 0.69}",null,22,"[""likely_close_up_view""]",31f18a04cb850dfc83ad383715e8b892,17361548690981690540
img_625.png,1920,1080,878758,174.8,1,"[566, 297, 592, 688]",0.2573,0.4284,4.48,False,False,,"{""bbox"": [606, 317, 512, 392], ""area"": 158106, ""angle_dev"": 4.48}",null,19,"[""likely_tilted_cap"", ""likely_close_up_view""]",26de6c8fb50479a05befb62baef4067e,17361548690981690540
img_626.png,1920,1080,960566,174.8,1,"[565, 297, 593, 688]",0.2577,0.4295,4.76,False,False,,"{""bbox"": [605, 317, 513, 393], ""area"": 156327, ""angle_dev"": 4.76}",null,21,"[""likely_tilted_cap"", ""likely_close_up_view""]",fa3bf72e3702504415783dd9338011e5,16208627186374843564
img_627.png,1920,1080,859275,174.7,1,"[566, 297, 596, 688]",0.259,0.4306,0.0,False,False,0.61,"{""bbox"": [606, 317, 516, 394], ""area"": 156263, ""angle_dev"": 0.0}","{""bbox"": [782, 587, 89, 14], ""area"": 566, ""angle_dev"": 0.0, ""solidity"": 0.61}",23,"[""likely_damaged_label"", ""likely_close_up_view""]",ed277263cc9f342ec6d9c3249a79b7c2,16208627186374843564
img_628.png,1920,1080,753595,174.8,1,"[582, 297, 576, 688]",0.2503,0.4295,1.32,False,False,,"{""bbox"": [622, 317, 496, 393], ""area"": 157102, ""angle_dev"": 1.32}",null,22,"[""likely_close_up_view""]",bad0a498f9e3ce0771c5db623ca4b8e3,16208627186374843564
img_629.png,1920,1080,796235,177.0,1,"[718, 340, 551, 645]",0.2245,0.3781,0.54,False,False,,"{""bbox"": [758, 360, 471, 346], ""area"": 144046, ""angle_dev"": 0.54}",null,22,"[""likely_close_up_view""]",d6066936719f9bdaa46d64f8534b76a2,17361601743494630610
img_630.png,1920,1080,875597,176.7,1,"[717, 340, 552, 645]",0.2249,0.2393,1.13,False,False,0.928,"{""bbox"": [757, 360, 470, 219], ""area"": 94309, ""angle_dev"": 1.17}","{""bbox"": [761, 576, 468, 130], ""area"": 49721, ""angle_dev"": 1.13, ""solidity"": 0.928}",22,"[""likely_close_up_view""]",ca08fcc70e41927535b829b07ea46a99,17361601743494630610
img_631.png,1920,1080,734910,176.6,1,"[717, 340, 552, 645]",0.2249,0.2404,1.34,False,False,0.94,"{""bbox"": [757, 360, 469, 220], ""area"": 94385, ""angle_dev"": 0.32}","{""bbox"": [761, 576, 468, 129], ""area"": 50129, ""angle_dev"": 1.34, ""solidity"": 0.94}",20,"[""likely_close_up_view""]",ff2ddc06c2e6d905bcdbd7c897794d7c,17361601743494630610
img_632.png,1920,1080,814170,176.6,1,"[717, 340, 552, 645]",0.2249,0.2404,2.44,False,False,0.933,"{""bbox"": [757, 360, 470, 220], ""area"": 94504, ""angle_dev"": 0.87}","{""bbox"": [761, 576, 468, 133], ""area"": 50179, ""angle_dev"": 2.44, ""solidity"": 0.933}",21,"[""likely_close_up_view""]",f3c7395682eef09d2821f607980aeed0,17361601743494630610
img_633.png,1920,1080,721521,176.7,1,"[717, 340, 565, 645]",0.2302,0.3781,4.09,False,False,0.739,"{""bbox"": [757, 360, 485, 346], ""area"": 144721, ""angle_dev"": 0.75}","{""bbox"": [989, 746, 46, 14], ""area"": 303, ""angle_dev"": 4.09, ""solidity"": 0.739}",22,"[""likely_skewed_label"", ""likely_close_up_view""]",5c51bb726b2eae7922d7b93b0324194f,17361601743494630610
img_634.png,1920,1080,913582,187.0,1,"[829, 141, 334, 844]",0.1781,0.1038,1.96,False,False,0.921,"{""bbox"": [914, 161, 142, 95], ""area"": 11896, ""angle_dev"": 1.22}","{""bbox"": [869, 527, 254, 181], ""area"": 39466, ""angle_dev"": 1.96, ""solidity"": 0.921}",28,"[""likely_good_normal_candidate""]",e998bccaed1b939e2b8c36c1f23b58a4,16782924513727540428
img_635.png,1920,1080,886535,179.6,1,"[712, 573, 515, 412]",0.134,0.1268,1.52,False,False,,"{""bbox"": [752, 593, 435, 116], ""area"": 30608, ""angle_dev"": 1.52}",null,3,"[""likely_good_normal_candidate""]",921f7e25c772ea39070cee6f8017be01,15042234706765337814
img_636.png,1920,1080,751296,179.3,1,"[711, 573, 516, 412]",0.1343,0.1257,1.21,False,False,,"{""bbox"": [751, 593, 436, 115], ""area"": 30699, ""angle_dev"": 1.21}",null,3,"[""likely_good_normal_candidate""]",ac3dcc8198d4e00ac6edc9701919c6c0,15046738306392708310
img_637.png,1920,1080,639122,179.3,1,"[711, 573, 517, 412]",0.1346,0.1268,1.43,False,False,,"{""bbox"": [751, 593, 437, 116], ""area"": 30557, ""angle_dev"": 1.43}",null,2,"[""likely_good_normal_candidate""]",eb25c0ba2d0225db44c5e22929567f81,15046738306392708310
img_638.png,1920,1080,744601,179.2,1,"[711, 573, 517, 412]",0.1346,0.1268,1.4,False,False,,"{""bbox"": [751, 593, 437, 116], ""area"": 30491, ""angle_dev"": 1.4}",null,4,"[""likely_good_normal_candidate""]",ffbdd683cd055bd55d5954131de6e956,15046738306392708310
img_639.png,1920,1080,637655,179.2,1,"[711, 573, 517, 412]",0.1346,0.1268,1.39,False,False,,"{""bbox"": [751, 593, 437, 116], ""area"": 31148, ""angle_dev"": 1.39}",null,4,"[""likely_good_normal_candidate""]",75af3faada0323196a4936e1b796b95d,15046738306392708310
img_640.png,1920,1080,735436,179.1,1,"[711, 573, 516, 412]",0.1343,0.1268,1.41,False,False,,"{""bbox"": [751, 593, 436, 116], ""area"": 31065, ""angle_dev"": 1.41}",null,4,"[""likely_good_normal_candidate""]",f38fcfceb39866b0018a5754de34b757,15042234706765337814
img_641.png,1920,1080,649203,179.1,1,"[711, 573, 517, 412]",0.1346,0.1268,1.36,False,False,,"{""bbox"": [751, 593, 437, 116], ""area"": 31248, ""angle_dev"": 1.36}",null,5,"[""likely_good_normal_candidate""]",4490abeb21184620ca1bc3d737dedee0,15042234706765337814
img_642.png,1920,1080,841044,180.1,1,"[765, 574, 537, 411]",0.1394,0.1268,5.91,False,False,0.792,"{""bbox"": [805, 594, 457, 116], ""area"": 33123, ""angle_dev"": 0.73}","{""bbox"": [1118, 697, 50, 14], ""area"": 359, ""angle_dev"": 5.91, ""solidity"": 0.792}",8,"[""likely_skewed_label""]",b5c110d2d7e2d5169d334c351f484a34,17361606107046661338
img_643.png,1920,1080,676739,179.8,1,"[765, 574, 537, 411]",0.1394,0.1301,1.28,False,False,,"{""bbox"": [805, 594, 457, 119], ""area"": 32795, ""angle_dev"": 1.28}",null,8,"[""likely_good_normal_candidate""]",f84616639abf04d30fccf66f392ddab4,17361623699232705754
img_644.png,1920,1080,757602,179.8,1,"[765, 574, 537, 411]",0.1394,0.1301,1.49,False,False,,"{""bbox"": [805, 594, 457, 119], ""area"": 33123, ""angle_dev"": 1.49}",null,10,"[""likely_good_normal_candidate""]",007e4e9f6e00192d4eec55516b224539,17361623699232705754
img_645.png,1920,1080,804916,186.7,1,"[828, 142, 334, 843]",0.1779,0.1038,0.48,False,False,0.926,"{""bbox"": [914, 162, 141, 95], ""area"": 11841, ""angle_dev"": 1.19}","{""bbox"": [868, 527, 254, 180], ""area"": 39443, ""angle_dev"": 0.48, ""solidity"": 0.926}",28,"[""likely_good_normal_candidate""]",cb5ed2206ebcdffbf1b9c2a21eef928a,16782924513727540428
img_646.png,1920,1080,815978,175.7,1,"[766, 360, 559, 625]",0.2207,0.3727,2.39,False,False,0.706,"{""bbox"": [806, 380, 479, 341], ""area"": 132910, ""angle_dev"": 1.64}","{""bbox"": [859, 810, 388, 29], ""area"": 4591, ""angle_dev"": 2.39, ""solidity"": 0.706}",21,"[""likely_close_up_view""]",e1611b9b770df10c74a20301c25de19a,17363844712720813274
img_647.png,1920,1080,907234,175.8,1,"[766, 360, 559, 625]",0.2207,0.3661,2.37,False,False,0.709,"{""bbox"": [806, 380, 479, 335], ""area"": 133807, ""angle_dev"": 1.04}","{""bbox"": [859, 810, 392, 29], ""area"": 4675, ""angle_dev"": 2.37, ""solidity"": 0.709}",20,"[""likely_close_up_view""]",24b4abca43190f3946ea09e0b91ada73,17361592912907128026
img_648.png,1920,1080,764597,176.0,1,"[766, 360, 556, 625]",0.2195,0.3683,2.43,False,False,0.712,"{""bbox"": [806, 380, 476, 337], ""area"": 133781, ""angle_dev"": 1.61}","{""bbox"": [870, 810, 372, 29], ""area"": 4543, ""angle_dev"": 2.43, ""solidity"": 0.712}",21,"[""likely_close_up_view""]",0b5c35dfb687fe2a0cdb9604630be0ae,15055749903693434074
img_649.png,1920,1080,841900,176.1,1,"[765, 360, 560, 625]",0.2211,0.3694,2.26,False,False,0.702,"{""bbox"": [805, 380, 480, 338], ""area"": 134207, ""angle_dev"": 1.59}","{""bbox"": [869, 810, 373, 29], ""area"": 4523, ""angle_dev"": 2.26, ""solidity"": 0.702}",22,"[""likely_close_up_view""]",c208f199186fe3a3a44d624152386f14,17361592912907128026
img_650.png,1920,1080,743784,176.2,1,"[765, 360, 559, 625]",0.2207,0.3661,2.3,False,False,0.702,"{""bbox"": [805, 380, 479, 335], ""area"": 133866, ""angle_dev"": 0.0}","{""bbox"": [859, 810, 397, 29], ""area"": 4704, ""angle_dev"": 2.3, ""solidity"": 0.702}",22,"[""likely_close_up_view""]",87d2800f57ef0699cb5d90f76d6517f9,17361592912907128026
img_651.png,1920,1080,905908,176.2,1,"[764, 388, 541, 597]",0.204,0.3377,2.03,False,False,0.674,"{""bbox"": [804, 408, 461, 309], ""area"": 130601, ""angle_dev"": 0.0}","{""bbox"": [864, 811, 393, 29], ""area"": 4751, ""angle_dev"": 2.03, ""solidity"": 0.674}",22,"[""likely_close_up_view""]",07dc901607b552977b19281eab370e2f,15055798282205056218
img_652.png,1920,1080,675054,176.0,1,"[765, 388, 541, 597]",0.204,0.3399,1.98,False,False,0.704,"{""bbox"": [805, 408, 461, 311], ""area"": 130602, ""angle_dev"": 1.06}","{""bbox"": [857, 811, 397, 30], ""area"": 5116, ""angle_dev"": 1.98, ""solidity"": 0.704}",19,"[""likely_close_up_view""]",9ce52f1bd55bb447d5cdfacdf198743e,17361641291418750170
img_653.png,1920,1080,787796,176.1,1,"[765, 388, 541, 597]",0.204,0.3377,2.02,False,False,0.692,"{""bbox"": [805, 408, 461, 309], ""area"": 130810, ""angle_dev"": 1.26}","{""bbox"": [859, 811, 396, 29], ""area"": 4967, ""angle_dev"": 2.02, ""solidity"": 0.692}",21,"[""likely_close_up_view""]",44204f041b668d57685215b87bf4597d,17361641291418750170
img_654.png,1920,1080,901819,175.4,1,"[656, 422, 554, 563]",0.197,0.3005,1.06,False,False,0.67,"{""bbox"": [696, 442, 474, 275], ""area"": 116817, ""angle_dev"": 0.0}","{""bbox"": [729, 815, 348, 22], ""area"": 3739, ""angle_dev"": 1.06, ""solidity"": 0.67}",21,"[""likely_close_up_view""]",1b5ef9cbfe79dc20ae3e1d3640b7deca,17361641325913232548
img_655.png,1920,1080,707805,175.1,1,"[656, 422, 539, 563]",0.1917,0.3005,1.29,False,False,0.709,"{""bbox"": [696, 442, 459, 275], ""area"": 116859, ""angle_dev"": 0.0}","{""bbox"": [724, 816, 352, 20], ""area"": 3625, ""angle_dev"": 1.29, ""solidity"": 0.709}",24,"[""likely_close_up_view""]",9d6b114018f5f5debbbc604e77bcacc0,17361641325913232548
img_656.png,1920,1080,921479,186.8,1,"[828, 141, 333, 844]",0.1775,0.1049,1.33,False,False,0.926,"{""bbox"": [914, 161, 142, 96], ""area"": 11942, ""angle_dev"": 1.27}","{""bbox"": [868, 527, 253, 179], ""area"": 39490, ""angle_dev"": 1.33, ""solidity"": 0.926}",27,"[""likely_good_normal_candidate""]",d7fd7522b9b2cacfaff0ad9800da1ae4,16782924513727540428
img_666.png,1920,1080,938115,181.4,1,"[834, 279, 421, 706]",0.1878,0.3639,0.0,False,False,0.912,"{""bbox"": [883, 299, 322, 333], ""area"": 74127, ""angle_dev"": 19.12}","{""bbox"": [874, 847, 341, 138], ""area"": 30476, ""angle_dev"": 0.0, ""solidity"": 0.912}",3,"[""likely_tilted_cap"", ""likely_close_up_view""]",7a0840c1dcaa2c8956566e31e3093124,10434995146676680246
img_667.png,1920,1080,788573,184.2,1,"[792, 178, 334, 807]",0.1703,0.0907,0.0,False,False,0.952,"{""bbox"": [888, 198, 145, 83], ""area"": 10387, ""angle_dev"": 0.97}","{""bbox"": [832, 570, 254, 167], ""area"": 39189, ""angle_dev"": 0.0, ""solidity"": 0.952}",13,"[""likely_good_normal_candidate""]",04e82e9409e99c6d70c0ffe79fe64206,17935841602569028812
img_668.png,1920,1080,907143,186.8,1,"[828, 142, 333, 843]",0.1773,0.1027,3.18,False,False,0.931,"{""bbox"": [914, 162, 141, 94], ""area"": 11885, ""angle_dev"": 0.62}","{""bbox"": [868, 526, 253, 181], ""area"": 39386, ""angle_dev"": 3.18, ""solidity"": 0.931}",30,"[""likely_skewed_label""]",91324ed54659763ed352fb865b3ce30b,16782924513727540428
img_669.png,1920,1080,1181526,182.9,1,"[665, 94, 477, 891]",0.2685,0.3749,0.0,False,False,,"{""bbox"": [705, 114, 397, 343], ""area"": 108515, ""angle_dev"": 0.0}",null,18,"[""likely_close_up_view""]",bd51cea0b31efd479318b0bbe1b15393,9839393821850607126
img_670.png,1920,1080,1060861,184.6,1,"[726, 149, 454, 836]",0.2398,0.3497,3.43,False,False,0.792,"{""bbox"": [766, 169, 374, 320], ""area"": 94719, ""angle_dev"": 2.11}","{""bbox"": [873, 505, 57, 12], ""area"": 366, ""angle_dev"": 3.43, ""solidity"": 0.792}",7,"[""likely_skewed_label"", ""likely_close_up_view""]",ecd903ea3ddf92cef55079ce4f69088d,9839393821313865238
img_671.png,1920,1080,1884797,162.0,1,"[658, 50, 802, 935]",0.4737,0.5322,18.11,True,False,0.653,"{""bbox"": [698, 70, 706, 487], ""area"": 123754, ""angle_dev"": 18.91}","{""bbox"": [830, 649, 590, 297], ""area"": 76408, ""angle_dev"": 18.11, ""solidity"": 0.653}",2,"[""likely_tilted_cap"", ""likely_skewed_label"", ""likely_close_up_view"", ""frame_cropped_top""]",1f74d44c3d8e5d6f1ee8f65780f41de2,10090941916294220558
img_672.png,1920,1080,1779381,165.8,1,"[663, 50, 800, 935]",0.4725,0.5749,0.0,True,False,0.56,"{""bbox"": [703, 70, 720, 526], ""area"": 134015, ""angle_dev"": 17.19}","{""bbox"": [835, 713, 577, 272], ""area"": 61954, ""angle_dev"": 0.0, ""solidity"": 0.56}",3,"[""likely_tilted_cap"", ""likely_damaged_label"", ""likely_close_up_view"", ""frame_cropped_top""]",4a384a8347bdc76d5769501427ad6374,10131474338778026830
img_673.png,1920,1080,1842763,165.1,1,"[645, 50, 846, 935]",0.4997,0.5628,25.3,True,False,0.681,"{""bbox"": [685, 70, 744, 515], ""area"": 140081, ""angle_dev"": 14.22}","{""bbox"": [878, 706, 573, 275], ""area"": 52650, ""angle_dev"": 25.3, ""solidity"": 0.681}",1,"[""likely_tilted_cap"", ""likely_skewed_label"", ""likely_close_up_view"", ""frame_cropped_top""]",03dbc510d52a7bc1dcbfa7605cc17ca8,10095446916148040007
img_674.png,1920,1080,1301624,166.9,1,"[222, 50, 531, 935]",0.3136,0.1923,0.0,True,False,0.904,"{""bbox"": [262, 70, 451, 176], ""area"": 52048, ""angle_dev"": 0.0}","{""bbox"": [535, 975, 121, 10], ""area"": 699, ""angle_dev"": 0.0, ""solidity"": 0.904}",0,"[""likely_close_up_view"", ""frame_cropped_top""]",5ad52576fa833bed1989b4578e4c4306,3499464278637336696
img_675.png,1920,1080,1275421,167.0,1,"[250, 50, 525, 935]",0.3101,0.2164,0.0,True,False,,"{""bbox"": [290, 70, 445, 198], ""area"": 61886, ""angle_dev"": 0.0}",null,1,"[""likely_close_up_view"", ""frame_cropped_top""]",ab2b1fe4c7cd1fab9eb214265af87b18,3490518652167969016
img_676.png,1920,1080,1412316,167.4,1,"[266, 50, 524, 935]",0.3095,0.2033,0.0,True,False,,"{""bbox"": [306, 70, 444, 186], ""area"": 57479, ""angle_dev"": 0.0}",null,0,"[""likely_close_up_view"", ""frame_cropped_top""]",257de97380676a297b029d893a193047,3481449880262072440
img_677.png,1920,1080,1280688,166.7,1,"[267, 50, 643, 935]",0.3798,0.1847,0.0,True,False,0.787,"{""bbox"": [307, 70, 444, 169], ""area"": 50526, ""angle_dev"": 0.0}","{""bbox"": [520, 957, 350, 28], ""area"": 6345, ""angle_dev"": 0.0, ""solidity"": 0.787}",3,"[""likely_close_up_view"", ""frame_cropped_top""]",707ef1469dbc2da58545f41dc02b5bea,3481449880262072440
img_678.png,1920,1080,1380109,165.0,1,"[246, 50, 639, 935]",0.3774,0.1683,0.0,True,False,0.907,"{""bbox"": [286, 70, 444, 154], ""area"": 43355, ""angle_dev"": 0.0}","{""bbox"": [491, 928, 354, 57], ""area"": 16463, ""angle_dev"": 0.0, ""solidity"": 0.907}",0,"[""likely_close_up_view"", ""frame_cropped_top""]",6fb11df856a38fd2dc002701069c883c,3517513861653125240
img_679.png,1920,1080,861485,186.8,1,"[828, 142, 333, 843]",0.1773,0.1038,2.74,False,False,0.932,"{""bbox"": [914, 162, 142, 95], ""area"": 11900, ""angle_dev"": 1.22}","{""bbox"": [868, 527, 253, 180], ""area"": 39488, ""angle_dev"": 2.74, ""solidity"": 0.932}",28,"[""likely_good_normal_candidate""]",07efa2e1c2bb767e7e73098ba4b67d29,16782924513727540428
img_680.png,1920,1080,1368092,174.0,1,"[55, 158, 274, 827]",0.1431,0.3104,0.0,False,False,0.826,"{""bbox"": [95, 178, 194, 284], ""area"": 22573, ""angle_dev"": 0.0}","{""bbox"": [95, 650, 110, 319], ""area"": 15011, ""angle_dev"": 0.0, ""solidity"": 0.826}",0,"[""likely_close_up_view""]",831e0d9dc3eb12327fa1ecde36fc2688,15044425020429871288
img_681.png,1920,1080,1290606,175.0,1,"[55, 196, 236, 789]",0.1176,0.3235,0.0,False,False,0.848,"{""bbox"": [95, 216, 156, 296], ""area"": 22520, ""angle_dev"": 1.96}","{""bbox"": [95, 710, 84, 275], ""area"": 10584, ""angle_dev"": 0.0, ""solidity"": 0.848}",0,"[""likely_close_up_view""]",53d4602c87db35eb4e9e8252642e1231,10410221003868776632
img_682.png,1920,1080,1394351,175.6,1,"[55, 129, 286, 856]",0.1547,0.318,0.0,False,False,0.621,"{""bbox"": [95, 149, 206, 291], ""area"": 24895, ""angle_dev"": 0.0}","{""bbox"": [95, 438, 123, 490], ""area"": 24456, ""angle_dev"": 0.0, ""solidity"": 0.621}",0,"[""likely_damaged_label"", ""likely_close_up_view""]",a777899638b0585e2e47f52c386443a2,8685430444950862008
img_683.png,1920,1080,1314172,176.5,1,"[55, 134, 246, 851]",0.1323,0.3191,0.0,False,False,0.607,"{""bbox"": [95, 154, 166, 292], ""area"": 24746, ""angle_dev"": 1.33}","{""bbox"": [95, 448, 125, 485], ""area"": 23710, ""angle_dev"": 0.0, ""solidity"": 0.607}",0,"[""likely_damaged_label"", ""likely_close_up_view""]",3e0dbfd365ab7d5c8c804eeb84559e74,17332332933409188024
img_684.png,1920,1080,1392117,176.6,1,"[55, 157, 239, 828]",0.125,0.3246,0.0,False,False,0.763,"{""bbox"": [95, 177, 159, 297], ""area"": 23477, ""angle_dev"": 0.95}","{""bbox"": [95, 602, 112, 359], ""area"": 15639, ""angle_dev"": 0.0, ""solidity"": 0.763}",0,"[""likely_close_up_view""]",2c667985183b1135b738a6aaeff4862a,17354859590201157816
img_685.png,1920,1080,1293872,177.2,1,"[55, 98, 220, 887]",0.1233,0.3191,0.0,False,False,0.871,"{""bbox"": [95, 118, 140, 292], ""area"": 18385, ""angle_dev"": 0.55}","{""bbox"": [95, 639, 101, 264], ""area"": 11896, ""angle_dev"": 0.0, ""solidity"": 0.871}",0,"[""likely_close_up_view""]",1a3d990aedb758fe7fcb910fd1c53b40,8685430376231385248
img_706.png,1920,1080,838820,186.8,1,"[828, 141, 334, 844]",0.1781,0.1005,3.37,False,False,0.927,"{""bbox"": [914, 161, 141, 92], ""area"": 11925, ""angle_dev"": 0.0}","{""bbox"": [868, 524, 254, 183], ""area"": 39970, ""angle_dev"": 3.37, ""solidity"": 0.927}",27,"[""likely_skewed_label""]",11682f8060ff8121ac34dd72fedc5876,16782924513727540428
img_707.png,1920,1080,850336,188.5,1,"[827, 143, 331, 842]",0.1761,0.1016,1.56,False,False,0.691,"{""bbox"": [913, 163, 142, 93], ""area"": 12021, ""angle_dev"": 0.0}","{""bbox"": [867, 534, 251, 174], ""area"": 25303, ""angle_dev"": 1.56, ""solidity"": 0.691}",22,"[""likely_good_normal_candidate""]",de1f177e461e3f4159942ba3d6934e16,16782920115681029324
img_708.png,1920,1080,944190,187.4,1,"[827, 143, 331, 842]",0.1761,0.1027,1.43,False,False,0.693,"{""bbox"": [913, 163, 142, 94], ""area"": 12039, ""angle_dev"": 0.0}","{""bbox"": [867, 534, 251, 174], ""area"": 25205, ""angle_dev"": 1.43, ""solidity"": 0.693}",24,"[""likely_good_normal_candidate""]",7c5a5d6178726bbef80264b75001df3a,16782924513727540428
img_709.png,1920,1080,795754,187.5,1,"[827, 143, 332, 842]",0.1766,0.1016,1.43,False,False,0.684,"{""bbox"": [913, 163, 143, 93], ""area"": 12074, ""angle_dev"": 0.0}","{""bbox"": [867, 534, 252, 174], ""area"": 25470, ""angle_dev"": 1.43, ""solidity"": 0.684}",22,"[""likely_good_normal_candidate""]",b4102f3ec9b998a7b1945352bf053398,16782924513727540428
img_710.png,1920,1080,891784,187.5,1,"[827, 143, 332, 842]",0.1766,0.1005,1.43,False,False,0.682,"{""bbox"": [913, 163, 143, 92], ""area"": 11909, ""angle_dev"": 0.0}","{""bbox"": [867, 534, 252, 174], ""area"": 25540, ""angle_dev"": 1.43, ""solidity"": 0.682}",24,"[""likely_good_normal_candidate""]",c6ec9842134540d1d468d44fac15e3e9,16782924513727540428
img_711.png,1920,1080,885401,187.5,1,"[827, 143, 332, 842]",0.1766,0.1038,1.42,False,False,0.685,"{""bbox"": [914, 163, 142, 95], ""area"": 12009, ""angle_dev"": 0.0}","{""bbox"": [867, 534, 252, 174], ""area"": 25381, ""angle_dev"": 1.42, ""solidity"": 0.685}",26,"[""likely_good_normal_candidate""]",c9de612aa1764da355d6ca25a9f4b609,16782924513727540428
img_712.png,1920,1080,717603,184.2,1,"[792, 178, 334, 807]",0.1703,0.0885,0.27,False,False,0.949,"{""bbox"": [888, 198, 144, 81], ""area"": 10509, ""angle_dev"": 0.0}","{""bbox"": [832, 570, 254, 167], ""area"": 38993, ""angle_dev"": 0.27, ""solidity"": 0.949}",13,"[""likely_good_normal_candidate""]",486aa9fc6c503f99f9d08ca6702bf4ca,17935841602569028812
img_713.png,1920,1080,848362,187.6,1,"[827, 143, 333, 842]",0.1771,0.1016,1.89,False,False,0.681,"{""bbox"": [913, 163, 142, 93], ""area"": 12022, ""angle_dev"": 0.0}","{""bbox"": [867, 532, 253, 176], ""area"": 25258, ""angle_dev"": 1.89, ""solidity"": 0.681}",28,"[""likely_good_normal_candidate""]",71fffbc63e0835b862580c275bb92978,16782924513727540428
img_714.png,1920,1080,913737,187.5,1,"[827, 143, 332, 842]",0.1766,0.1016,1.33,False,False,0.684,"{""bbox"": [913, 163, 142, 93], ""area"": 12008, ""angle_dev"": 0.0}","{""bbox"": [867, 533, 252, 175], ""area"": 25135, ""angle_dev"": 1.33, ""solidity"": 0.684}",21,"[""likely_good_normal_candidate""]",9b9d76a890d353f0e4b2fe8d1bcc932e,16782924513727540428
img_715.png,1920,1080,898498,187.5,1,"[827, 143, 332, 842]",0.1766,0.1027,1.46,False,False,0.691,"{""bbox"": [914, 163, 141, 94], ""area"": 12001, ""angle_dev"": 0.0}","{""bbox"": [867, 534, 252, 174], ""area"": 25193, ""angle_dev"": 1.46, ""solidity"": 0.691}",24,"[""likely_good_normal_candidate""]",35e7611fa04ce8bbcd030a241a0408b7,16782924513727540428
img_716.png,1920,1080,866308,187.6,1,"[827, 143, 332, 842]",0.1766,0.1016,1.26,False,False,0.695,"{""bbox"": [914, 163, 142, 93], ""area"": 11931, ""angle_dev"": 0.0}","{""bbox"": [867, 535, 252, 172], ""area"": 25629, ""angle_dev"": 1.26, ""solidity"": 0.695}",23,"[""likely_good_normal_candidate""]",66fd8e0f93456478112daba033ccdc9a,16782924513727540428
img_717.png,1920,1080,820705,187.6,1,"[830, 143, 329, 842]",0.175,0.1016,2.05,False,False,0.684,"{""bbox"": [913, 163, 142, 93], ""area"": 11981, ""angle_dev"": 0.0}","{""bbox"": [870, 534, 249, 174], ""area"": 25344, ""angle_dev"": 2.05, ""solidity"": 0.684}",23,"[""likely_good_normal_candidate""]",2c6353ba119b77378f3b46a1f95f9de5,16782924513727540428
img_718.png,1920,1080,986234,186.7,1,"[799, 144, 334, 841]",0.1774,0.0995,0.71,False,False,0.617,"{""bbox"": [899, 164, 140, 91], ""area"": 11705, ""angle_dev"": 0.0}","{""bbox"": [839, 535, 254, 171], ""area"": 25382, ""angle_dev"": 0.71, ""solidity"": 0.617}",31,"[""likely_damaged_label""]",5ea49b3c17a73af1f15d1ae8c3017de0,16782920115142053068
img_719.png,1920,1080,851884,186.9,1,"[798, 144, 335, 841]",0.178,0.0995,0.95,False,False,0.62,"{""bbox"": [899, 164, 140, 91], ""area"": 11744, ""angle_dev"": 0.0}","{""bbox"": [838, 534, 255, 173], ""area"": 25636, ""angle_dev"": 0.95, ""solidity"": 0.62}",31,"[""likely_damaged_label""]",e623cce1d665c5c53adde298bace63ef,16782920115142053068
img_720.png,1920,1080,871690,187.0,1,"[799, 145, 333, 840]",0.1767,0.0984,0.0,False,False,0.685,"{""bbox"": [899, 165, 141, 90], ""area"": 11761, ""angle_dev"": 0.0}","{""bbox"": [839, 536, 253, 170], ""area"": 28084, ""angle_dev"": 0.0, ""solidity"": 0.685}",27,"[""likely_good_normal_candidate""]",e85474fc93b4c021447ee363ac04ac4d,16782920115142053068
img_721.png,1920,1080,843306,187.0,1,"[799, 145, 334, 840]",0.1772,0.0984,0.49,False,False,0.654,"{""bbox"": [899, 165, 141, 90], ""area"": 11732, ""angle_dev"": 0.0}","{""bbox"": [839, 536, 254, 172], ""area"": 26875, ""angle_dev"": 0.49, ""solidity"": 0.654}",29,"[""likely_good_normal_candidate""]",f825bac8ec00dfdf245eaa6710527907,16782920115142053068
img_722.png,1920,1080,884570,187.0,1,"[799, 144, 334, 841]",0.1774,0.0995,0.25,False,False,0.616,"{""bbox"": [899, 164, 141, 91], ""area"": 11768, ""angle_dev"": 0.0}","{""bbox"": [839, 536, 254, 171], ""area"": 25354, ""angle_dev"": 0.25, ""solidity"": 0.616}",29,"[""likely_damaged_label""]",dfd7d510138378a968072b042bd42250,16782920115142053068
img_723.png,1920,1080,861867,185.4,1,"[798, 175, 336, 810]",0.1719,0.0907,0.0,False,False,0.853,"{""bbox"": [893, 195, 145, 83], ""area"": 10687, ""angle_dev"": 0.0}","{""bbox"": [838, 572, 256, 172], ""area"": 36248, ""angle_dev"": 0.0, ""solidity"": 0.853}",16,"[""likely_good_normal_candidate""]",20e52e2a6012f51693ce34565262b7b4,17935841619748902092
img_724.png,1920,1080,859717,187.0,1,"[799, 144, 333, 841]",0.1769,0.1005,0.0,False,False,0.663,"{""bbox"": [899, 164, 140, 92], ""area"": 11749, ""angle_dev"": 0.97}","{""bbox"": [839, 536, 253, 172], ""area"": 27377, ""angle_dev"": 0.0, ""solidity"": 0.663}",29,"[""likely_good_normal_candidate""]",f110bcf79960b8a7fed7846844a96283,16782920115142053068
img_725.png,1920,1080,816066,187.0,1,"[798, 144, 335, 841]",0.178,0.0995,0.24,False,False,0.619,"{""bbox"": [900, 164, 140, 91], ""area"": 11711, ""angle_dev"": 0.0}","{""bbox"": [838, 536, 255, 171], ""area"": 25524, ""angle_dev"": 0.24, ""solidity"": 0.619}",27,"[""likely_damaged_label""]",44330b4ab5f6430d1eff71b0bfadc722,16782920115142053068
img_726.png,1920,1080,889062,187.0,1,"[798, 144, 335, 841]",0.178,0.0995,0.24,False,False,0.621,"{""bbox"": [899, 164, 141, 91], ""area"": 11764, ""angle_dev"": 0.0}","{""bbox"": [838, 536, 255, 171], ""area"": 25569, ""angle_dev"": 0.24, ""solidity"": 0.621}",28,"[""likely_damaged_label""]",0f993d7477aebcb78cb1d048f9017999,16782920115142053068
img_727.png,1920,1080,1079135,186.0,1,"[792, 146, 329, 839]",0.1744,0.0984,1.51,False,False,0.905,"{""bbox"": [897, 166, 139, 90], ""area"": 11449, ""angle_dev"": 0.0}","{""bbox"": [832, 530, 249, 172], ""area"": 36353, ""angle_dev"": 1.51, ""solidity"": 0.905}",46,"[""candidate_black_marker_marking""]",ddb829f9f9b18b79c8ab1fcd63b4e5dd,16782919960523230412
img_728.png,1920,1080,874468,185.8,1,"[792, 146, 328, 839]",0.1738,0.1005,1.74,False,False,0.904,"{""bbox"": [896, 166, 140, 92], ""area"": 11491, ""angle_dev"": 1.64}","{""bbox"": [832, 529, 248, 173], ""area"": 36252, ""angle_dev"": 1.74, ""solidity"": 0.904}",43,"[""candidate_black_marker_marking""]",67dbf0d840ad9585ebfa8bb41e7cc779,16782919960523230412
img_729.png,1920,1080,837763,186.1,1,"[793, 146, 327, 839]",0.1733,0.1005,1.53,False,False,0.908,"{""bbox"": [897, 166, 138, 92], ""area"": 11512, ""angle_dev"": 0.0}","{""bbox"": [833, 530, 247, 173], ""area"": 36328, ""angle_dev"": 1.53, ""solidity"": 0.908}",43,"[""candidate_black_marker_marking""]",967e317033a5cc244f1ce0499a5ab9dc,16782919960523230412
img_730.png,1920,1080,756928,186.1,1,"[792, 146, 328, 839]",0.1738,0.1005,1.8,False,False,0.911,"{""bbox"": [897, 166, 138, 92], ""area"": 11526, ""angle_dev"": 0.0}","{""bbox"": [832, 530, 248, 173], ""area"": 36319, ""angle_dev"": 1.8, ""solidity"": 0.911}",42,"[""candidate_black_marker_marking""]",2dcda3c176b13270a3a8115ac480b620,16782919960523230412
img_731.png,1920,1080,681045,189.0,1,"[834, 141, 307, 844]",0.1637,0.106,0.0,False,False,0.712,"{""bbox"": [918, 161, 146, 97], ""area"": 12658, ""angle_dev"": 0.0}","{""bbox"": [874, 547, 227, 175], ""area"": 23830, ""angle_dev"": 0.0, ""solidity"": 0.712}",9,"[""likely_good_normal_candidate""]",5bf78d0c890df455082a97ed76c3c61f,16782920098501159116
img_732.png,1920,1080,764111,189.0,1,"[833, 141, 308, 844]",0.1642,0.106,0.0,False,False,0.713,"{""bbox"": [918, 161, 146, 97], ""area"": 12696, ""angle_dev"": 0.0}","{""bbox"": [873, 547, 228, 174], ""area"": 23841, ""angle_dev"": 0.0, ""solidity"": 0.713}",9,"[""likely_good_normal_candidate""]",765bf89f5404834f3ea88269e2aa281d,16782920098501159116
img_733.png,1920,1080,709941,189.0,1,"[834, 141, 308, 844]",0.1642,0.106,0.0,False,False,0.714,"{""bbox"": [918, 161, 146, 97], ""area"": 12852, ""angle_dev"": 0.0}","{""bbox"": [874, 547, 228, 174], ""area"": 23675, ""angle_dev"": 0.0, ""solidity"": 0.714}",10,"[""likely_good_normal_candidate""]",97d856136af30f4ced7ef0c15169fffc,16782920098501159116
